# Blender 4.4.3
# www.blender.org
mtllib tornado.mtl
o Cylinder
v 0.000000 -0.989806 -0.240838
v 0.000000 2.528563 -2.371476
v 0.062706 -0.989806 -0.232632
v 0.617449 2.528563 -2.290669
v 0.121138 -0.989806 -0.208572
v 1.192819 2.528563 -2.053758
v 0.171315 -0.989806 -0.170298
v 1.686901 2.528563 -1.676887
v 0.209818 -0.989806 -0.120419
v 2.066023 2.528563 -1.185738
v 0.234021 -0.989806 -0.062333
v 2.304349 2.528563 -0.613783
v 0.242276 -0.989806 0.000000
v 2.385638 2.528563 0.000000
v 0.234021 -0.989806 0.062334
v 2.304349 2.528563 0.613783
v 0.209818 -0.989806 0.120419
v 2.066023 2.528563 1.185738
v 0.171315 -0.989806 0.170298
v 1.686901 2.528563 1.676887
v 0.121138 -0.989806 0.208572
v 1.192819 2.528563 2.053758
v 0.062706 -0.989806 0.232632
v 0.617449 2.528563 2.290669
v 0.000000 -0.989806 0.240838
v 0.000000 2.528563 2.371476
v -0.062706 -0.989806 0.232632
v -0.617448 2.528563 2.290669
v -0.121138 -0.989806 0.208572
v -1.192819 2.528563 2.053758
v -0.171315 -0.989806 0.170298
v -1.686901 2.528563 1.676887
v -0.209818 -0.989806 0.120419
v -2.066023 2.528563 1.185738
v -0.234021 -0.989806 0.062334
v -2.304349 2.528563 0.613783
v -0.242276 -0.989806 0.000000
v -2.385638 2.528563 0.000000
v -0.234021 -0.989806 -0.062333
v -2.304349 2.528563 -0.613783
v -0.209818 -0.989806 -0.120419
v -2.066023 2.528563 -1.185738
v -0.171315 -0.989806 -0.170298
v -1.686901 2.528563 -1.676887
v -0.121138 -0.989806 -0.208572
v -1.192819 2.528563 -2.053758
v -0.062706 -0.989806 -0.232632
v -0.617448 2.528563 -2.290669
v 0.000000 -0.579054 -0.411310
v 0.000000 -0.221983 -0.566856
v 0.000000 0.121370 -0.728555
v 0.000000 0.487967 -0.911668
v 0.000000 0.858927 -1.106848
v 0.000000 1.235922 -1.322628
v 0.000000 1.610987 -1.600012
v 0.000000 2.032997 -1.935364
v 0.503901 2.032997 -1.869418
v 0.416587 1.610987 -1.545493
v 0.344366 1.235922 -1.277560
v 0.288184 0.858927 -1.069133
v 0.237366 0.487967 -0.880604
v 0.189690 0.121370 -0.703730
v 0.147589 -0.221983 -0.547540
v 0.107091 -0.579054 -0.397295
v 0.973461 2.032997 -1.676075
v 0.804784 1.610987 -1.385651
v 0.665263 1.235922 -1.145429
v 0.556729 0.858927 -0.958559
v 0.458556 0.487967 -0.789528
v 0.366453 0.121370 -0.630947
v 0.285120 -0.221983 -0.490911
v 0.206883 -0.579054 -0.356205
v 1.376682 2.032997 -1.368509
v 1.138136 1.610987 -1.131379
v 0.940824 1.235922 -0.935239
v 0.787334 0.858927 -0.782660
v 0.648497 0.487967 -0.644647
v 0.518243 0.121370 -0.515166
v 0.403221 -0.221983 -0.400827
v 0.292577 -0.579054 -0.290840
v 1.686084 2.032997 -0.967682
v 1.393926 1.610987 -0.800006
v 1.152270 1.235922 -0.661314
v 0.964283 0.858927 -0.553424
v 0.794243 0.487967 -0.455834
v 0.634715 0.121370 -0.364278
v 0.493843 -0.221983 -0.283428
v 0.358332 -0.579054 -0.205655
v 1.880582 2.032997 -0.500909
v 1.554723 1.610987 -0.414114
v 1.285190 1.235922 -0.342321
v 1.075518 0.858927 -0.286473
v 0.885863 0.487967 -0.235957
v 0.707933 0.121370 -0.188564
v 0.550810 -0.221983 -0.146713
v 0.399668 -0.579054 -0.106455
v 1.946922 2.032997 0.000000
v 1.609567 1.610987 0.000000
v 1.330526 1.235922 0.000000
v 1.113458 0.858927 0.000000
v 0.917113 0.487967 0.000000
v 0.732906 0.121370 0.000000
v 0.570241 -0.221983 0.000000
v 0.413767 -0.579054 0.000000
v 1.880582 2.032997 0.500909
v 1.554723 1.610987 0.414114
v 1.285190 1.235922 0.342321
v 1.075518 0.858927 0.286473
v 0.885863 0.487967 0.235957
v 0.707933 0.121370 0.188564
v 0.550810 -0.221983 0.146713
v 0.399668 -0.579054 0.106455
v 1.686084 2.032997 0.967682
v 1.393926 1.610987 0.800006
v 1.152270 1.235922 0.661314
v 0.964283 0.858927 0.553424
v 0.794243 0.487967 0.455834
v 0.634715 0.121370 0.364278
v 0.493843 -0.221983 0.283428
v 0.358332 -0.579054 0.205655
v 1.376682 2.032997 1.368509
v 1.138136 1.610987 1.131379
v 0.940824 1.235922 0.935239
v 0.787334 0.858927 0.782660
v 0.648497 0.487967 0.644647
v 0.518243 0.121370 0.515166
v 0.403221 -0.221983 0.400827
v 0.292577 -0.579054 0.290840
v 0.973461 2.032997 1.676075
v 0.804784 1.610987 1.385651
v 0.665263 1.235922 1.145429
v 0.556729 0.858927 0.958559
v 0.458556 0.487967 0.789528
v 0.366453 0.121370 0.630947
v 0.285120 -0.221983 0.490911
v 0.206883 -0.579054 0.356205
v 0.503901 2.032997 1.869418
v 0.416587 1.610987 1.545493
v 0.344366 1.235922 1.277560
v 0.288184 0.858927 1.069133
v 0.237366 0.487967 0.880604
v 0.189690 0.121370 0.703730
v 0.147589 -0.221983 0.547540
v 0.107091 -0.579054 0.397295
v 0.000000 2.032997 1.935364
v 0.000000 1.610987 1.600012
v 0.000000 1.235922 1.322628
v 0.000000 0.858927 1.106848
v 0.000000 0.487967 0.911668
v 0.000000 0.121370 0.728555
v 0.000000 -0.221983 0.566856
v 0.000000 -0.579054 0.411310
v -0.503901 2.032997 1.869418
v -0.416587 1.610987 1.545493
v -0.344366 1.235922 1.277560
v -0.288184 0.858927 1.069133
v -0.237366 0.487967 0.880604
v -0.189690 0.121370 0.703730
v -0.147589 -0.221983 0.547540
v -0.107091 -0.579054 0.397295
v -0.973461 2.032997 1.676075
v -0.804784 1.610987 1.385651
v -0.665263 1.235922 1.145429
v -0.556729 0.858927 0.958559
v -0.458556 0.487967 0.789528
v -0.366453 0.121370 0.630947
v -0.285120 -0.221983 0.490911
v -0.206883 -0.579054 0.356205
v -1.376682 2.032997 1.368509
v -1.138136 1.610987 1.131379
v -0.940824 1.235922 0.935239
v -0.787334 0.858927 0.782660
v -0.648497 0.487967 0.644647
v -0.518243 0.121370 0.515166
v -0.403221 -0.221983 0.400827
v -0.292577 -0.579054 0.290840
v -1.686084 2.032997 0.967682
v -1.393926 1.610987 0.800006
v -1.152270 1.235922 0.661314
v -0.964283 0.858927 0.553424
v -0.794243 0.487967 0.455834
v -0.634715 0.121370 0.364278
v -0.493843 -0.221983 0.283428
v -0.358332 -0.579054 0.205655
v -1.880582 2.032997 0.500909
v -1.554723 1.610987 0.414114
v -1.285190 1.235922 0.342321
v -1.075518 0.858927 0.286473
v -0.885863 0.487967 0.235957
v -0.707933 0.121370 0.188564
v -0.550810 -0.221983 0.146713
v -0.399668 -0.579054 0.106455
v -1.946922 2.032997 0.000000
v -1.609567 1.610987 0.000000
v -1.330526 1.235922 0.000000
v -1.113458 0.858927 0.000000
v -0.917113 0.487967 0.000000
v -0.732906 0.121370 0.000000
v -0.570241 -0.221983 0.000000
v -0.413767 -0.579054 0.000000
v -1.880582 2.032997 -0.500909
v -1.554723 1.610987 -0.414114
v -1.285190 1.235922 -0.342321
v -1.075518 0.858927 -0.286473
v -0.885863 0.487967 -0.235957
v -0.707933 0.121370 -0.188564
v -0.550810 -0.221983 -0.146713
v -0.399668 -0.579054 -0.106455
v -1.686084 2.032997 -0.967682
v -1.393926 1.610987 -0.800006
v -1.152270 1.235922 -0.661314
v -0.964283 0.858927 -0.553424
v -0.794243 0.487967 -0.455834
v -0.634715 0.121370 -0.364278
v -0.493843 -0.221983 -0.283428
v -0.358332 -0.579054 -0.205655
v -1.376682 2.032997 -1.368509
v -1.138136 1.610987 -1.131379
v -0.940824 1.235922 -0.935239
v -0.787334 0.858927 -0.782660
v -0.648497 0.487967 -0.644647
v -0.518243 0.121370 -0.515166
v -0.403221 -0.221983 -0.400827
v -0.292577 -0.579054 -0.290840
v -0.973461 2.032997 -1.676075
v -0.804784 1.610987 -1.385651
v -0.665263 1.235922 -1.145429
v -0.556729 0.858927 -0.958559
v -0.458556 0.487967 -0.789528
v -0.366453 0.121370 -0.630947
v -0.285120 -0.221983 -0.490911
v -0.206883 -0.579054 -0.356205
v -0.503901 2.032997 -1.869418
v -0.416587 1.610987 -1.545493
v -0.344366 1.235922 -1.277560
v -0.288184 0.858927 -1.069133
v -0.237366 0.487967 -0.880604
v -0.189690 0.121370 -0.703730
v -0.147589 -0.221983 -0.547540
v -0.107091 -0.579054 -0.397295
v 0.000000 -1.110258 -0.441511
v 0.114954 -1.110258 -0.426467
v 0.222074 -1.110258 -0.382360
v 0.314060 -1.110258 -0.312195
v 0.384643 -1.110258 -0.220755
v 0.429014 -1.110258 -0.114271
v 0.444148 -1.110258 0.000000
v 0.429014 -1.110258 0.114271
v 0.384643 -1.110258 0.220755
v 0.314060 -1.110258 0.312195
v 0.222074 -1.110258 0.382360
v 0.114954 -1.110258 0.426467
v 0.000000 -1.110258 0.441511
v -0.114954 -1.110258 0.426467
v -0.222074 -1.110258 0.382360
v -0.314060 -1.110258 0.312195
v -0.384643 -1.110258 0.220755
v -0.429014 -1.110258 0.114271
v -0.444148 -1.110258 0.000000
v -0.429014 -1.110258 -0.114271
v -0.384643 -1.110258 -0.220755
v -0.314060 -1.110258 -0.312195
v -0.222074 -1.110258 -0.382360
v -0.114954 -1.110258 -0.426467
v 0.000000 -1.247938 -0.623923
v 0.162447 -1.247938 -0.602663
v 0.313824 -1.247938 -0.540333
v 0.443815 -1.247938 -0.441180
v 0.543560 -1.247938 -0.311961
v 0.606262 -1.247938 -0.161483
v 0.627649 -1.247938 0.000000
v 0.606262 -1.247938 0.161483
v 0.543560 -1.247938 0.311961
v 0.443815 -1.247938 0.441180
v 0.313824 -1.247938 0.540333
v 0.162447 -1.247938 0.602663
v 0.000000 -1.247938 0.623923
v -0.162447 -1.247938 0.602663
v -0.313824 -1.247938 0.540333
v -0.443815 -1.247938 0.441180
v -0.543560 -1.247938 0.311961
v -0.606262 -1.247938 0.161483
v -0.627649 -1.247938 0.000000
v -0.606262 -1.247938 -0.161483
v -0.543560 -1.247938 -0.311961
v -0.443815 -1.247938 -0.441180
v -0.313824 -1.247938 -0.540333
v -0.162447 -1.247938 -0.602663
vn -0.0000 0.3304 -0.9439
vn -0.0000 -0.6606 -0.7507
vn 0.2428 0.3304 -0.9121
vn 0.1933 -0.6608 -0.7252
vn 0.4697 0.3305 -0.8187
vn 0.3737 -0.6612 -0.6505
vn 0.6652 0.3306 -0.6695
vn 0.5288 -0.6617 -0.5315
vn 0.8160 0.3307 -0.4741
vn 0.6480 -0.6623 -0.3761
vn 0.9111 0.3308 -0.2457
vn 0.7231 -0.6627 -0.1948
vn 0.9437 0.3309 -0.0000
vn 0.7487 -0.6629 -0.0000
vn 0.9111 0.3308 0.2457
vn 0.7231 -0.6627 0.1948
vn 0.8160 0.3307 0.4741
vn 0.6480 -0.6623 0.3761
vn 0.6652 0.3306 0.6695
vn 0.5288 -0.6617 0.5315
vn 0.4697 0.3305 0.8187
vn 0.3737 -0.6612 0.6505
vn 0.2428 0.3304 0.9121
vn 0.1933 -0.6608 0.7252
vn -0.0000 0.3304 0.9439
vn -0.0000 -0.6606 0.7507
vn -0.2428 0.3304 0.9121
vn -0.1933 -0.6608 0.7252
vn -0.4697 0.3305 0.8187
vn -0.3737 -0.6612 0.6505
vn -0.6652 0.3306 0.6695
vn -0.5288 -0.6617 0.5315
vn -0.8160 0.3307 0.4741
vn -0.6480 -0.6623 0.3761
vn -0.9111 0.3308 0.2457
vn -0.7231 -0.6627 0.1948
vn -0.9437 0.3309 -0.0000
vn -0.7487 -0.6629 -0.0000
vn -0.9111 0.3308 -0.2457
vn -0.7231 -0.6627 -0.1948
vn -0.8160 0.3307 -0.4741
vn -0.6480 -0.6623 -0.3761
vn -0.6652 0.3306 -0.6695
vn -0.5288 -0.6617 -0.5315
vn -0.4697 0.3305 -0.8187
vn -0.3737 -0.6612 -0.6505
vn -0.2428 0.3304 -0.9121
vn -0.1933 -0.6608 -0.7252
vn -0.0000 -0.3916 -0.9201
vn -0.0000 -0.4132 -0.9106
vn -0.0000 -0.4369 -0.8995
vn -0.0000 -0.4566 -0.8897
vn -0.0000 -0.4819 -0.8762
vn -0.0000 -0.5488 -0.8359
vn -0.0000 -0.6092 -0.7930
vn -0.0000 -0.6426 -0.7662
vn 0.1972 -0.6428 -0.7402
vn 0.2041 -0.6093 -0.7662
vn 0.2152 -0.5490 -0.8077
vn 0.2255 -0.4820 -0.8466
vn 0.2290 -0.4568 -0.8596
vn 0.2315 -0.4370 -0.8691
vn 0.2344 -0.4134 -0.8799
vn 0.2368 -0.3918 -0.8891
vn 0.3812 -0.6432 -0.6641
vn 0.3946 -0.6097 -0.6874
vn 0.4159 -0.5494 -0.7247
vn 0.4361 -0.4824 -0.7597
vn 0.4428 -0.4572 -0.7713
vn 0.4477 -0.4374 -0.7799
vn 0.4532 -0.4137 -0.7896
vn 0.4580 -0.3921 -0.7978
vn 0.5395 -0.6437 -0.5427
vn 0.5585 -0.6103 -0.5618
vn 0.5888 -0.5500 -0.5923
vn 0.6174 -0.4830 -0.6210
vn 0.6269 -0.4577 -0.6305
vn 0.6339 -0.4379 -0.6375
vn 0.6417 -0.4142 -0.6454
vn 0.6484 -0.3926 -0.6522
vn 0.6613 -0.6443 -0.3841
vn 0.6847 -0.6109 -0.3976
vn 0.7219 -0.5506 -0.4192
vn 0.7569 -0.4835 -0.4396
vn 0.7686 -0.4582 -0.4463
vn 0.7772 -0.4384 -0.4513
vn 0.7869 -0.4147 -0.4569
vn 0.7951 -0.3931 -0.4617
vn 0.7381 -0.6447 -0.1989
vn 0.7641 -0.6113 -0.2059
vn 0.8058 -0.5510 -0.2172
vn 0.8449 -0.4840 -0.2277
vn 0.8580 -0.4586 -0.2312
vn 0.8676 -0.4388 -0.2338
vn 0.8784 -0.4151 -0.2367
vn 0.8877 -0.3935 -0.2392
vn 0.7643 -0.6449 -0.0000
vn 0.7913 -0.6115 -0.0000
vn 0.8344 -0.5511 -0.0000
vn 0.8750 -0.4841 -0.0000
vn 0.8885 -0.4588 -0.0000
vn 0.8985 -0.4390 -0.0000
vn 0.9097 -0.4153 -0.0000
vn 0.9193 -0.3936 -0.0000
vn 0.7381 -0.6447 0.1989
vn 0.7641 -0.6113 0.2059
vn 0.8058 -0.5510 0.2172
vn 0.8449 -0.4840 0.2277
vn 0.8580 -0.4586 0.2312
vn 0.8676 -0.4388 0.2338
vn 0.8784 -0.4151 0.2367
vn 0.8877 -0.3935 0.2392
vn 0.6613 -0.6443 0.3841
vn 0.6847 -0.6109 0.3976
vn 0.7219 -0.5506 0.4192
vn 0.7569 -0.4835 0.4396
vn 0.7686 -0.4582 0.4463
vn 0.7772 -0.4384 0.4513
vn 0.7869 -0.4147 0.4569
vn 0.7951 -0.3931 0.4617
vn 0.5395 -0.6437 0.5427
vn 0.5585 -0.6103 0.5618
vn 0.5888 -0.5500 0.5923
vn 0.6174 -0.4830 0.6210
vn 0.6269 -0.4577 0.6305
vn 0.6339 -0.4379 0.6375
vn 0.6417 -0.4142 0.6454
vn 0.6484 -0.3926 0.6522
vn 0.3812 -0.6432 0.6641
vn 0.3946 -0.6097 0.6874
vn 0.4159 -0.5494 0.7247
vn 0.4361 -0.4824 0.7597
vn 0.4428 -0.4572 0.7713
vn 0.4477 -0.4374 0.7799
vn 0.4532 -0.4137 0.7896
vn 0.4580 -0.3921 0.7978
vn 0.1972 -0.6428 0.7402
vn 0.2041 -0.6093 0.7662
vn 0.2152 -0.5490 0.8077
vn 0.2255 -0.4820 0.8466
vn 0.2290 -0.4568 0.8596
vn 0.2315 -0.4370 0.8691
vn 0.2344 -0.4134 0.8799
vn 0.2368 -0.3918 0.8891
vn -0.0000 -0.6426 0.7662
vn -0.0000 -0.6092 0.7930
vn -0.0000 -0.5488 0.8359
vn -0.0000 -0.4819 0.8762
vn -0.0000 -0.4566 0.8897
vn -0.0000 -0.4369 0.8995
vn -0.0000 -0.4132 0.9106
vn -0.0000 -0.3916 0.9201
vn -0.1972 -0.6428 0.7402
vn -0.2041 -0.6093 0.7662
vn -0.2152 -0.5490 0.8077
vn -0.2255 -0.4820 0.8466
vn -0.2290 -0.4568 0.8596
vn -0.2315 -0.4370 0.8691
vn -0.2344 -0.4133 0.8799
vn -0.2368 -0.3918 0.8891
vn -0.3812 -0.6432 0.6641
vn -0.3946 -0.6097 0.6874
vn -0.4159 -0.5494 0.7247
vn -0.4361 -0.4824 0.7597
vn -0.4428 -0.4572 0.7713
vn -0.4477 -0.4374 0.7799
vn -0.4532 -0.4137 0.7896
vn -0.4580 -0.3921 0.7978
vn -0.5395 -0.6437 0.5427
vn -0.5585 -0.6103 0.5618
vn -0.5888 -0.5500 0.5923
vn -0.6174 -0.4830 0.6210
vn -0.6269 -0.4577 0.6305
vn -0.6339 -0.4379 0.6375
vn -0.6417 -0.4142 0.6454
vn -0.6484 -0.3926 0.6522
vn -0.6613 -0.6443 0.3841
vn -0.6847 -0.6109 0.3976
vn -0.7219 -0.5506 0.4192
vn -0.7569 -0.4835 0.4396
vn -0.7686 -0.4582 0.4463
vn -0.7772 -0.4384 0.4513
vn -0.7869 -0.4147 0.4569
vn -0.7951 -0.3931 0.4617
vn -0.7381 -0.6447 0.1989
vn -0.7641 -0.6113 0.2059
vn -0.8058 -0.5510 0.2172
vn -0.8449 -0.4840 0.2277
vn -0.8580 -0.4586 0.2312
vn -0.8676 -0.4388 0.2338
vn -0.8784 -0.4151 0.2367
vn -0.8877 -0.3935 0.2392
vn -0.7643 -0.6449 -0.0000
vn -0.7913 -0.6115 -0.0000
vn -0.8344 -0.5511 -0.0000
vn -0.8750 -0.4841 -0.0000
vn -0.8885 -0.4588 -0.0000
vn -0.8985 -0.4390 -0.0000
vn -0.9097 -0.4153 -0.0000
vn -0.9193 -0.3936 -0.0000
vn -0.7381 -0.6447 -0.1989
vn -0.7641 -0.6113 -0.2059
vn -0.8058 -0.5510 -0.2172
vn -0.8449 -0.4840 -0.2277
vn -0.8580 -0.4586 -0.2312
vn -0.8676 -0.4388 -0.2338
vn -0.8784 -0.4151 -0.2367
vn -0.8877 -0.3935 -0.2392
vn -0.6613 -0.6443 -0.3841
vn -0.6847 -0.6109 -0.3976
vn -0.7219 -0.5506 -0.4192
vn -0.7569 -0.4835 -0.4396
vn -0.7686 -0.4582 -0.4463
vn -0.7772 -0.4384 -0.4513
vn -0.7869 -0.4147 -0.4569
vn -0.7951 -0.3931 -0.4617
vn -0.5395 -0.6437 -0.5427
vn -0.5585 -0.6103 -0.5618
vn -0.5888 -0.5500 -0.5923
vn -0.6174 -0.4830 -0.6210
vn -0.6269 -0.4577 -0.6305
vn -0.6339 -0.4379 -0.6375
vn -0.6417 -0.4142 -0.6454
vn -0.6484 -0.3926 -0.6522
vn -0.3812 -0.6432 -0.6641
vn -0.3946 -0.6097 -0.6874
vn -0.4159 -0.5494 -0.7247
vn -0.4361 -0.4824 -0.7597
vn -0.4428 -0.4572 -0.7713
vn -0.4477 -0.4374 -0.7799
vn -0.4532 -0.4137 -0.7896
vn -0.4580 -0.3921 -0.7978
vn -0.1972 -0.6428 -0.7402
vn -0.2041 -0.6093 -0.7662
vn -0.2152 -0.5490 -0.8077
vn -0.2255 -0.4820 -0.8466
vn -0.2290 -0.4568 -0.8596
vn -0.2315 -0.4370 -0.8691
vn -0.2344 -0.4134 -0.8799
vn -0.2368 -0.3918 -0.8891
vn -0.0000 0.8269 -0.5623
vn 0.1447 0.8270 -0.5432
vn 0.2796 0.8273 -0.4872
vn 0.3957 0.8277 -0.3980
vn 0.4848 0.8281 -0.2816
vn 0.5409 0.8283 -0.1458
vn 0.5601 0.8284 -0.0000
vn 0.5409 0.8283 0.1458
vn 0.4848 0.8281 0.2816
vn 0.3957 0.8277 0.3980
vn 0.2796 0.8273 0.4872
vn 0.1447 0.8270 0.5432
vn -0.0000 0.8269 0.5623
vn -0.1447 0.8270 0.5432
vn -0.2796 0.8273 0.4872
vn -0.3957 0.8277 0.3980
vn -0.4848 0.8281 0.2816
vn -0.5409 0.8283 0.1458
vn -0.5601 0.8284 -0.0000
vn -0.5409 0.8283 -0.1458
vn -0.4848 0.8281 -0.2816
vn -0.3957 0.8277 -0.3980
vn -0.2796 0.8273 -0.4872
vn -0.1447 0.8270 -0.5432
vn -0.0000 0.7982 -0.6024
vn 0.1552 0.7983 -0.5820
vn 0.2998 0.7986 -0.5219
vn 0.4241 0.7990 -0.4263
vn 0.5196 0.7995 -0.3015
vn 0.5797 0.7998 -0.1561
vn 0.6002 0.7999 -0.0000
vn 0.5797 0.7998 0.1561
vn 0.5196 0.7995 0.3015
vn 0.4241 0.7990 0.4263
vn 0.2998 0.7986 0.5219
vn 0.1552 0.7983 0.5820
vn -0.0000 0.7982 0.6024
vn -0.1552 0.7983 0.5820
vn -0.2998 0.7986 0.5219
vn -0.4241 0.7990 0.4263
vn -0.5196 0.7995 0.3015
vn -0.5797 0.7998 0.1561
vn -0.6002 0.7999 -0.0000
vn -0.5797 0.7998 -0.1561
vn -0.5196 0.7995 -0.3015
vn -0.4241 0.7990 -0.4263
vn -0.2998 0.7986 -0.5219
vn -0.1552 0.7983 -0.5820
vt 1.000000 0.888889
vt 1.000000 1.000000
vt 0.958333 1.000000
vt 0.958333 0.888889
vt 0.916667 1.000000
vt 0.916667 0.888889
vt 0.875000 1.000000
vt 0.875000 0.888889
vt 0.833333 1.000000
vt 0.833333 0.888889
vt 0.791667 1.000000
vt 0.791667 0.888889
vt 0.750000 1.000000
vt 0.750000 0.888889
vt 0.708333 1.000000
vt 0.708333 0.888889
vt 0.666667 1.000000
vt 0.666667 0.888889
vt 0.625000 1.000000
vt 0.625000 0.888889
vt 0.583333 1.000000
vt 0.583333 0.888889
vt 0.541666 1.000000
vt 0.541666 0.888889
vt 0.500000 1.000000
vt 0.500000 0.888889
vt 0.458333 1.000000
vt 0.458333 0.888889
vt 0.416666 1.000000
vt 0.416666 0.888889
vt 0.375000 1.000000
vt 0.375000 0.888889
vt 0.333333 1.000000
vt 0.333333 0.888889
vt 0.291667 1.000000
vt 0.291667 0.888889
vt 0.250000 1.000000
vt 0.250000 0.888889
vt 0.208333 1.000000
vt 0.208333 0.888889
vt 0.166666 1.000000
vt 0.166667 0.888889
vt 0.125000 1.000000
vt 0.125000 0.888889
vt 0.083333 1.000000
vt 0.083333 0.888889
vt 0.041666 1.000000
vt 0.041666 0.888889
vt -0.000000 1.000000
vt -0.000000 0.888889
vt 0.041666 0.000000
vt 0.041666 0.111111
vt -0.000000 0.111111
vt -0.000000 0.000000
vt 0.041666 0.222222
vt -0.000000 0.222222
vt 0.041666 0.333333
vt -0.000000 0.333333
vt 0.041666 0.444444
vt -0.000000 0.444444
vt 0.041666 0.555556
vt -0.000000 0.555556
vt 0.041666 0.666667
vt -0.000000 0.666667
vt 0.041666 0.777778
vt -0.000000 0.777778
vt 0.083333 0.000000
vt 0.083333 0.111111
vt 0.083333 0.222222
vt 0.083333 0.333333
vt 0.083333 0.444444
vt 0.083333 0.555556
vt 0.083333 0.666667
vt 0.083333 0.777778
vt 0.125000 0.000000
vt 0.125000 0.111111
vt 0.125000 0.222222
vt 0.125000 0.333333
vt 0.125000 0.444444
vt 0.125000 0.555556
vt 0.125000 0.666667
vt 0.125000 0.777778
vt 0.166666 0.000000
vt 0.166666 0.111111
vt 0.166666 0.222222
vt 0.166666 0.333333
vt 0.166666 0.444444
vt 0.166666 0.555556
vt 0.166667 0.666667
vt 0.166667 0.777778
vt 0.208333 0.000000
vt 0.208333 0.111111
vt 0.208333 0.222222
vt 0.208333 0.333333
vt 0.208333 0.444444
vt 0.208333 0.555556
vt 0.208333 0.666667
vt 0.208333 0.777778
vt 0.250000 0.000000
vt 0.250000 0.111111
vt 0.250000 0.222222
vt 0.250000 0.333333
vt 0.250000 0.444444
vt 0.250000 0.555556
vt 0.250000 0.666667
vt 0.250000 0.777778
vt 0.291667 0.000000
vt 0.291667 0.111111
vt 0.291667 0.222222
vt 0.291667 0.333333
vt 0.291667 0.444444
vt 0.291667 0.555556
vt 0.291667 0.666667
vt 0.291667 0.777778
vt 0.333333 0.000000
vt 0.333333 0.111111
vt 0.333333 0.222222
vt 0.333333 0.333333
vt 0.333333 0.444444
vt 0.333333 0.555555
vt 0.333333 0.666667
vt 0.333333 0.777778
vt 0.375000 0.000000
vt 0.375000 0.111111
vt 0.375000 0.222222
vt 0.375000 0.333333
vt 0.375000 0.444444
vt 0.375000 0.555556
vt 0.375000 0.666667
vt 0.375000 0.777778
vt 0.416666 0.000000
vt 0.416667 0.111111
vt 0.416666 0.222222
vt 0.416667 0.333333
vt 0.416667 0.444444
vt 0.416666 0.555556
vt 0.416666 0.666667
vt 0.416667 0.777778
vt 0.458333 0.000000
vt 0.458333 0.111111
vt 0.458333 0.222222
vt 0.458333 0.333333
vt 0.458333 0.444444
vt 0.458333 0.555556
vt 0.458333 0.666667
vt 0.458333 0.777778
vt 0.500000 0.000000
vt 0.500000 0.111111
vt 0.500000 0.222222
vt 0.500000 0.333333
vt 0.500000 0.444444
vt 0.500000 0.555556
vt 0.500000 0.666667
vt 0.500000 0.777778
vt 0.541666 0.000000
vt 0.541667 0.111111
vt 0.541666 0.222222
vt 0.541666 0.333333
vt 0.541666 0.444444
vt 0.541666 0.555556
vt 0.541666 0.666667
vt 0.541666 0.777778
vt 0.583333 0.000000
vt 0.583333 0.111111
vt 0.583333 0.222222
vt 0.583333 0.333333
vt 0.583333 0.444444
vt 0.583333 0.555556
vt 0.583333 0.666667
vt 0.583333 0.777778
vt 0.625000 0.000000
vt 0.625000 0.111111
vt 0.625000 0.222222
vt 0.625000 0.333333
vt 0.625000 0.444444
vt 0.625000 0.555556
vt 0.625000 0.666667
vt 0.625000 0.777778
vt 0.666667 0.000000
vt 0.666667 0.111111
vt 0.666667 0.222222
vt 0.666667 0.333333
vt 0.666667 0.444444
vt 0.666667 0.555556
vt 0.666667 0.666667
vt 0.666667 0.777778
vt 0.708333 0.000000
vt 0.708333 0.111111
vt 0.708333 0.222222
vt 0.708333 0.333333
vt 0.708333 0.444444
vt 0.708333 0.555556
vt 0.708333 0.666667
vt 0.708333 0.777778
vt 0.750000 0.000000
vt 0.750000 0.111111
vt 0.750000 0.222222
vt 0.750000 0.333333
vt 0.750000 0.444444
vt 0.750000 0.555556
vt 0.750000 0.666667
vt 0.750000 0.777778
vt 0.791667 0.000000
vt 0.791667 0.111111
vt 0.791667 0.222222
vt 0.791667 0.333333
vt 0.791667 0.444444
vt 0.791667 0.555556
vt 0.791667 0.666667
vt 0.791667 0.777778
vt 0.833333 0.000000
vt 0.833333 0.111111
vt 0.833333 0.222222
vt 0.833333 0.333333
vt 0.833333 0.444444
vt 0.833333 0.555556
vt 0.833333 0.666667
vt 0.833333 0.777778
vt 0.875000 0.000000
vt 0.875000 0.111111
vt 0.875000 0.222222
vt 0.875000 0.333333
vt 0.875000 0.444444
vt 0.875000 0.555556
vt 0.875000 0.666667
vt 0.875000 0.777778
vt 0.916667 0.000000
vt 0.916667 0.111111
vt 0.916667 0.222222
vt 0.916667 0.333333
vt 0.916667 0.444444
vt 0.916667 0.555556
vt 0.916667 0.666667
vt 0.916667 0.777778
vt 0.958333 0.000000
vt 0.958333 0.111111
vt 0.958333 0.222222
vt 0.958333 0.333333
vt 0.958333 0.444444
vt 0.958333 0.555556
vt 0.958333 0.666667
vt 0.958333 0.777778
vt 1.000000 0.000000
vt 1.000000 0.111111
vt 1.000000 0.222222
vt 1.000000 0.333333
vt 1.000000 0.444444
vt 1.000000 0.555556
vt 1.000000 0.666667
vt 1.000000 0.777778
s 1
f 56/1/56 2/2/2 4/3/4 57/4/57
f 57/4/57 4/3/4 6/5/6 65/6/65
f 65/6/65 6/5/6 8/7/8 73/8/73
f 73/8/73 8/7/8 10/9/10 81/10/81
f 81/10/81 10/9/10 12/11/12 89/12/89
f 89/12/89 12/11/12 14/13/14 97/14/97
f 97/14/97 14/13/14 16/15/16 105/16/105
f 105/16/105 16/15/16 18/17/18 113/18/113
f 113/18/113 18/17/18 20/19/20 121/20/121
f 121/20/121 20/19/20 22/21/22 129/22/129
f 129/22/129 22/21/22 24/23/24 137/24/137
f 137/24/137 24/23/24 26/25/26 145/26/145
f 145/26/145 26/25/26 28/27/28 153/28/153
f 153/28/153 28/27/28 30/29/30 161/30/161
f 161/30/161 30/29/30 32/31/32 169/32/169
f 169/32/169 32/31/32 34/33/34 177/34/177
f 177/34/177 34/33/34 36/35/36 185/36/185
f 185/36/185 36/35/36 38/37/38 193/38/193
f 193/38/193 38/37/38 40/39/40 201/40/201
f 201/40/201 40/39/40 42/41/42 209/42/209
f 209/42/209 42/41/42 44/43/44 217/44/217
f 217/44/217 44/43/44 46/45/46 225/46/225
f 225/46/225 46/45/46 48/47/48 233/48/233
f 233/48/233 48/47/48 2/49/2 56/50/56
f 47/51/47 240/52/240 49/53/49 1/54/1
f 240/52/240 239/55/239 50/56/50 49/53/49
f 239/55/239 238/57/238 51/58/51 50/56/50
f 238/57/238 237/59/237 52/60/52 51/58/51
f 237/59/237 236/61/236 53/62/53 52/60/52
f 236/61/236 235/63/235 54/64/54 53/62/53
f 235/63/235 234/65/234 55/66/55 54/64/54
f 234/65/234 233/48/233 56/50/56 55/66/55
f 45/67/45 232/68/232 240/52/240 47/51/47
f 232/68/232 231/69/231 239/55/239 240/52/240
f 231/69/231 230/70/230 238/57/238 239/55/239
f 230/70/230 229/71/229 237/59/237 238/57/238
f 229/71/229 228/72/228 236/61/236 237/59/237
f 228/72/228 227/73/227 235/63/235 236/61/236
f 227/73/227 226/74/226 234/65/234 235/63/235
f 226/74/226 225/46/225 233/48/233 234/65/234
f 43/75/43 224/76/224 232/68/232 45/67/45
f 224/76/224 223/77/223 231/69/231 232/68/232
f 223/77/223 222/78/222 230/70/230 231/69/231
f 222/78/222 221/79/221 229/71/229 230/70/230
f 221/79/221 220/80/220 228/72/228 229/71/229
f 220/80/220 219/81/219 227/73/227 228/72/228
f 219/81/219 218/82/218 226/74/226 227/73/227
f 218/82/218 217/44/217 225/46/225 226/74/226
f 41/83/41 216/84/216 224/76/224 43/75/43
f 216/84/216 215/85/215 223/77/223 224/76/224
f 215/85/215 214/86/214 222/78/222 223/77/223
f 214/86/214 213/87/213 221/79/221 222/78/222
f 213/87/213 212/88/212 220/80/220 221/79/221
f 212/88/212 211/89/211 219/81/219 220/80/220
f 211/89/211 210/90/210 218/82/218 219/81/219
f 210/90/210 209/42/209 217/44/217 218/82/218
f 39/91/39 208/92/208 216/84/216 41/83/41
f 208/92/208 207/93/207 215/85/215 216/84/216
f 207/93/207 206/94/206 214/86/214 215/85/215
f 206/94/206 205/95/205 213/87/213 214/86/214
f 205/95/205 204/96/204 212/88/212 213/87/213
f 204/96/204 203/97/203 211/89/211 212/88/212
f 203/97/203 202/98/202 210/90/210 211/89/211
f 202/98/202 201/40/201 209/42/209 210/90/210
f 37/99/37 200/100/200 208/92/208 39/91/39
f 200/100/200 199/101/199 207/93/207 208/92/208
f 199/101/199 198/102/198 206/94/206 207/93/207
f 198/102/198 197/103/197 205/95/205 206/94/206
f 197/103/197 196/104/196 204/96/204 205/95/205
f 196/104/196 195/105/195 203/97/203 204/96/204
f 195/105/195 194/106/194 202/98/202 203/97/203
f 194/106/194 193/38/193 201/40/201 202/98/202
f 35/107/35 192/108/192 200/100/200 37/99/37
f 192/108/192 191/109/191 199/101/199 200/100/200
f 191/109/191 190/110/190 198/102/198 199/101/199
f 190/110/190 189/111/189 197/103/197 198/102/198
f 189/111/189 188/112/188 196/104/196 197/103/197
f 188/112/188 187/113/187 195/105/195 196/104/196
f 187/113/187 186/114/186 194/106/194 195/105/195
f 186/114/186 185/36/185 193/38/193 194/106/194
f 33/115/33 184/116/184 192/108/192 35/107/35
f 184/116/184 183/117/183 191/109/191 192/108/192
f 183/117/183 182/118/182 190/110/190 191/109/191
f 182/118/182 181/119/181 189/111/189 190/110/190
f 181/119/181 180/120/180 188/112/188 189/111/189
f 180/120/180 179/121/179 187/113/187 188/112/188
f 179/121/179 178/122/178 186/114/186 187/113/187
f 178/122/178 177/34/177 185/36/185 186/114/186
f 31/123/31 176/124/176 184/116/184 33/115/33
f 176/124/176 175/125/175 183/117/183 184/116/184
f 175/125/175 174/126/174 182/118/182 183/117/183
f 174/126/174 173/127/173 181/119/181 182/118/182
f 173/127/173 172/128/172 180/120/180 181/119/181
f 172/128/172 171/129/171 179/121/179 180/120/180
f 171/129/171 170/130/170 178/122/178 179/121/179
f 170/130/170 169/32/169 177/34/177 178/122/178
f 29/131/29 168/132/168 176/124/176 31/123/31
f 168/132/168 167/133/167 175/125/175 176/124/176
f 167/133/167 166/134/166 174/126/174 175/125/175
f 166/134/166 165/135/165 173/127/173 174/126/174
f 165/135/165 164/136/164 172/128/172 173/127/173
f 164/136/164 163/137/163 171/129/171 172/128/172
f 163/137/163 162/138/162 170/130/170 171/129/171
f 162/138/162 161/30/161 169/32/169 170/130/170
f 27/139/27 160/140/160 168/132/168 29/131/29
f 160/140/160 159/141/159 167/133/167 168/132/168
f 159/141/159 158/142/158 166/134/166 167/133/167
f 158/142/158 157/143/157 165/135/165 166/134/166
f 157/143/157 156/144/156 164/136/164 165/135/165
f 156/144/156 155/145/155 163/137/163 164/136/164
f 155/145/155 154/146/154 162/138/162 163/137/163
f 154/146/154 153/28/153 161/30/161 162/138/162
f 25/147/25 152/148/152 160/140/160 27/139/27
f 152/148/152 151/149/151 159/141/159 160/140/160
f 151/149/151 150/150/150 158/142/158 159/141/159
f 150/150/150 149/151/149 157/143/157 158/142/158
f 149/151/149 148/152/148 156/144/156 157/143/157
f 148/152/148 147/153/147 155/145/155 156/144/156
f 147/153/147 146/154/146 154/146/154 155/145/155
f 146/154/146 145/26/145 153/28/153 154/146/154
f 23/155/23 144/156/144 152/148/152 25/147/25
f 144/156/144 143/157/143 151/149/151 152/148/152
f 143/157/143 142/158/142 150/150/150 151/149/151
f 142/158/142 141/159/141 149/151/149 150/150/150
f 141/159/141 140/160/140 148/152/148 149/151/149
f 140/160/140 139/161/139 147/153/147 148/152/148
f 139/161/139 138/162/138 146/154/146 147/153/147
f 138/162/138 137/24/137 145/26/145 146/154/146
f 21/163/21 136/164/136 144/156/144 23/155/23
f 136/164/136 135/165/135 143/157/143 144/156/144
f 135/165/135 134/166/134 142/158/142 143/157/143
f 134/166/134 133/167/133 141/159/141 142/158/142
f 133/167/133 132/168/132 140/160/140 141/159/141
f 132/168/132 131/169/131 139/161/139 140/160/140
f 131/169/131 130/170/130 138/162/138 139/161/139
f 130/170/130 129/22/129 137/24/137 138/162/138
f 19/171/19 128/172/128 136/164/136 21/163/21
f 128/172/128 127/173/127 135/165/135 136/164/136
f 127/173/127 126/174/126 134/166/134 135/165/135
f 126/174/126 125/175/125 133/167/133 134/166/134
f 125/175/125 124/176/124 132/168/132 133/167/133
f 124/176/124 123/177/123 131/169/131 132/168/132
f 123/177/123 122/178/122 130/170/130 131/169/131
f 122/178/122 121/20/121 129/22/129 130/170/130
f 17/179/17 120/180/120 128/172/128 19/171/19
f 120/180/120 119/181/119 127/173/127 128/172/128
f 119/181/119 118/182/118 126/174/126 127/173/127
f 118/182/118 117/183/117 125/175/125 126/174/126
f 117/183/117 116/184/116 124/176/124 125/175/125
f 116/184/116 115/185/115 123/177/123 124/176/124
f 115/185/115 114/186/114 122/178/122 123/177/123
f 114/186/114 113/18/113 121/20/121 122/178/122
f 15/187/15 112/188/112 120/180/120 17/179/17
f 112/188/112 111/189/111 119/181/119 120/180/120
f 111/189/111 110/190/110 118/182/118 119/181/119
f 110/190/110 109/191/109 117/183/117 118/182/118
f 109/191/109 108/192/108 116/184/116 117/183/117
f 108/192/108 107/193/107 115/185/115 116/184/116
f 107/193/107 106/194/106 114/186/114 115/185/115
f 106/194/106 105/16/105 113/18/113 114/186/114
f 13/195/13 104/196/104 112/188/112 15/187/15
f 104/196/104 103/197/103 111/189/111 112/188/112
f 103/197/103 102/198/102 110/190/110 111/189/111
f 102/198/102 101/199/101 109/191/109 110/190/110
f 101/199/101 100/200/100 108/192/108 109/191/109
f 100/200/100 99/201/99 107/193/107 108/192/108
f 99/201/99 98/202/98 106/194/106 107/193/107
f 98/202/98 97/14/97 105/16/105 106/194/106
f 11/203/11 96/204/96 104/196/104 13/195/13
f 96/204/96 95/205/95 103/197/103 104/196/104
f 95/205/95 94/206/94 102/198/102 103/197/103
f 94/206/94 93/207/93 101/199/101 102/198/102
f 93/207/93 92/208/92 100/200/100 101/199/101
f 92/208/92 91/209/91 99/201/99 100/200/100
f 91/209/91 90/210/90 98/202/98 99/201/99
f 90/210/90 89/12/89 97/14/97 98/202/98
f 9/211/9 88/212/88 96/204/96 11/203/11
f 88/212/88 87/213/87 95/205/95 96/204/96
f 87/213/87 86/214/86 94/206/94 95/205/95
f 86/214/86 85/215/85 93/207/93 94/206/94
f 85/215/85 84/216/84 92/208/92 93/207/93
f 84/216/84 83/217/83 91/209/91 92/208/92
f 83/217/83 82/218/82 90/210/90 91/209/91
f 82/218/82 81/10/81 89/12/89 90/210/90
f 7/219/7 80/220/80 88/212/88 9/211/9
f 80/220/80 79/221/79 87/213/87 88/212/88
f 79/221/79 78/222/78 86/214/86 87/213/87
f 78/222/78 77/223/77 85/215/85 86/214/86
f 77/223/77 76/224/76 84/216/84 85/215/85
f 76/224/76 75/225/75 83/217/83 84/216/84
f 75/225/75 74/226/74 82/218/82 83/217/83
f 74/226/74 73/8/73 81/10/81 82/218/82
f 5/227/5 72/228/72 80/220/80 7/219/7
f 72/228/72 71/229/71 79/221/79 80/220/80
f 71/229/71 70/230/70 78/222/78 79/221/79
f 70/230/70 69/231/69 77/223/77 78/222/78
f 69/231/69 68/232/68 76/224/76 77/223/77
f 68/232/68 67/233/67 75/225/75 76/224/76
f 67/233/67 66/234/66 74/226/74 75/225/75
f 66/234/66 65/6/65 73/8/73 74/226/74
f 3/235/3 64/236/64 72/228/72 5/227/5
f 64/236/64 63/237/63 71/229/71 72/228/72
f 63/237/63 62/238/62 70/230/70 71/229/71
f 62/238/62 61/239/61 69/231/69 70/230/70
f 61/239/61 60/240/60 68/232/68 69/231/69
f 60/240/60 59/241/59 67/233/67 68/232/68
f 59/241/59 58/242/58 66/234/66 67/233/67
f 58/242/58 57/4/57 65/6/65 66/234/66
f 1/243/1 49/244/49 64/236/64 3/235/3
f 49/244/49 50/245/50 63/237/63 64/236/64
f 50/245/50 51/246/51 62/238/62 63/237/63
f 51/246/51 52/247/52 61/239/61 62/238/62
f 52/247/52 53/248/53 60/240/60 61/239/61
f 53/248/53 54/249/54 59/241/59 60/240/60
f 54/249/54 55/250/55 58/242/58 59/241/59
f 55/250/55 56/1/56 57/4/57 58/242/58
f 11/203/11 13/195/13 247/195/247 246/203/246
f 21/163/21 23/155/23 252/155/252 251/163/251
f 31/123/31 33/115/33 257/115/257 256/123/256
f 41/83/41 43/75/43 262/75/262 261/83/261
f 7/219/7 9/211/9 245/211/245 244/219/244
f 17/179/17 19/171/19 250/171/250 249/179/249
f 27/139/27 29/131/29 255/131/255 254/139/254
f 37/99/37 39/91/39 260/91/260 259/99/259
f 47/51/47 1/54/1 241/54/241 264/51/264
f 3/235/3 5/227/5 243/227/243 242/235/242
f 13/195/13 15/187/15 248/187/248 247/195/247
f 23/155/23 25/147/25 253/147/253 252/155/252
f 33/115/33 35/107/35 258/107/258 257/115/257
f 43/75/43 45/67/45 263/67/263 262/75/262
f 9/211/9 11/203/11 246/203/246 245/211/245
f 19/171/19 21/163/21 251/163/251 250/171/250
f 29/131/29 31/123/31 256/123/256 255/131/255
f 39/91/39 41/83/41 261/83/261 260/91/260
f 5/227/5 7/219/7 244/219/244 243/227/243
f 15/187/15 17/179/17 249/179/249 248/187/248
f 25/147/25 27/139/27 254/139/254 253/147/253
f 1/243/1 3/235/3 242/235/242 241/243/241
f 35/107/35 37/99/37 259/99/259 258/107/258
f 45/67/45 47/51/47 264/51/264 263/67/263
f 252/155/252 253/147/253 277/147/277 276/155/276
f 245/211/245 246/203/246 270/203/270 269/211/269
f 260/91/260 261/83/261 285/83/285 284/91/284
f 253/147/253 254/139/254 278/139/278 277/147/277
f 246/203/246 247/195/247 271/195/271 270/203/270
f 261/83/261 262/75/262 286/75/286 285/83/285
f 254/139/254 255/131/255 279/131/279 278/139/278
f 247/195/247 248/187/248 272/187/272 271/195/271
f 262/75/262 263/67/263 287/67/287 286/75/286
f 255/131/255 256/123/256 280/123/280 279/131/279
f 248/187/248 249/179/249 273/179/273 272/187/272
f 263/67/263 264/51/264 288/51/288 287/67/287
f 241/243/241 242/235/242 266/235/266 265/243/265
f 256/123/256 257/115/257 281/115/281 280/123/280
f 249/179/249 250/171/250 274/171/274 273/179/273
f 264/51/264 241/54/241 265/54/265 288/51/288
f 242/235/242 243/227/243 267/227/267 266/235/266
f 257/115/257 258/107/258 282/107/282 281/115/281
f 250/171/250 251/163/251 275/163/275 274/171/274
f 243/227/243 244/219/244 268/219/268 267/227/267
f 258/107/258 259/99/259 283/99/283 282/107/282
f 251/163/251 252/155/252 276/155/276 275/163/275
f 244/219/244 245/211/245 269/211/269 268/219/268
f 259/99/259 260/91/260 284/91/284 283/99/283
o Cylinder.001
v 0.000000 1.679777 -0.164755
v 0.000000 3.640168 -1.020484
v 0.043086 1.679854 -0.159196
v 0.266781 3.640168 -0.985711
v 0.083314 1.680063 -0.142866
v 0.515381 3.640168 -0.883765
v 0.117975 1.680346 -0.116799
v 0.728860 3.640168 -0.721591
v 0.144674 1.680627 -0.082695
v 0.892667 3.640168 -0.510242
v 0.161514 1.680831 -0.042846
v 0.995641 3.640168 -0.264121
v 0.167269 1.680906 0.000000
v 1.030763 3.640168 0.000000
v 0.161514 1.680831 0.042846
v 0.995641 3.640168 0.264121
v 0.144674 1.680627 0.082695
v 0.892667 3.640168 0.510242
v 0.117975 1.680346 0.116799
v 0.728860 3.640168 0.721591
v 0.083314 1.680063 0.142866
v 0.515381 3.640168 0.883765
v 0.043086 1.679854 0.159196
v 0.266781 3.640168 0.985711
v 0.000000 1.679777 0.164756
v 0.000000 3.640168 1.020484
v -0.043086 1.679854 0.159196
v -0.266781 3.640168 0.985711
v -0.083314 1.680063 0.142866
v -0.515381 3.640168 0.883765
v -0.117975 1.680346 0.116799
v -0.728859 3.640168 0.721591
v -0.144674 1.680627 0.082695
v -0.892667 3.640168 0.510242
v -0.161514 1.680831 0.042846
v -0.995640 3.640168 0.264121
v -0.167269 1.680906 0.000000
v -1.030763 3.640168 0.000000
v -0.161514 1.680831 -0.042846
v -0.995640 3.640168 -0.264121
v -0.144674 1.680627 -0.082695
v -0.892667 3.640168 -0.510242
v -0.117975 1.680346 -0.116799
v -0.728859 3.640168 -0.721591
v -0.083314 1.680063 -0.142866
v -0.515381 3.640168 -0.883765
v -0.043086 1.679854 -0.159196
v -0.266781 3.640168 -0.985711
v 0.000000 2.007732 -0.322846
v 0.000000 2.175504 -0.422171
v 0.000000 2.372256 -0.543067
v 0.000000 2.570157 -0.639740
v 0.000000 2.807888 -0.754566
v 0.000000 3.030464 -0.826732
v 0.000000 3.211933 -0.887653
v 0.000000 3.384226 -0.949557
v 0.248165 3.383820 -0.916927
v 0.231945 3.211728 -0.856999
v 0.216099 3.030419 -0.798448
v 0.197259 2.807868 -0.728839
v 0.167225 2.570183 -0.617869
v 0.141930 2.372443 -0.524408
v 0.110322 2.175847 -0.407622
v 0.084375 2.007887 -0.311751
v 0.479011 3.382749 -0.821397
v 0.447504 3.211173 -0.767370
v 0.417309 3.030297 -0.715592
v 0.381054 2.807814 -0.653423
v 0.322951 2.570256 -0.553790
v 0.273968 2.372954 -0.469793
v 0.212893 2.176779 -0.365063
v 0.162877 2.008274 -0.279297
v 0.676593 3.381380 -0.669845
v 0.631756 3.210420 -0.625455
v 0.589853 3.030130 -0.583970
v 0.538851 2.807741 -0.533477
v 0.456524 2.570355 -0.451971
v 0.387024 2.373649 -0.383165
v 0.300630 2.178035 -0.297632
v 0.230175 2.008605 -0.227879
v 0.827569 3.380119 -0.473032
v 0.772392 3.209675 -0.441494
v 0.722039 3.029963 -0.412712
v 0.659905 2.807667 -0.377197
v 0.558882 2.570453 -0.319453
v 0.473488 2.374338 -0.270642
v 0.367658 2.179273 -0.210151
v 0.281638 2.009080 -0.160982
v 0.922100 3.379265 -0.244612
v 0.860401 3.209134 -0.228245
v 0.805020 3.029841 -0.213553
v 0.735987 2.807613 -0.195240
v 0.623153 2.570525 -0.165308
v 0.527684 2.374840 -0.139983
v 0.409636 2.180168 -0.108667
v 0.313854 2.009540 -0.083258
v 0.954264 3.378967 0.000000
v 0.890342 3.208937 0.000000
v 0.833301 3.029797 0.000000
v 0.761934 2.807593 0.000000
v 0.645061 2.570551 0.000000
v 0.546139 2.375024 0.000000
v 0.423924 2.180493 0.000000
v 0.324814 2.009725 0.000000
v 0.922100 3.379265 0.244612
v 0.860401 3.209134 0.228245
v 0.805020 3.029841 0.213553
v 0.735987 2.807613 0.195240
v 0.623153 2.570525 0.165308
v 0.527684 2.374840 0.139983
v 0.409636 2.180168 0.108667
v 0.313854 2.009540 0.083258
v 0.827569 3.380119 0.473032
v 0.772392 3.209675 0.441494
v 0.722039 3.029963 0.412712
v 0.659905 2.807667 0.377197
v 0.558882 2.570453 0.319453
v 0.473488 2.374338 0.270642
v 0.367658 2.179273 0.210151
v 0.281638 2.009080 0.160982
v 0.676593 3.381380 0.669845
v 0.631756 3.210420 0.625455
v 0.589853 3.030130 0.583971
v 0.538851 2.807741 0.533477
v 0.456524 2.570355 0.451971
v 0.387024 2.373649 0.383165
v 0.300630 2.178035 0.297632
v 0.230175 2.008605 0.227879
v 0.479011 3.382749 0.821397
v 0.447504 3.211173 0.767370
v 0.500349 3.021408 0.660178
v 0.419735 2.891659 0.646593
v 0.322951 2.570256 0.553790
v 0.273968 2.372954 0.469794
v 0.212893 2.176779 0.365063
v 0.162877 2.008274 0.279297
v 0.248165 3.383820 0.916927
v 0.231945 3.211728 0.856999
v 0.331862 2.999524 0.748705
v 0.197259 2.807868 0.728839
v 0.167225 2.570183 0.617869
v 0.141930 2.372443 0.524408
v 0.110322 2.175847 0.407622
v 0.084375 2.007887 0.311751
v 0.000000 3.384226 0.949557
v 0.000000 3.211933 0.887653
v 0.000000 3.030464 0.864757
v 0.000000 2.807888 0.792591
v 0.000000 2.570157 0.639740
v 0.000000 2.372256 0.543067
v 0.000000 2.175504 0.422171
v 0.000000 2.007732 0.322846
v -0.248165 3.383820 0.916927
v -0.231945 3.211728 0.856999
v -0.331862 2.999524 0.748705
v -0.197259 2.807868 0.728839
v -0.167225 2.570183 0.617869
v -0.141930 2.372443 0.524408
v -0.110322 2.175847 0.407622
v -0.084375 2.007887 0.311752
v -0.479011 3.382749 0.821397
v -0.447504 3.211173 0.767370
v -0.500349 3.021408 0.660178
v -0.419735 2.891659 0.646593
v -0.322951 2.570256 0.553790
v -0.273968 2.372954 0.469794
v -0.212892 2.176779 0.365063
v -0.162877 2.008274 0.279297
v -0.676592 3.381380 0.669845
v -0.631756 3.210420 0.625455
v -0.589853 3.030130 0.583971
v -0.538851 2.807741 0.533477
v -0.456524 2.570355 0.451971
v -0.387024 2.373649 0.383165
v -0.300630 2.178035 0.297632
v -0.230175 2.008605 0.227879
v -0.827569 3.380119 0.473032
v -0.772392 3.209675 0.441494
v -0.722039 3.029963 0.412712
v -0.659905 2.807667 0.377197
v -0.558882 2.570453 0.319453
v -0.473488 2.374338 0.270642
v -0.367658 2.179273 0.210151
v -0.281638 2.009080 0.160982
v -0.922099 3.379265 0.244612
v -0.860401 3.209134 0.228245
v -0.805020 3.029841 0.213553
v -0.735987 2.807613 0.195240
v -0.623153 2.570525 0.165308
v -0.527685 2.374840 0.139983
v -0.409636 2.180168 0.108667
v -0.313854 2.009540 0.083258
v -0.954263 3.378967 0.000000
v -0.890341 3.208937 0.000000
v -0.833301 3.029797 0.000000
v -0.761934 2.807593 0.000000
v -0.645061 2.570551 0.000000
v -0.546139 2.375024 0.000000
v -0.423924 2.180493 0.000000
v -0.324814 2.009725 0.000000
v -0.922099 3.379265 -0.244612
v -0.860401 3.209134 -0.228245
v -0.805020 3.029841 -0.213553
v -0.735987 2.807613 -0.195240
v -0.623153 2.570525 -0.165308
v -0.527685 2.374840 -0.139983
v -0.409636 2.180168 -0.108667
v -0.313854 2.009540 -0.083258
v -0.827569 3.380119 -0.473032
v -0.772392 3.209675 -0.441494
v -0.722039 3.029963 -0.412712
v -0.659905 2.807667 -0.377197
v -0.558882 2.570453 -0.319453
v -0.473488 2.374338 -0.270642
v -0.367658 2.179273 -0.210151
v -0.281638 2.009080 -0.160982
v -0.676592 3.381380 -0.669845
v -0.631756 3.210420 -0.625455
v -0.589853 3.030130 -0.583970
v -0.538851 2.807741 -0.533477
v -0.456524 2.570355 -0.451971
v -0.387024 2.373649 -0.383165
v -0.300630 2.178035 -0.297632
v -0.230175 2.008605 -0.227879
v -0.479011 3.382749 -0.821397
v -0.447504 3.211173 -0.767370
v -0.417309 3.030297 -0.715592
v -0.381054 2.807814 -0.653423
v -0.322951 2.570256 -0.553790
v -0.273968 2.372954 -0.469793
v -0.212892 2.176779 -0.365063
v -0.162877 2.008274 -0.279297
v -0.248165 3.383820 -0.916927
v -0.231945 3.211728 -0.856999
v -0.216099 3.030419 -0.798448
v -0.197259 2.807868 -0.728839
v -0.167225 2.570183 -0.617869
v -0.141930 2.372443 -0.524408
v -0.110322 2.175847 -0.407622
v -0.084375 2.007887 -0.311751
v 0.000000 1.541485 -0.131051
v 0.034269 1.541502 -0.126618
v 0.066250 1.541548 -0.113604
v 0.093784 1.541611 -0.092848
v 0.114974 1.541673 -0.065718
v 0.128328 1.541719 -0.034042
v 0.132890 1.541736 0.000000
v 0.128328 1.541719 0.034043
v 0.114974 1.541673 0.065718
v 0.093784 1.541611 0.092849
v 0.066250 1.541548 0.113604
v 0.034269 1.541502 0.126618
v 0.000000 1.541485 0.131051
v -0.034269 1.541502 0.126618
v -0.066250 1.541548 0.113604
v -0.093784 1.541611 0.092849
v -0.114974 1.541673 0.065718
v -0.128328 1.541719 0.034043
v -0.132890 1.541736 0.000000
v -0.128328 1.541719 -0.034042
v -0.114974 1.541673 -0.065718
v -0.093784 1.541611 -0.092848
v -0.066250 1.541548 -0.113604
v -0.034269 1.541502 -0.126618
v 0.000000 1.492652 -0.117320
v 0.030673 1.492653 -0.113332
v 0.059269 1.492658 -0.101632
v 0.083844 1.492665 -0.083007
v 0.102718 1.492672 -0.058713
v 0.114592 1.492676 -0.030399
v 0.118644 1.492678 0.000000
v 0.114592 1.492676 0.030399
v 0.102718 1.492672 0.058713
v 0.083844 1.492665 0.083007
v 0.059269 1.492658 0.101633
v 0.030673 1.492653 0.113332
v 0.000000 1.492652 0.117320
v -0.030673 1.492653 0.113332
v -0.059269 1.492658 0.101633
v -0.083843 1.492665 0.083007
v -0.102718 1.492672 0.058713
v -0.114592 1.492676 0.030399
v -0.118644 1.492678 0.000000
v -0.114592 1.492676 -0.030399
v -0.102718 1.492672 -0.058713
v -0.083843 1.492665 -0.083007
v -0.059269 1.492658 -0.101632
v -0.030673 1.492653 -0.113332
vn -0.0000 -0.3396 -0.9406
vn -0.0000 -0.2674 -0.9636
vn 0.2417 -0.3397 -0.9090
vn 0.2498 -0.2681 -0.9304
vn 0.4673 -0.3398 -0.8162
vn 0.4822 -0.2703 -0.8333
vn 0.6621 -0.3402 -0.6677
vn 0.6812 -0.2735 -0.6791
vn 0.8128 -0.3404 -0.4726
vn 0.8330 -0.2769 -0.4790
vn 0.9078 -0.3406 -0.2447
vn 0.9277 -0.2796 -0.2475
vn 0.9402 -0.3406 -0.0000
vn 0.9598 -0.2806 -0.0000
vn 0.9078 -0.3406 0.2447
vn 0.9277 -0.2796 0.2475
vn 0.8128 -0.3404 0.4726
vn 0.8330 -0.2769 0.4790
vn 0.6621 -0.3402 0.6677
vn 0.6812 -0.2735 0.6791
vn 0.4673 -0.3398 0.8162
vn 0.4822 -0.2703 0.8333
vn 0.2417 -0.3397 0.9090
vn 0.2498 -0.2681 0.9304
vn -0.0000 -0.3396 0.9406
vn -0.0000 -0.2674 0.9636
vn -0.2417 -0.3397 0.9090
vn -0.2498 -0.2681 0.9304
vn -0.4673 -0.3398 0.8162
vn -0.4822 -0.2703 0.8333
vn -0.6621 -0.3402 0.6677
vn -0.6812 -0.2735 0.6791
vn -0.8128 -0.3404 0.4726
vn -0.8330 -0.2769 0.4790
vn -0.9078 -0.3406 0.2447
vn -0.9277 -0.2796 0.2475
vn -0.9402 -0.3406 -0.0000
vn -0.9598 -0.2806 -0.0000
vn -0.9078 -0.3406 -0.2447
vn -0.9277 -0.2796 -0.2475
vn -0.8128 -0.3404 -0.4726
vn -0.8330 -0.2769 -0.4790
vn -0.6621 -0.3402 -0.6677
vn -0.6812 -0.2735 -0.6791
vn -0.4673 -0.3398 -0.8162
vn -0.4822 -0.2703 -0.8333
vn -0.2417 -0.3397 -0.9090
vn -0.2498 -0.2681 -0.9304
vn -0.0000 -0.4734 -0.8809
vn -0.0000 -0.5168 -0.8561
vn -0.0000 -0.4806 -0.8769
vn -0.0000 -0.4371 -0.8994
vn -0.0000 -0.3708 -0.9287
vn -0.0000 -0.3131 -0.9497
vn -0.0000 -0.3285 -0.9445
vn -0.0000 -0.3024 -0.9532
vn 0.2464 -0.3033 -0.9205
vn 0.2446 -0.3286 -0.9122
vn 0.2455 -0.3125 -0.9176
vn 0.2395 -0.3709 -0.8972
vn 0.2323 -0.4377 -0.8686
vn 0.2283 -0.4813 -0.8463
vn 0.2242 -0.5169 -0.8262
vn 0.2296 -0.4731 -0.8506
vn 0.4759 -0.3058 -0.8247
vn 0.4726 -0.3288 -0.8177
vn 0.4747 -0.3111 -0.8234
vn 0.4631 -0.3712 -0.8048
vn 0.4485 -0.4395 -0.7783
vn 0.4400 -0.4830 -0.7570
vn 0.4319 -0.5169 -0.7391
vn 0.4426 -0.4722 -0.7623
vn 0.6725 -0.3090 -0.6725
vn 0.6682 -0.3290 -0.6673
vn 0.6721 -0.3090 -0.6729
vn 0.6554 -0.3715 -0.6576
vn 0.6338 -0.4418 -0.6349
vn 0.6203 -0.4853 -0.6162
vn 0.6089 -0.5170 -0.6016
vn 0.6255 -0.4711 -0.6220
vn 0.8229 -0.3121 -0.4748
vn 0.8182 -0.3289 -0.4716
vn 0.8240 -0.3070 -0.4762
vn 0.8033 -0.3718 -0.4652
vn 0.7756 -0.4441 -0.4486
vn 0.7574 -0.4875 -0.4344
vn 0.7435 -0.5172 -0.4239
vn 0.7658 -0.4700 -0.4389
vn 0.9170 -0.3143 -0.2455
vn 0.9124 -0.3287 -0.2440
vn 0.9197 -0.3055 -0.2466
vn 0.8965 -0.3719 -0.2409
vn 0.8646 -0.4458 -0.2320
vn 0.8429 -0.4891 -0.2243
vn 0.8272 -0.5176 -0.2187
vn 0.8534 -0.4693 -0.2266
vn 0.9491 -0.3151 -0.0000
vn 0.9445 -0.3287 -0.0000
vn 0.9524 -0.3049 -0.0000
vn 0.9282 -0.3720 -0.0000
vn 0.8948 -0.4464 -0.0000
vn 0.8719 -0.4897 -0.0000
vn 0.8555 -0.5177 -0.0000
vn 0.8831 -0.4691 -0.0000
vn 0.9170 -0.3143 0.2455
vn 0.9124 -0.3287 0.2440
vn 0.9197 -0.3055 0.2466
vn 0.8965 -0.3719 0.2409
vn 0.8646 -0.4458 0.2320
vn 0.8429 -0.4891 0.2243
vn 0.8272 -0.5176 0.2187
vn 0.8534 -0.4693 0.2266
vn 0.8229 -0.3121 0.4748
vn 0.8182 -0.3289 0.4716
vn 0.8240 -0.3070 0.4762
vn 0.8033 -0.3718 0.4652
vn 0.7756 -0.4441 0.4486
vn 0.7574 -0.4875 0.4344
vn 0.7435 -0.5172 0.4239
vn 0.7658 -0.4700 0.4389
vn 0.6725 -0.3090 0.6725
vn 0.6737 -0.3221 0.6651
vn 0.6746 -0.3107 0.6696
vn 0.6411 -0.3791 0.6673
vn 0.6265 -0.4338 0.6476
vn 0.6203 -0.4853 0.6162
vn 0.6089 -0.5170 0.6016
vn 0.6255 -0.4711 0.6220
vn 0.4759 -0.3058 0.8247
vn 0.4758 -0.3204 0.8191
vn 0.5455 -0.3127 0.7776
vn 0.5040 -0.3773 0.7769
vn 0.4540 -0.4192 0.7862
vn 0.4400 -0.4830 0.7570
vn 0.4319 -0.5169 0.7391
vn 0.4426 -0.4722 0.7623
vn 0.2464 -0.3033 0.9205
vn 0.2669 -0.3067 0.9136
vn 0.3420 -0.2911 0.8935
vn 0.3062 -0.3837 0.8712
vn 0.2708 -0.4415 0.8554
vn 0.2283 -0.4813 0.8463
vn 0.2242 -0.5169 0.8262
vn 0.2296 -0.4731 0.8506
vn -0.0000 -0.3024 0.9532
vn -0.0000 -0.3014 0.9535
vn -0.0000 -0.2836 0.9589
vn -0.0000 -0.3985 0.9172
vn -0.0000 -0.4682 0.8836
vn -0.0000 -0.4806 0.8769
vn -0.0000 -0.5168 0.8561
vn -0.0000 -0.4734 0.8809
vn -0.2464 -0.3033 0.9205
vn -0.2669 -0.3067 0.9136
vn -0.3420 -0.2911 0.8935
vn -0.3062 -0.3837 0.8712
vn -0.2708 -0.4415 0.8554
vn -0.2283 -0.4813 0.8463
vn -0.2242 -0.5169 0.8262
vn -0.2296 -0.4731 0.8506
vn -0.4759 -0.3058 0.8247
vn -0.4758 -0.3204 0.8191
vn -0.5455 -0.3127 0.7776
vn -0.5040 -0.3773 0.7769
vn -0.4540 -0.4192 0.7862
vn -0.4400 -0.4830 0.7570
vn -0.4319 -0.5169 0.7391
vn -0.4426 -0.4722 0.7623
vn -0.6725 -0.3090 0.6725
vn -0.6737 -0.3221 0.6651
vn -0.6746 -0.3107 0.6696
vn -0.6411 -0.3791 0.6673
vn -0.6265 -0.4338 0.6476
vn -0.6203 -0.4853 0.6162
vn -0.6089 -0.5170 0.6016
vn -0.6255 -0.4711 0.6220
vn -0.8229 -0.3121 0.4748
vn -0.8182 -0.3289 0.4716
vn -0.8240 -0.3070 0.4762
vn -0.8033 -0.3718 0.4652
vn -0.7756 -0.4441 0.4486
vn -0.7574 -0.4875 0.4344
vn -0.7435 -0.5172 0.4239
vn -0.7658 -0.4700 0.4389
vn -0.9170 -0.3143 0.2455
vn -0.9124 -0.3287 0.2440
vn -0.9197 -0.3055 0.2466
vn -0.8965 -0.3719 0.2409
vn -0.8646 -0.4458 0.2320
vn -0.8429 -0.4891 0.2243
vn -0.8272 -0.5176 0.2187
vn -0.8534 -0.4693 0.2266
vn -0.9491 -0.3151 -0.0000
vn -0.9445 -0.3287 -0.0000
vn -0.9524 -0.3049 -0.0000
vn -0.9282 -0.3720 -0.0000
vn -0.8948 -0.4464 -0.0000
vn -0.8719 -0.4897 -0.0000
vn -0.8555 -0.5177 -0.0000
vn -0.8831 -0.4691 -0.0000
vn -0.9170 -0.3143 -0.2455
vn -0.9124 -0.3287 -0.2440
vn -0.9197 -0.3055 -0.2466
vn -0.8965 -0.3719 -0.2409
vn -0.8646 -0.4458 -0.2320
vn -0.8429 -0.4891 -0.2243
vn -0.8272 -0.5176 -0.2187
vn -0.8534 -0.4693 -0.2266
vn -0.8229 -0.3121 -0.4748
vn -0.8182 -0.3289 -0.4716
vn -0.8240 -0.3070 -0.4762
vn -0.8033 -0.3718 -0.4652
vn -0.7756 -0.4441 -0.4486
vn -0.7574 -0.4875 -0.4344
vn -0.7435 -0.5172 -0.4239
vn -0.7658 -0.4700 -0.4389
vn -0.6725 -0.3090 -0.6725
vn -0.6682 -0.3290 -0.6673
vn -0.6721 -0.3090 -0.6729
vn -0.6554 -0.3715 -0.6576
vn -0.6338 -0.4418 -0.6349
vn -0.6203 -0.4853 -0.6162
vn -0.6089 -0.5170 -0.6016
vn -0.6255 -0.4711 -0.6220
vn -0.4759 -0.3058 -0.8247
vn -0.4726 -0.3288 -0.8177
vn -0.4747 -0.3111 -0.8234
vn -0.4631 -0.3712 -0.8048
vn -0.4485 -0.4395 -0.7783
vn -0.4400 -0.4830 -0.7570
vn -0.4319 -0.5169 -0.7391
vn -0.4426 -0.4722 -0.7623
vn -0.2464 -0.3033 -0.9205
vn -0.2446 -0.3286 -0.9122
vn -0.2455 -0.3125 -0.9176
vn -0.2395 -0.3709 -0.8972
vn -0.2323 -0.4377 -0.8686
vn -0.2283 -0.4813 -0.8463
vn -0.2242 -0.5169 -0.8262
vn -0.2296 -0.4731 -0.8506
vn -0.0000 -0.2535 -0.9673
vn 0.2476 -0.2539 -0.9350
vn 0.4793 -0.2549 -0.8398
vn 0.6797 -0.2562 -0.6873
vn 0.8345 -0.2575 -0.4871
vn 0.9324 -0.2584 -0.2525
vn 0.9659 -0.2587 -0.0000
vn 0.9324 -0.2584 0.2525
vn 0.8345 -0.2575 0.4871
vn 0.6797 -0.2562 0.6873
vn 0.4793 -0.2549 0.8398
vn 0.2476 -0.2539 0.9350
vn -0.0000 -0.2535 0.9673
vn -0.2476 -0.2539 0.9350
vn -0.4793 -0.2549 0.8398
vn -0.6797 -0.2562 0.6873
vn -0.8345 -0.2575 0.4871
vn -0.9324 -0.2584 0.2525
vn -0.9659 -0.2587 -0.0000
vn -0.9324 -0.2584 -0.2525
vn -0.8345 -0.2575 -0.4871
vn -0.6797 -0.2562 -0.6873
vn -0.4793 -0.2549 -0.8398
vn -0.2476 -0.2539 -0.9350
vn -0.0000 -0.2708 -0.9626
vn 0.2453 -0.2714 -0.9307
vn 0.4751 -0.2728 -0.8366
vn 0.6743 -0.2748 -0.6855
vn 0.8288 -0.2767 -0.4864
vn 0.9268 -0.2782 -0.2524
vn 0.9604 -0.2787 -0.0000
vn 0.9268 -0.2782 0.2524
vn 0.8288 -0.2767 0.4864
vn 0.6743 -0.2748 0.6855
vn 0.4751 -0.2728 0.8366
vn 0.2453 -0.2714 0.9307
vn -0.0000 -0.2708 0.9626
vn -0.2453 -0.2714 0.9307
vn -0.4751 -0.2728 0.8366
vn -0.6743 -0.2748 0.6855
vn -0.8288 -0.2767 0.4864
vn -0.9268 -0.2782 0.2524
vn -0.9604 -0.2787 -0.0000
vn -0.9268 -0.2782 -0.2524
vn -0.8288 -0.2767 -0.4864
vn -0.6743 -0.2748 -0.6855
vn -0.4751 -0.2728 -0.8366
vn -0.2453 -0.2714 -0.9307
vt 1.000000 0.888889
vt 1.000000 1.000000
vt 0.958333 1.000000
vt 0.958333 0.888889
vt 0.916667 1.000000
vt 0.916667 0.888889
vt 0.875000 1.000000
vt 0.875000 0.888889
vt 0.833333 1.000000
vt 0.833333 0.888889
vt 0.791667 1.000000
vt 0.791667 0.888889
vt 0.750000 1.000000
vt 0.750000 0.888889
vt 0.708333 1.000000
vt 0.708333 0.888889
vt 0.666667 1.000000
vt 0.666667 0.888889
vt 0.625000 1.000000
vt 0.625000 0.888889
vt 0.583333 1.000000
vt 0.583333 0.888889
vt 0.541666 1.000000
vt 0.541666 0.888889
vt 0.500000 1.000000
vt 0.500000 0.888889
vt 0.458333 1.000000
vt 0.458333 0.888889
vt 0.416666 1.000000
vt 0.416666 0.888889
vt 0.375000 1.000000
vt 0.375000 0.888889
vt 0.333333 1.000000
vt 0.333333 0.888889
vt 0.291667 1.000000
vt 0.291667 0.888889
vt 0.250000 1.000000
vt 0.250000 0.888889
vt 0.208333 1.000000
vt 0.208333 0.888889
vt 0.166666 1.000000
vt 0.166667 0.888889
vt 0.125000 1.000000
vt 0.125000 0.888889
vt 0.083333 1.000000
vt 0.083333 0.888889
vt 0.041666 1.000000
vt 0.041666 0.888889
vt -0.000000 1.000000
vt -0.000000 0.888889
vt 0.041666 0.000000
vt 0.041666 0.111111
vt -0.000000 0.111111
vt -0.000000 0.000000
vt 0.041666 0.222222
vt -0.000000 0.222222
vt 0.041666 0.333333
vt -0.000000 0.333333
vt 0.041666 0.444444
vt -0.000000 0.444444
vt 0.041666 0.555556
vt -0.000000 0.555556
vt 0.041666 0.666667
vt -0.000000 0.666667
vt 0.041666 0.777778
vt -0.000000 0.777778
vt 0.083333 0.000000
vt 0.083333 0.111111
vt 0.083333 0.222222
vt 0.083333 0.333333
vt 0.083333 0.444444
vt 0.083333 0.555556
vt 0.083333 0.666667
vt 0.083333 0.777778
vt 0.125000 0.000000
vt 0.125000 0.111111
vt 0.125000 0.222222
vt 0.125000 0.333333
vt 0.125000 0.444444
vt 0.125000 0.555556
vt 0.125000 0.666667
vt 0.125000 0.777778
vt 0.166666 0.000000
vt 0.166666 0.111111
vt 0.166666 0.222222
vt 0.166666 0.333333
vt 0.166666 0.444444
vt 0.166666 0.555556
vt 0.166667 0.666667
vt 0.166667 0.777778
vt 0.208333 0.000000
vt 0.208333 0.111111
vt 0.208333 0.222222
vt 0.208333 0.333333
vt 0.208333 0.444444
vt 0.208333 0.555556
vt 0.208333 0.666667
vt 0.208333 0.777778
vt 0.250000 0.000000
vt 0.250000 0.111111
vt 0.250000 0.222222
vt 0.250000 0.333333
vt 0.250000 0.444444
vt 0.250000 0.555556
vt 0.250000 0.666667
vt 0.250000 0.777778
vt 0.291667 0.000000
vt 0.291667 0.111111
vt 0.291667 0.222222
vt 0.291667 0.333333
vt 0.291667 0.444444
vt 0.291667 0.555556
vt 0.291667 0.666667
vt 0.291667 0.777778
vt 0.333333 0.000000
vt 0.333333 0.111111
vt 0.333333 0.222222
vt 0.333333 0.333333
vt 0.333333 0.444444
vt 0.333333 0.555555
vt 0.333333 0.666667
vt 0.333333 0.777778
vt 0.375000 0.000000
vt 0.375000 0.111111
vt 0.375000 0.222222
vt 0.375000 0.333333
vt 0.375000 0.444444
vt 0.375000 0.555556
vt 0.375000 0.666667
vt 0.375000 0.777778
vt 0.416666 0.000000
vt 0.416667 0.111111
vt 0.416666 0.222222
vt 0.416667 0.333333
vt 0.416667 0.444444
vt 0.401948 0.555556
vt 0.402147 0.666667
vt 0.416667 0.777778
vt 0.458333 0.000000
vt 0.458333 0.111111
vt 0.458333 0.222222
vt 0.458333 0.333333
vt 0.458333 0.444444
vt 0.458333 0.555556
vt 0.458333 0.666667
vt 0.458333 0.777778
vt 0.500000 0.000000
vt 0.500000 0.111111
vt 0.500000 0.222222
vt 0.500000 0.333333
vt 0.500000 0.444444
vt 0.500000 0.555556
vt 0.500000 0.666667
vt 0.500000 0.777778
vt 0.541666 0.000000
vt 0.541667 0.111111
vt 0.541666 0.222222
vt 0.541666 0.333333
vt 0.541666 0.444444
vt 0.541666 0.555556
vt 0.541666 0.666667
vt 0.541666 0.777778
vt 0.583333 0.000000
vt 0.583333 0.111111
vt 0.583333 0.222222
vt 0.583333 0.333333
vt 0.583333 0.444444
vt 0.598051 0.555556
vt 0.597853 0.666667
vt 0.583333 0.777778
vt 0.625000 0.000000
vt 0.625000 0.111111
vt 0.625000 0.222222
vt 0.625000 0.333333
vt 0.625000 0.444444
vt 0.625000 0.555556
vt 0.625000 0.666667
vt 0.625000 0.777778
vt 0.666667 0.000000
vt 0.666667 0.111111
vt 0.666667 0.222222
vt 0.666667 0.333333
vt 0.666667 0.444444
vt 0.666667 0.555556
vt 0.666667 0.666667
vt 0.666667 0.777778
vt 0.708333 0.000000
vt 0.708333 0.111111
vt 0.708333 0.222222
vt 0.708333 0.333333
vt 0.708333 0.444444
vt 0.708333 0.555556
vt 0.708333 0.666667
vt 0.708333 0.777778
vt 0.750000 0.000000
vt 0.750000 0.111111
vt 0.750000 0.222222
vt 0.750000 0.333333
vt 0.750000 0.444444
vt 0.750000 0.555556
vt 0.750000 0.666667
vt 0.750000 0.777778
vt 0.791667 0.000000
vt 0.791667 0.111111
vt 0.791667 0.222222
vt 0.791667 0.333333
vt 0.791667 0.444444
vt 0.791667 0.555556
vt 0.791667 0.666667
vt 0.791667 0.777778
vt 0.833333 0.000000
vt 0.833333 0.111111
vt 0.833333 0.222222
vt 0.833333 0.333333
vt 0.833333 0.444444
vt 0.833333 0.555556
vt 0.833333 0.666667
vt 0.833333 0.777778
vt 0.875000 0.000000
vt 0.875000 0.111111
vt 0.875000 0.222222
vt 0.875000 0.333333
vt 0.875000 0.444444
vt 0.875000 0.555556
vt 0.875000 0.666667
vt 0.875000 0.777778
vt 0.916667 0.000000
vt 0.916667 0.111111
vt 0.916667 0.222222
vt 0.916667 0.333333
vt 0.916667 0.444444
vt 0.916667 0.555556
vt 0.916667 0.666667
vt 0.916667 0.777778
vt 0.958333 0.000000
vt 0.958333 0.111111
vt 0.958333 0.222222
vt 0.958333 0.333333
vt 0.958333 0.444444
vt 0.958333 0.555556
vt 0.958333 0.666667
vt 0.958333 0.777778
vt 1.000000 0.000000
vt 1.000000 0.111111
vt 1.000000 0.222222
vt 1.000000 0.333333
vt 1.000000 0.444444
vt 1.000000 0.555556
vt 1.000000 0.666667
vt 1.000000 0.777778
s 1
f 344/251/344 290/252/290 292/253/292 345/254/345
f 345/254/345 292/253/292 294/255/294 353/256/353
f 353/256/353 294/255/294 296/257/296 361/258/361
f 361/258/361 296/257/296 298/259/298 369/260/369
f 369/260/369 298/259/298 300/261/300 377/262/377
f 377/262/377 300/261/300 302/263/302 385/264/385
f 385/264/385 302/263/302 304/265/304 393/266/393
f 393/266/393 304/265/304 306/267/306 401/268/401
f 401/268/401 306/267/306 308/269/308 409/270/409
f 409/270/409 308/269/308 310/271/310 417/272/417
f 417/272/417 310/271/310 312/273/312 425/274/425
f 425/274/425 312/273/312 314/275/314 433/276/433
f 433/276/433 314/275/314 316/277/316 441/278/441
f 441/278/441 316/277/316 318/279/318 449/280/449
f 449/280/449 318/279/318 320/281/320 457/282/457
f 457/282/457 320/281/320 322/283/322 465/284/465
f 465/284/465 322/283/322 324/285/324 473/286/473
f 473/286/473 324/285/324 326/287/326 481/288/481
f 481/288/481 326/287/326 328/289/328 489/290/489
f 489/290/489 328/289/328 330/291/330 497/292/497
f 497/292/497 330/291/330 332/293/332 505/294/505
f 505/294/505 332/293/332 334/295/334 513/296/513
f 513/296/513 334/295/334 336/297/336 521/298/521
f 521/298/521 336/297/336 290/299/290 344/300/344
f 335/301/335 528/302/528 337/303/337 289/304/289
f 528/302/528 527/305/527 338/306/338 337/303/337
f 527/305/527 526/307/526 339/308/339 338/306/338
f 526/307/526 525/309/525 340/310/340 339/308/339
f 525/309/525 524/311/524 341/312/341 340/310/340
f 524/311/524 523/313/523 342/314/342 341/312/341
f 523/313/523 522/315/522 343/316/343 342/314/342
f 522/315/522 521/298/521 344/300/344 343/316/343
f 333/317/333 520/318/520 528/302/528 335/301/335
f 520/318/520 519/319/519 527/305/527 528/302/528
f 519/319/519 518/320/518 526/307/526 527/305/527
f 518/320/518 517/321/517 525/309/525 526/307/526
f 517/321/517 516/322/516 524/311/524 525/309/525
f 516/322/516 515/323/515 523/313/523 524/311/524
f 515/323/515 514/324/514 522/315/522 523/313/523
f 514/324/514 513/296/513 521/298/521 522/315/522
f 331/325/331 512/326/512 520/318/520 333/317/333
f 512/326/512 511/327/511 519/319/519 520/318/520
f 511/327/511 510/328/510 518/320/518 519/319/519
f 510/328/510 509/329/509 517/321/517 518/320/518
f 509/329/509 508/330/508 516/322/516 517/321/517
f 508/330/508 507/331/507 515/323/515 516/322/516
f 507/331/507 506/332/506 514/324/514 515/323/515
f 506/332/506 505/294/505 513/296/513 514/324/514
f 329/333/329 504/334/504 512/326/512 331/325/331
f 504/334/504 503/335/503 511/327/511 512/326/512
f 503/335/503 502/336/502 510/328/510 511/327/511
f 502/336/502 501/337/501 509/329/509 510/328/510
f 501/337/501 500/338/500 508/330/508 509/329/509
f 500/338/500 499/339/499 507/331/507 508/330/508
f 499/339/499 498/340/498 506/332/506 507/331/507
f 498/340/498 497/292/497 505/294/505 506/332/506
f 327/341/327 496/342/496 504/334/504 329/333/329
f 496/342/496 495/343/495 503/335/503 504/334/504
f 495/343/495 494/344/494 502/336/502 503/335/503
f 494/344/494 493/345/493 501/337/501 502/336/502
f 493/345/493 492/346/492 500/338/500 501/337/501
f 492/346/492 491/347/491 499/339/499 500/338/500
f 491/347/491 490/348/490 498/340/498 499/339/499
f 490/348/490 489/290/489 497/292/497 498/340/498
f 325/349/325 488/350/488 496/342/496 327/341/327
f 488/350/488 487/351/487 495/343/495 496/342/496
f 487/351/487 486/352/486 494/344/494 495/343/495
f 486/352/486 485/353/485 493/345/493 494/344/494
f 485/353/485 484/354/484 492/346/492 493/345/493
f 484/354/484 483/355/483 491/347/491 492/346/492
f 483/355/483 482/356/482 490/348/490 491/347/491
f 482/356/482 481/288/481 489/290/489 490/348/490
f 323/357/323 480/358/480 488/350/488 325/349/325
f 480/358/480 479/359/479 487/351/487 488/350/488
f 479/359/479 478/360/478 486/352/486 487/351/487
f 478/360/478 477/361/477 485/353/485 486/352/486
f 477/361/477 476/362/476 484/354/484 485/353/485
f 476/362/476 475/363/475 483/355/483 484/354/484
f 475/363/475 474/364/474 482/356/482 483/355/483
f 474/364/474 473/286/473 481/288/481 482/356/482
f 321/365/321 472/366/472 480/358/480 323/357/323
f 472/366/472 471/367/471 479/359/479 480/358/480
f 471/367/471 470/368/470 478/360/478 479/359/479
f 470/368/470 469/369/469 477/361/477 478/360/478
f 469/369/469 468/370/468 476/362/476 477/361/477
f 468/370/468 467/371/467 475/363/475 476/362/476
f 467/371/467 466/372/466 474/364/474 475/363/475
f 466/372/466 465/284/465 473/286/473 474/364/474
f 319/373/319 464/374/464 472/366/472 321/365/321
f 464/374/464 463/375/463 471/367/471 472/366/472
f 463/375/463 462/376/462 470/368/470 471/367/471
f 462/376/462 461/377/461 469/369/469 470/368/470
f 461/377/461 460/378/460 468/370/468 469/369/469
f 460/378/460 459/379/459 467/371/467 468/370/468
f 459/379/459 458/380/458 466/372/466 467/371/467
f 458/380/458 457/282/457 465/284/465 466/372/466
f 317/381/317 456/382/456 464/374/464 319/373/319
f 456/382/456 455/383/455 463/375/463 464/374/464
f 455/383/455 454/384/454 462/376/462 463/375/463
f 454/384/454 453/385/453 461/377/461 462/376/462
f 453/385/453 452/386/452 460/378/460 461/377/461
f 452/386/452 451/387/451 459/379/459 460/378/460
f 451/387/451 450/388/450 458/380/458 459/379/459
f 450/388/450 449/280/449 457/282/457 458/380/458
f 315/389/315 448/390/448 456/382/456 317/381/317
f 448/390/448 447/391/447 455/383/455 456/382/456
f 447/391/447 446/392/446 454/384/454 455/383/455
f 446/392/446 445/393/445 453/385/453 454/384/454
f 445/393/445 444/394/444 452/386/452 453/385/453
f 443/395/443 442/396/442 450/388/450 451/387/451
f 442/396/442 441/278/441 449/280/449 450/388/450
f 313/397/313 440/398/440 448/390/448 315/389/315
f 440/398/440 439/399/439 447/391/447 448/390/448
f 439/399/439 438/400/438 446/392/446 447/391/447
f 438/400/438 437/401/437 445/393/445 446/392/446
f 437/401/437 436/402/436 444/394/444 445/393/445
f 436/402/436 435/403/435 443/395/443 444/394/444
f 435/403/435 434/404/434 442/396/442 443/395/443
f 434/404/434 433/276/433 441/278/441 442/396/442
f 311/405/311 432/406/432 440/398/440 313/397/313
f 432/406/432 431/407/431 439/399/439 440/398/440
f 431/407/431 430/408/430 438/400/438 439/399/439
f 430/408/430 429/409/429 437/401/437 438/400/438
f 429/409/429 428/410/428 436/402/436 437/401/437
f 428/410/428 427/411/427 435/403/435 436/402/436
f 427/411/427 426/412/426 434/404/434 435/403/435
f 426/412/426 425/274/425 433/276/433 434/404/434
f 309/413/309 424/414/424 432/406/432 311/405/311
f 424/414/424 423/415/423 431/407/431 432/406/432
f 423/415/423 422/416/422 430/408/430 431/407/431
f 422/416/422 421/417/421 429/409/429 430/408/430
f 421/417/421 420/418/420 428/410/428 429/409/429
f 419/419/419 418/420/418 426/412/426 427/411/427
f 418/420/418 417/272/417 425/274/425 426/412/426
f 307/421/307 416/422/416 424/414/424 309/413/309
f 416/422/416 415/423/415 423/415/423 424/414/424
f 415/423/415 414/424/414 422/416/422 423/415/423
f 414/424/414 413/425/413 421/417/421 422/416/422
f 413/425/413 412/426/412 420/418/420 421/417/421
f 412/426/412 411/427/411 419/419/419 420/418/420
f 411/427/411 410/428/410 418/420/418 419/419/419
f 410/428/410 409/270/409 417/272/417 418/420/418
f 305/429/305 408/430/408 416/422/416 307/421/307
f 408/430/408 407/431/407 415/423/415 416/422/416
f 407/431/407 406/432/406 414/424/414 415/423/415
f 406/432/406 405/433/405 413/425/413 414/424/414
f 405/433/405 404/434/404 412/426/412 413/425/413
f 404/434/404 403/435/403 411/427/411 412/426/412
f 403/435/403 402/436/402 410/428/410 411/427/411
f 402/436/402 401/268/401 409/270/409 410/428/410
f 303/437/303 400/438/400 408/430/408 305/429/305
f 400/438/400 399/439/399 407/431/407 408/430/408
f 399/439/399 398/440/398 406/432/406 407/431/407
f 398/440/398 397/441/397 405/433/405 406/432/406
f 397/441/397 396/442/396 404/434/404 405/433/405
f 396/442/396 395/443/395 403/435/403 404/434/404
f 395/443/395 394/444/394 402/436/402 403/435/403
f 394/444/394 393/266/393 401/268/401 402/436/402
f 301/445/301 392/446/392 400/438/400 303/437/303
f 392/446/392 391/447/391 399/439/399 400/438/400
f 391/447/391 390/448/390 398/440/398 399/439/399
f 390/448/390 389/449/389 397/441/397 398/440/398
f 389/449/389 388/450/388 396/442/396 397/441/397
f 388/450/388 387/451/387 395/443/395 396/442/396
f 387/451/387 386/452/386 394/444/394 395/443/395
f 386/452/386 385/264/385 393/266/393 394/444/394
f 299/453/299 384/454/384 392/446/392 301/445/301
f 384/454/384 383/455/383 391/447/391 392/446/392
f 383/455/383 382/456/382 390/448/390 391/447/391
f 382/456/382 381/457/381 389/449/389 390/448/390
f 381/457/381 380/458/380 388/450/388 389/449/389
f 380/458/380 379/459/379 387/451/387 388/450/388
f 379/459/379 378/460/378 386/452/386 387/451/387
f 378/460/378 377/262/377 385/264/385 386/452/386
f 297/461/297 376/462/376 384/454/384 299/453/299
f 376/462/376 375/463/375 383/455/383 384/454/384
f 375/463/375 374/464/374 382/456/382 383/455/383
f 374/464/374 373/465/373 381/457/381 382/456/382
f 373/465/373 372/466/372 380/458/380 381/457/381
f 372/466/372 371/467/371 379/459/379 380/458/380
f 371/467/371 370/468/370 378/460/378 379/459/379
f 370/468/370 369/260/369 377/262/377 378/460/378
f 295/469/295 368/470/368 376/462/376 297/461/297
f 368/470/368 367/471/367 375/463/375 376/462/376
f 367/471/367 366/472/366 374/464/374 375/463/375
f 366/472/366 365/473/365 373/465/373 374/464/374
f 365/473/365 364/474/364 372/466/372 373/465/373
f 364/474/364 363/475/363 371/467/371 372/466/372
f 363/475/363 362/476/362 370/468/370 371/467/371
f 362/476/362 361/258/361 369/260/369 370/468/370
f 293/477/293 360/478/360 368/470/368 295/469/295
f 360/478/360 359/479/359 367/471/367 368/470/368
f 359/479/359 358/480/358 366/472/366 367/471/367
f 358/480/358 357/481/357 365/473/365 366/472/366
f 357/481/357 356/482/356 364/474/364 365/473/365
f 356/482/356 355/483/355 363/475/363 364/474/364
f 355/483/355 354/484/354 362/476/362 363/475/363
f 354/484/354 353/256/353 361/258/361 362/476/362
f 291/485/291 352/486/352 360/478/360 293/477/293
f 352/486/352 351/487/351 359/479/359 360/478/360
f 351/487/351 350/488/350 358/480/358 359/479/359
f 350/488/350 349/489/349 357/481/357 358/480/358
f 349/489/349 348/490/348 356/482/356 357/481/357
f 348/490/348 347/491/347 355/483/355 356/482/356
f 347/491/347 346/492/346 354/484/354 355/483/355
f 346/492/346 345/254/345 353/256/353 354/484/354
f 289/493/289 337/494/337 352/486/352 291/485/291
f 337/494/337 338/495/338 351/487/351 352/486/352
f 338/495/338 339/496/339 350/488/350 351/487/351
f 339/496/339 340/497/340 349/489/349 350/488/350
f 340/497/340 341/498/341 348/490/348 349/489/349
f 341/498/341 342/499/342 347/491/347 348/490/348
f 342/499/342 343/500/343 346/492/346 347/491/347
f 343/500/343 344/251/344 345/254/345 346/492/346
f 299/453/299 301/445/301 535/445/535 534/453/534
f 309/413/309 311/405/311 540/405/540 539/413/539
f 319/373/319 321/365/321 545/365/545 544/373/544
f 329/333/329 331/325/331 550/325/550 549/333/549
f 295/469/295 297/461/297 533/461/533 532/469/532
f 305/429/305 307/421/307 538/421/538 537/429/537
f 315/389/315 317/381/317 543/381/543 542/389/542
f 325/349/325 327/341/327 548/341/548 547/349/547
f 335/301/335 289/304/289 529/304/529 552/301/552
f 291/485/291 293/477/293 531/477/531 530/485/530
f 301/445/301 303/437/303 536/437/536 535/445/535
f 311/405/311 313/397/313 541/397/541 540/405/540
f 321/365/321 323/357/323 546/357/546 545/365/545
f 331/325/331 333/317/333 551/317/551 550/325/550
f 297/461/297 299/453/299 534/453/534 533/461/533
f 307/421/307 309/413/309 539/413/539 538/421/538
f 317/381/317 319/373/319 544/373/544 543/381/543
f 327/341/327 329/333/329 549/333/549 548/341/548
f 293/477/293 295/469/295 532/469/532 531/477/531
f 303/437/303 305/429/305 537/429/537 536/437/536
f 313/397/313 315/389/315 542/389/542 541/397/541
f 289/493/289 291/485/291 530/485/530 529/493/529
f 323/357/323 325/349/325 547/349/547 546/357/546
f 333/317/333 335/301/335 552/301/552 551/317/551
f 540/405/540 541/397/541 565/397/565 564/405/564
f 533/461/533 534/453/534 558/453/558 557/461/557
f 548/341/548 549/333/549 573/333/573 572/341/572
f 541/397/541 542/389/542 566/389/566 565/397/565
f 534/453/534 535/445/535 559/445/559 558/453/558
f 549/333/549 550/325/550 574/325/574 573/333/573
f 542/389/542 543/381/543 567/381/567 566/389/566
f 535/445/535 536/437/536 560/437/560 559/445/559
f 550/325/550 551/317/551 575/317/575 574/325/574
f 543/381/543 544/373/544 568/373/568 567/381/567
f 536/437/536 537/429/537 561/429/561 560/437/560
f 551/317/551 552/301/552 576/301/576 575/317/575
f 529/493/529 530/485/530 554/485/554 553/493/553
f 544/373/544 545/365/545 569/365/569 568/373/568
f 537/429/537 538/421/538 562/421/562 561/429/561
f 552/301/552 529/304/529 553/304/553 576/301/576
f 530/485/530 531/477/531 555/477/555 554/485/554
f 545/365/545 546/357/546 570/357/570 569/365/569
f 538/421/538 539/413/539 563/413/563 562/421/562
f 531/477/531 532/469/532 556/469/556 555/477/555
f 546/357/546 547/349/547 571/349/571 570/357/570
f 539/413/539 540/405/540 564/405/564 563/413/563
f 532/469/532 533/461/533 557/461/557 556/469/556
f 547/349/547 548/341/548 572/341/572 571/349/571
o Cylinder.002
v 2.649300 -0.158979 1.206879
v 2.079569 1.155775 0.298567
v 2.786919 -0.109282 1.189758
v 2.185236 1.193921 0.285445
v 2.915373 -0.038690 1.203343
v 2.283862 1.248086 0.295940
v 3.025903 0.047982 1.246704
v 2.368715 1.314573 0.329314
v 3.110980 0.144827 1.316878
v 2.434011 1.388853 0.383260
v 3.164809 0.245245 1.409079
v 2.475318 1.465878 0.454078
v 3.183731 0.342400 1.517021
v 2.489836 1.540421 0.536937
v 3.166457 0.429675 1.633353
v 2.476583 1.607422 0.626201
v 3.114162 0.501126 1.750154
v 2.436454 1.662323 0.715811
v 3.030404 0.551883 1.859468
v 2.372169 1.701373 0.799679
v 2.920885 0.578480 1.953848
v 2.288094 1.721885 0.872100
v 2.793068 0.579099 2.026857
v 2.189956 1.722430 0.928135
v 2.655665 0.553692 2.073516
v 2.084456 1.702949 0.963953
v 2.518048 0.503990 2.090642
v 1.978808 1.664765 0.977106
v 2.389601 0.433384 2.077068
v 1.880229 1.610496 0.966696
v 2.279079 0.346693 2.033722
v 1.795443 1.543867 0.933439
v 2.194011 0.249830 1.963563
v 1.730211 1.469446 0.879609
v 2.140188 0.149397 1.871374
v 1.688953 1.392317 0.808876
v 2.121269 0.052238 1.763436
v 1.674452 1.317736 0.726048
v 2.138541 -0.035032 1.647100
v 1.687688 1.250773 0.636752
v 2.190829 -0.106470 1.530288
v 1.727769 1.195975 0.547058
v 2.274578 -0.157207 1.420958
v 1.791988 1.157067 0.463073
v 2.384088 -0.183786 1.326563
v 1.875997 1.136696 0.390536
v 2.511899 -0.184391 1.253542
v 1.974087 1.136256 0.334417
v 2.488194 0.077695 0.790943
v 2.421196 0.205113 0.652108
v 2.323462 0.429967 0.495483
v 2.252459 0.622472 0.416022
v 2.172911 0.828262 0.315368
v 2.125100 0.984721 0.293459
v 2.101289 1.079883 0.302849
v 2.089075 1.134395 0.314376
v 2.195069 1.172645 0.301200
v 2.217947 1.121975 0.288332
v 2.258333 1.032792 0.276869
v 2.326303 0.883613 0.296269
v 2.418728 0.682483 0.395326
v 2.504557 0.495368 0.472962
v 2.607517 0.272392 0.628934
v 2.667969 0.142611 0.768576
v 2.294028 1.226952 0.311690
v 2.326879 1.181737 0.299834
v 2.382753 1.101043 0.289977
v 2.469540 0.962205 0.311367
v 2.573969 0.767703 0.411710
v 2.673578 0.588266 0.490865
v 2.781429 0.367951 0.647346
v 2.835776 0.234818 0.786321
v 2.379204 1.293628 0.345124
v 2.420669 1.255126 0.336582
v 2.489894 1.184867 0.331914
v 2.592871 1.058727 0.359655
v 2.707608 0.872354 0.464069
v 2.818997 0.702318 0.547955
v 2.931074 0.485273 0.706075
v 2.980175 0.348031 0.842963
v 2.444785 1.368147 0.399216
v 2.492908 1.337169 0.396083
v 2.572432 1.278588 0.399847
v 2.687870 1.166635 0.437867
v 2.810523 0.989330 0.548851
v 2.930911 0.829741 0.640317
v 3.046255 0.616364 0.801103
v 3.091326 0.474535 0.934634
v 2.486289 1.445446 0.470268
v 2.538640 1.422290 0.474286
v 2.624692 1.375833 0.489159
v 2.748015 1.278590 0.540685
v 2.875667 1.110672 0.660284
v 3.001713 0.961856 0.761642
v 3.119132 0.752296 0.925940
v 3.161656 0.605715 1.055082
v 2.500879 1.520267 0.553429
v 2.554719 1.504683 0.565848
v 2.643068 1.469962 0.593752
v 2.769163 1.386951 0.661089
v 2.898570 1.228104 0.790765
v 3.026598 1.089674 0.903661
v 3.144748 0.883818 1.072078
v 3.186378 0.732634 1.196096
v 2.487557 1.587511 0.643025
v 2.540037 1.578719 0.664510
v 2.626288 1.554532 0.706464
v 2.749853 1.484305 0.790843
v 2.877658 1.333605 0.931379
v 3.003880 1.204503 1.056712
v 3.121362 1.001977 1.229563
v 3.163809 0.846650 1.348069
v 2.447236 1.642590 0.732951
v 2.495606 1.639333 0.763527
v 2.575514 1.623751 0.819580
v 2.691419 1.563991 0.921068
v 2.814369 1.419966 1.072522
v 2.935098 1.298529 1.210384
v 3.050563 1.098727 1.387676
v 3.095483 0.939992 1.500649
v 2.382671 1.681739 0.817084
v 2.424485 1.682384 0.856146
v 2.494253 1.672894 0.925375
v 2.597889 1.620567 1.042877
v 2.713047 1.481294 1.204566
v 2.824919 1.365342 1.354220
v 2.937167 1.167470 1.535654
v 2.986054 1.006299 1.643445
v 2.298274 1.702277 0.889705
v 2.331552 1.704939 0.936069
v 2.388090 1.698619 1.016655
v 2.475684 1.650188 1.147983
v 2.580629 1.513414 1.318525
v 2.680832 1.400371 1.478419
v 2.788892 1.203507 1.663416
v 2.842977 1.041044 1.766725
v 2.199804 1.702792 0.945881
v 2.223158 1.705465 0.997879
v 2.264285 1.699193 1.087240
v 2.333156 1.650852 1.229264
v 2.426156 1.514145 1.406661
v 2.512647 1.401210 1.574504
v 2.615841 1.204365 1.762252
v 2.676001 1.041852 1.862090
v 2.093977 1.683240 0.981794
v 2.106684 1.683931 1.037396
v 2.131262 1.674590 1.132368
v 2.180006 1.622527 1.281227
v 2.260149 1.483444 1.463001
v 2.331838 1.367785 1.635909
v 2.429814 1.169975 1.825419
v 2.496510 1.008662 1.923038
v 1.988002 1.644948 0.995003
v 1.990044 1.641801 1.051945
v 1.998047 1.626482 1.148989
v 2.026631 1.567139 1.300356
v 2.093893 1.423402 1.483723
v 2.150748 1.302374 1.658439
v 2.243502 1.102678 1.848608
v 2.316739 0.943736 1.945413
v 1.889095 1.590529 0.984606
v 1.881160 1.581935 1.040528
v 1.873673 1.558130 1.135963
v 1.883442 1.488444 1.285341
v 1.938692 1.338098 1.467409
v 1.981740 1.209446 1.640558
v 2.069613 1.007069 1.830238
v 2.148946 0.851501 1.927691
v 1.803990 1.523699 0.951297
v 1.787436 1.508404 1.003896
v 1.766596 1.474168 1.094140
v 1.760174 1.391784 1.237167
v 1.805106 1.233332 1.415144
v 1.836339 1.095356 1.583501
v 1.920000 0.889678 1.771565
v 2.004565 0.738250 1.871080
v 1.738481 1.449027 0.897332
v 1.715263 1.426218 0.944512
v 1.684122 1.380309 1.026320
v 1.665240 1.283737 1.159069
v 1.702244 1.116240 1.330456
v 1.724443 0.967895 1.491170
v 1.804851 0.758519 1.676594
v 1.893432 0.611708 1.779440
v 1.697029 1.371615 0.826372
v 1.669579 1.340993 0.866395
v 1.631909 1.282963 0.937090
v 1.605141 1.171680 1.056334
v 1.637139 0.994814 1.219092
v 1.653654 0.835751 1.369868
v 1.731997 0.622536 1.551797
v 1.823114 0.480501 1.659015
v 1.682457 1.296753 0.743245
v 1.653517 1.258562 0.774863
v 1.613549 1.188796 0.832528
v 1.584011 1.063282 0.935961
v 1.614250 0.877351 1.088636
v 1.628774 0.707923 1.227857
v 1.706390 0.490997 1.405675
v 1.798396 0.353571 1.518010
v 1.695760 1.229550 0.653615
v 1.668181 1.184564 0.676170
v 1.630313 1.104264 0.719785
v 1.603304 0.965965 0.806177
v 1.635148 0.771882 0.947997
v 1.651487 0.593104 1.074799
v 1.729767 0.372855 1.248174
v 1.820961 0.239566 1.366028
v 1.736029 1.174583 0.563597
v 1.712564 1.124054 0.577068
v 1.681040 1.035145 0.606586
v 1.661690 0.886381 0.675868
v 1.698398 0.685604 0.806785
v 1.720256 0.499106 0.921104
v 1.800542 0.276155 1.090020
v 1.889274 0.146251 1.213425
v 1.800523 1.135588 0.479337
v 1.783619 1.081145 0.484333
v 1.762237 0.986141 0.500678
v 1.755156 0.829943 0.553945
v 1.799667 0.624391 0.674647
v 1.830417 0.432333 0.777236
v 1.913907 0.207481 0.941986
v 1.998685 0.079982 1.070599
v 1.884849 1.115203 0.406590
v 1.876487 1.058733 0.404293
v 1.868336 0.960554 0.409286
v 1.877297 0.800461 0.448725
v 1.932031 0.592387 0.560594
v 1.974486 0.397342 0.653005
v 2.062150 0.171513 0.814168
v 2.141745 0.045275 0.947287
v 1.983267 1.114802 0.350323
v 1.984833 1.058311 0.342398
v 1.992095 0.960081 0.338617
v 2.019778 0.799900 0.367361
v 2.086465 0.591741 0.472388
v 2.142657 0.396532 0.556897
v 2.235178 0.170705 0.715291
v 2.308707 0.044495 0.851899
v 2.742393 -0.215794 1.541369
v 2.825351 -0.185806 1.531098
v 2.902713 -0.143204 1.539423
v 2.969172 -0.090947 1.565718
v 3.020228 -0.032636 1.608115
v 3.052477 0.027758 1.663674
v 3.063804 0.086168 1.728611
v 3.053468 0.138679 1.798559
v 3.022143 0.181756 1.868825
v 2.971882 0.212458 1.934670
v 2.906034 0.228641 1.991602
v 2.829057 0.229137 2.035687
v 2.746231 0.213865 2.063852
v 2.663280 0.183863 2.074135
v 2.585936 0.141221 2.065841
v 2.519502 0.088910 2.039590
v 2.468472 0.030546 1.997237
v 2.436241 -0.029888 1.941712
v 2.424921 -0.088313 1.876787
v 2.435250 -0.140809 1.806827
v 2.466557 -0.183846 1.736528
v 2.516792 -0.214493 1.670639
v 2.582614 -0.230623 1.613664
v 2.659574 -0.231081 1.569546
v 2.767349 -0.118136 1.763965
v 2.792890 -0.108903 1.760792
v 2.816715 -0.095780 1.763325
v 2.837196 -0.079674 1.771385
v 2.852942 -0.061693 1.784412
v 2.862897 -0.043065 1.801512
v 2.866394 -0.025052 1.821522
v 2.863202 -0.008873 1.843090
v 2.853533 0.004377 1.864756
v 2.838031 0.013798 1.885052
v 2.817738 0.018742 1.902589
v 2.794031 0.018865 1.916163
v 2.768530 0.014152 1.924833
v 2.742986 0.004924 1.928002
v 2.719153 -0.008182 1.925454
v 2.698662 -0.024264 1.917375
v 2.682904 -0.042222 1.904330
v 2.672943 -0.060834 1.887216
v 2.669442 -0.078840 1.867201
v 2.672637 -0.095025 1.845638
v 2.682314 -0.108293 1.823985
v 2.697827 -0.117736 1.803709
v 2.718130 -0.122704 1.786190
v 2.741845 -0.122844 1.772631
v -2.649301 -0.158979 1.206879
v -2.079569 1.155775 0.298567
v -2.786920 -0.109282 1.189757
v -2.185236 1.193921 0.285445
v -2.915374 -0.038690 1.203343
v -2.283863 1.248086 0.295940
v -3.025904 0.047982 1.246704
v -2.368716 1.314573 0.329314
v -3.110981 0.144827 1.316878
v -2.434012 1.388853 0.383259
v -3.164810 0.245245 1.409078
v -2.475319 1.465878 0.454078
v -3.183731 0.342400 1.517020
v -2.489836 1.540421 0.536936
v -3.166458 0.429675 1.633353
v -2.476583 1.607422 0.626201
v -3.114162 0.501126 1.750153
v -2.436455 1.662323 0.715811
v -3.030405 0.551883 1.859468
v -2.372170 1.701374 0.799679
v -2.920886 0.578480 1.953848
v -2.288095 1.721885 0.872100
v -2.793068 0.579099 2.026857
v -2.189957 1.722431 0.928135
v -2.655666 0.553692 2.073516
v -2.084457 1.702949 0.963953
v -2.518049 0.503990 2.090642
v -1.978808 1.664765 0.977106
v -2.389602 0.433384 2.077068
v -1.880229 1.610496 0.966696
v -2.279079 0.346693 2.033722
v -1.795444 1.543867 0.933439
v -2.194012 0.249830 1.963563
v -1.730212 1.469446 0.879609
v -2.140188 0.149397 1.871374
v -1.688953 1.392317 0.808876
v -2.121270 0.052238 1.763436
v -1.674453 1.317737 0.726048
v -2.138541 -0.035032 1.647100
v -1.687689 1.250773 0.636752
v -2.190830 -0.106470 1.530288
v -1.727769 1.195975 0.547058
v -2.274579 -0.157208 1.420958
v -1.791988 1.157067 0.463073
v -2.384089 -0.183786 1.326563
v -1.875998 1.136697 0.390536
v -2.511900 -0.184391 1.253542
v -1.974087 1.136256 0.334417
v -2.488195 0.077694 0.790943
v -2.421196 0.205113 0.652108
v -2.323462 0.429967 0.495483
v -2.252459 0.622472 0.416022
v -2.172912 0.828262 0.315368
v -2.125101 0.984721 0.293459
v -2.101289 1.079883 0.302849
v -2.089076 1.134395 0.314376
v -2.195070 1.172645 0.301200
v -2.217948 1.121975 0.288332
v -2.258334 1.032792 0.276869
v -2.326304 0.883613 0.296269
v -2.418729 0.682483 0.395326
v -2.504557 0.495368 0.472962
v -2.607517 0.272392 0.628934
v -2.667970 0.142611 0.768575
v -2.294029 1.226952 0.311689
v -2.326880 1.181737 0.299834
v -2.382754 1.101043 0.289977
v -2.469541 0.962205 0.311367
v -2.573969 0.767703 0.411709
v -2.673579 0.588266 0.490865
v -2.781430 0.367951 0.647345
v -2.835776 0.234818 0.786321
v -2.379205 1.293628 0.345124
v -2.420670 1.255126 0.336582
v -2.489895 1.184867 0.331913
v -2.592871 1.058727 0.359655
v -2.707608 0.872354 0.464069
v -2.818997 0.702318 0.547955
v -2.931075 0.485273 0.706075
v -2.980175 0.348031 0.842963
v -2.444785 1.368147 0.399216
v -2.492908 1.337169 0.396083
v -2.572433 1.278588 0.399847
v -2.687871 1.166635 0.437866
v -2.810524 0.989330 0.548851
v -2.930912 0.829741 0.640317
v -3.046256 0.616364 0.801102
v -3.091326 0.474535 0.934634
v -2.486290 1.445446 0.470268
v -2.538640 1.422290 0.474285
v -2.624693 1.375833 0.489159
v -2.748016 1.278590 0.540685
v -2.875667 1.110672 0.660284
v -3.001713 0.961856 0.761642
v -3.119132 0.752296 0.925940
v -3.161657 0.605715 1.055082
v -2.500880 1.520267 0.553429
v -2.554720 1.504683 0.565848
v -2.643069 1.469962 0.593752
v -2.769165 1.386951 0.661089
v -2.898571 1.228104 0.790765
v -3.026599 1.089674 0.903661
v -3.144748 0.883818 1.072077
v -3.186379 0.732634 1.196096
v -2.487558 1.587511 0.643025
v -2.540038 1.578719 0.664510
v -2.626289 1.554532 0.706464
v -2.749854 1.484305 0.790842
v -2.877659 1.333605 0.931379
v -3.003881 1.204503 1.056712
v -3.121362 1.001977 1.229563
v -3.163809 0.846650 1.348069
v -2.447237 1.642590 0.732950
v -2.495607 1.639333 0.763527
v -2.575515 1.623751 0.819580
v -2.691420 1.563991 0.921068
v -2.814370 1.419966 1.072522
v -2.935099 1.298529 1.210384
v -3.050564 1.098727 1.387676
v -3.095483 0.939992 1.500649
v -2.382671 1.681739 0.817084
v -2.424486 1.682384 0.856146
v -2.494254 1.672894 0.925375
v -2.597890 1.620568 1.042876
v -2.713048 1.481294 1.204566
v -2.824920 1.365342 1.354220
v -2.937168 1.167470 1.535654
v -2.986055 1.006299 1.643444
v -2.298274 1.702277 0.889705
v -2.331553 1.704939 0.936069
v -2.388091 1.698619 1.016655
v -2.475685 1.650188 1.147983
v -2.580629 1.513414 1.318525
v -2.680832 1.400371 1.478418
v -2.788893 1.203507 1.663416
v -2.842977 1.041044 1.766725
v -2.199805 1.702792 0.945880
v -2.223159 1.705465 0.997879
v -2.264286 1.699193 1.087240
v -2.333156 1.650852 1.229264
v -2.426157 1.514145 1.406661
v -2.512648 1.401210 1.574503
v -2.615841 1.204365 1.762252
v -2.676002 1.041852 1.862090
v -2.093978 1.683240 0.981794
v -2.106685 1.683931 1.037396
v -2.131263 1.674590 1.132368
v -2.180007 1.622527 1.281227
v -2.260149 1.483445 1.463001
v -2.331839 1.367785 1.635909
v -2.429815 1.169975 1.825419
v -2.496511 1.008662 1.923038
v -1.988002 1.644948 0.995003
v -1.990045 1.641801 1.051945
v -1.998048 1.626482 1.148989
v -2.026631 1.567139 1.300356
v -2.093894 1.423403 1.483723
v -2.150748 1.302374 1.658438
v -2.243502 1.102678 1.848608
v -2.316740 0.943736 1.945413
v -1.889095 1.590529 0.984606
v -1.881160 1.581935 1.040528
v -1.873673 1.558130 1.135963
v -1.883443 1.488444 1.285341
v -1.938693 1.338098 1.467409
v -1.981740 1.209447 1.640558
v -2.069614 1.007069 1.830238
v -2.148947 0.851501 1.927691
v -1.803990 1.523700 0.951297
v -1.787436 1.508404 1.003896
v -1.766597 1.474168 1.094140
v -1.760175 1.391784 1.237167
v -1.805106 1.233332 1.415144
v -1.836339 1.095356 1.583500
v -1.920001 0.889678 1.771565
v -2.004565 0.738250 1.871080
v -1.738481 1.449027 0.897331
v -1.715263 1.426218 0.944512
v -1.684123 1.380309 1.026320
v -1.665240 1.283737 1.159069
v -1.702244 1.116240 1.330456
v -1.724443 0.967895 1.491170
v -1.804851 0.758519 1.676593
v -1.893432 0.611708 1.779440
v -1.697030 1.371615 0.826372
v -1.669580 1.340994 0.866395
v -1.631909 1.282963 0.937090
v -1.605142 1.171680 1.056334
v -1.637139 0.994814 1.219092
v -1.653655 0.835751 1.369868
v -1.731997 0.622536 1.551797
v -1.823114 0.480501 1.659015
v -1.682457 1.296753 0.743245
v -1.653517 1.258562 0.774863
v -1.613550 1.188797 0.832527
v -1.584012 1.063282 0.935960
v -1.614251 0.877351 1.088636
v -1.628774 0.707923 1.227857
v -1.706390 0.490997 1.405675
v -1.798397 0.353571 1.518009
v -1.695760 1.229550 0.653615
v -1.668182 1.184564 0.676170
v -1.630313 1.104264 0.719785
v -1.603304 0.965965 0.806177
v -1.635149 0.771882 0.947997
v -1.651487 0.593104 1.074799
v -1.729767 0.372855 1.248174
v -1.820962 0.239566 1.366028
v -1.736030 1.174583 0.563597
v -1.712564 1.124054 0.577068
v -1.681040 1.035145 0.606586
v -1.661691 0.886381 0.675867
v -1.698398 0.685604 0.806785
v -1.720257 0.499106 0.921103
v -1.800543 0.276155 1.090019
v -1.889275 0.146251 1.213425
v -1.800523 1.135588 0.479337
v -1.783620 1.081146 0.484332
v -1.762238 0.986141 0.500678
v -1.755157 0.829943 0.553945
v -1.799667 0.624391 0.674647
v -1.830418 0.432333 0.777236
v -1.913908 0.207481 0.941985
v -1.998686 0.079982 1.070599
v -1.884850 1.115204 0.406590
v -1.876488 1.058733 0.404293
v -1.868337 0.960554 0.409285
v -1.877297 0.800461 0.448725
v -1.932032 0.592387 0.560593
v -1.974487 0.397342 0.653005
v -2.062151 0.171513 0.814167
v -2.141746 0.045275 0.947287
v -1.983267 1.114802 0.350323
v -1.984833 1.058311 0.342397
v -1.992095 0.960081 0.338617
v -2.019779 0.799900 0.367361
v -2.086466 0.591741 0.472388
v -2.142658 0.396532 0.556897
v -2.235179 0.170705 0.715291
v -2.308708 0.044495 0.851899
v -2.742394 -0.215794 1.541369
v -2.825351 -0.185806 1.531098
v -2.902714 -0.143204 1.539422
v -2.969173 -0.090947 1.565718
v -3.020228 -0.032636 1.608115
v -3.052478 0.027758 1.663674
v -3.063805 0.086168 1.728611
v -3.053469 0.138679 1.798559
v -3.022143 0.181756 1.868825
v -2.971883 0.212458 1.934670
v -2.906035 0.228642 1.991602
v -2.829058 0.229137 2.035687
v -2.746232 0.213865 2.063852
v -2.663280 0.183863 2.074135
v -2.585937 0.141221 2.065841
v -2.519502 0.088910 2.039590
v -2.468472 0.030546 1.997237
v -2.436241 -0.029888 1.941712
v -2.424922 -0.088313 1.876787
v -2.435251 -0.140809 1.806827
v -2.466557 -0.183846 1.736528
v -2.516793 -0.214493 1.670639
v -2.582615 -0.230624 1.613664
v -2.659574 -0.231081 1.569546
v -2.767349 -0.118136 1.763965
v -2.792891 -0.108903 1.760792
v -2.816716 -0.095780 1.763325
v -2.837197 -0.079674 1.771385
v -2.852943 -0.061694 1.784412
v -2.862897 -0.043065 1.801512
v -2.866395 -0.025052 1.821522
v -2.863203 -0.008873 1.843090
v -2.853533 0.004377 1.864756
v -2.838031 0.013798 1.885052
v -2.817739 0.018742 1.902589
v -2.794032 0.018865 1.916163
v -2.768531 0.014152 1.924833
v -2.742986 0.004924 1.928002
v -2.719153 -0.008182 1.925454
v -2.698663 -0.024264 1.917375
v -2.682905 -0.042222 1.904330
v -2.672944 -0.060834 1.887216
v -2.669443 -0.078840 1.867201
v -2.672638 -0.095025 1.845638
v -2.682315 -0.108293 1.823985
v -2.697827 -0.117736 1.803709
v -2.718131 -0.122704 1.786190
v -2.741845 -0.122844 1.772631
vn 0.1596 -0.9098 -0.3831
vn -0.0215 -0.6003 -0.7995
vn 0.3715 -0.8334 -0.4092
vn 0.2206 -0.5123 -0.8300
vn 0.5697 -0.7247 -0.3877
vn 0.4467 -0.3863 -0.8070
vn 0.7406 -0.5909 -0.3199
vn 0.6415 -0.2309 -0.7315
vn 0.8726 -0.4409 -0.2102
vn 0.7918 -0.0569 -0.6081
vn 0.9563 -0.2848 -0.0662
vn 0.8872 0.1237 -0.4445
vn 0.9858 -0.1333 0.1024
vn 0.9208 0.2980 -0.2518
vn 0.9589 0.0030 0.2838
vn 0.8901 0.4536 -0.0433
vn 0.8776 0.1148 0.4655
vn 0.7975 0.5799 0.1663
vn 0.7476 0.1944 0.6350
vn 0.6495 0.6685 0.3622
vn 0.5783 0.2363 0.7809
vn 0.4565 0.7139 0.5310
vn 0.3811 0.2379 0.8934
vn 0.2316 0.7138 0.6609
vn 0.1695 0.1990 0.9652
vn -0.0102 0.6686 0.7435
vn -0.0423 0.1223 0.9916
vn -0.2527 0.5815 0.7733
vn -0.2401 0.0128 0.9707
vn -0.4799 0.4582 0.7481
vn -0.4106 -0.1219 0.9036
vn -0.6764 0.3064 0.6698
vn -0.5421 -0.2729 0.7948
vn -0.8284 0.1359 0.5434
vn -0.6255 -0.4297 0.6513
vn -0.9250 -0.0421 0.3777
vn -0.6548 -0.5814 0.4829
vn -0.9590 -0.2154 0.1842
vn -0.6280 -0.7175 0.3013
vn -0.9279 -0.3720 -0.0235
vn -0.5471 -0.8286 0.1190
vn -0.8341 -0.5009 -0.2310
vn -0.4176 -0.9072 -0.0513
vn -0.6845 -0.5931 -0.4240
vn -0.2487 -0.9482 -0.1979
vn -0.4898 -0.6421 -0.5898
vn -0.0518 -0.9490 -0.3111
vn -0.2637 -0.6445 -0.7177
vn 0.0741 -0.7892 -0.6096
vn 0.0045 -0.6567 -0.7541
vn -0.0641 -0.4991 -0.8641
vn -0.0886 -0.4361 -0.8955
vn -0.1258 -0.3331 -0.9345
vn -0.2040 -0.0816 -0.9756
vn -0.2476 0.0873 -0.9649
vn -0.1583 -0.2348 -0.9591
vn 0.0576 -0.1562 -0.9860
vn -0.0801 0.1481 -0.9857
vn -0.0086 -0.0108 -0.9999
vn 0.1006 -0.2512 -0.9627
vn 0.1464 -0.3513 -0.9248
vn 0.1748 -0.4128 -0.8939
vn 0.2470 -0.5691 -0.7843
vn 0.3099 -0.7041 -0.6389
vn 0.2590 -0.0438 -0.9649
vn 0.0762 0.2351 -0.9690
vn 0.1740 0.0902 -0.9806
vn 0.3122 -0.1346 -0.9404
vn 0.3662 -0.2304 -0.9016
vn 0.3983 -0.2899 -0.8702
vn 0.4738 -0.4444 -0.7603
vn 0.5304 -0.5830 -0.6154
vn 0.4321 0.0946 -0.8969
vn 0.2106 0.3421 -0.9158
vn 0.3314 0.2147 -0.9187
vn 0.4951 0.0092 -0.8688
vn 0.5561 -0.0815 -0.8271
vn 0.5913 -0.1385 -0.7945
vn 0.6697 -0.2907 -0.6834
vn 0.7209 -0.4339 -0.5404
vn 0.5653 0.2494 -0.7863
vn 0.3140 0.4617 -0.8296
vn 0.4529 0.3542 -0.8182
vn 0.6364 0.1705 -0.7523
vn 0.7030 0.0858 -0.7060
vn 0.7405 0.0314 -0.6714
vn 0.8211 -0.1182 -0.5585
vn 0.8681 -0.2664 -0.4188
vn 0.6496 0.4097 -0.6405
vn 0.3795 0.5858 -0.7162
vn 0.5300 0.4991 -0.6856
vn 0.7262 0.3385 -0.5984
vn 0.7963 0.2599 -0.5462
vn 0.8352 0.2082 -0.5090
vn 0.9172 0.0613 -0.3937
vn 0.9616 -0.0922 -0.2585
vn 0.6792 0.5644 -0.4691
vn 0.4025 0.7056 -0.5832
vn 0.5571 0.6394 -0.5299
vn 0.7578 0.5012 -0.4177
vn 0.8292 0.4287 -0.3586
vn 0.8685 0.3797 -0.3186
vn 0.9510 0.2352 -0.2004
vn 0.9945 0.0769 -0.0705
vn 0.6522 0.7028 -0.2840
vn 0.3815 0.8131 -0.4398
vn 0.5324 0.7652 -0.3620
vn 0.7290 0.6473 -0.2229
vn 0.7992 0.5804 -0.1565
vn 0.8381 0.5336 -0.1133
vn 0.9201 0.3915 0.0079
vn 0.9645 0.2289 0.1319
vn 0.5704 0.8156 -0.0978
vn 0.3180 0.9008 -0.2956
vn 0.4575 0.8679 -0.1935
vn 0.6417 0.7664 -0.0276
vn 0.7085 0.7042 0.0460
vn 0.7461 0.6594 0.0923
vn 0.8268 0.5192 0.2166
vn 0.8737 0.3532 0.3347
vn 0.4392 0.8951 0.0766
vn 0.2162 0.9630 -0.1606
vn 0.3379 0.9405 -0.0361
vn 0.5026 0.8506 0.1545
vn 0.5639 0.7918 0.2348
vn 0.5992 0.7485 0.2841
vn 0.6777 0.6095 0.4113
vn 0.7287 0.4412 0.5237
vn 0.2677 0.9364 0.2271
vn 0.0830 0.9956 -0.0442
vn 0.1819 0.9783 0.0993
vn 0.3214 0.8944 0.3109
vn 0.3757 0.8374 0.3970
vn 0.4080 0.7949 0.4490
vn 0.4836 0.6567 0.5787
vn 0.5400 0.4873 0.6862
vn 0.0674 0.9368 0.3432
vn -0.0725 0.9963 0.0457
vn 0.0003 0.9790 0.2038
vn 0.1108 0.8953 0.4315
vn 0.1570 0.8384 0.5219
vn 0.1856 0.7960 0.5761
vn 0.2579 0.6578 0.7077
vn 0.3206 0.4886 0.8115
vn -0.1482 0.8968 0.4170
vn -0.2398 0.9654 0.1029
vn -0.1948 0.9429 0.2702
vn -0.1152 0.8534 0.5083
vn -0.0776 0.7950 0.6016
vn -0.0529 0.7519 0.6572
vn 0.0158 0.6130 0.7899
vn 0.0852 0.4451 0.8914
vn -0.3645 0.8189 0.4434
vn -0.4075 0.9048 0.1234
vn -0.3904 0.8723 0.2944
vn -0.3416 0.7717 0.5364
vn -0.3126 0.7102 0.6308
vn -0.2919 0.6656 0.6869
vn -0.2267 0.5254 0.8201
vn -0.1505 0.3599 0.9208
vn -0.5667 0.7085 0.4206
vn -0.5642 0.8188 0.1059
vn -0.5732 0.7720 0.2745
vn -0.5534 0.6555 0.5139
vn -0.5324 0.5894 0.6076
vn -0.5154 0.5427 0.6632
vn -0.4536 0.4007 0.7960
vn -0.3709 0.2386 0.8975
vn -0.7411 0.5728 0.3503
vn -0.6992 0.7131 0.0517
vn -0.7311 0.6485 0.2118
vn -0.7365 0.5122 0.4418
vn -0.7224 0.4405 0.5331
vn -0.7084 0.3913 0.5874
vn -0.6495 0.2471 0.7191
vn -0.5612 0.0890 0.8229
vn -0.8756 0.4207 0.2376
vn -0.8032 0.5947 -0.0356
vn -0.8531 0.5100 0.1105
vn -0.8781 0.3514 0.3249
vn -0.8693 0.2733 0.4120
vn -0.8576 0.2215 0.4643
vn -0.8009 0.0747 0.5941
vn -0.7082 -0.0789 0.7016
vn -0.9608 0.2623 0.0901
vn -0.8690 0.4716 -0.1497
vn -0.9304 0.3657 -0.0227
vn -0.9680 0.1838 0.1707
vn -0.9626 0.0992 0.2521
vn -0.9523 0.0447 0.3019
vn -0.8970 -0.1048 0.4293
vn -0.8016 -0.2535 0.5415
vn -0.9907 0.1083 -0.0818
vn -0.8922 0.3520 -0.2829
vn -0.9577 0.2257 -0.1786
vn -0.9997 0.0212 -0.0101
vn -0.9955 -0.0696 0.0646
vn -0.9857 -0.1267 0.1115
vn -0.9309 -0.2787 0.2360
vn -0.8345 -0.4226 0.3537
vn -0.9634 -0.0308 -0.2664
vn -0.8711 0.2443 -0.4261
vn -0.9328 0.0996 -0.3463
vn -0.9708 -0.1250 -0.2048
vn -0.9655 -0.2213 -0.1376
vn -0.9552 -0.2807 -0.0938
vn -0.9000 -0.4350 0.0277
vn -0.8044 -0.5745 0.1511
vn -0.8806 -0.1455 -0.4509
vn -0.8071 0.1556 -0.5695
vn -0.8576 -0.0038 -0.5142
vn -0.8834 -0.2445 -0.3998
vn -0.8748 -0.3451 -0.3401
vn -0.8632 -0.4065 -0.2994
vn -0.8066 -0.5627 -0.1810
vn -0.7138 -0.6985 -0.0519
vn -0.7482 -0.2278 -0.6231
vn -0.7047 0.0921 -0.7035
vn -0.7376 -0.0773 -0.6708
vn -0.7440 -0.3292 -0.5814
vn -0.7302 -0.4328 -0.5288
vn -0.7163 -0.4956 -0.4912
vn -0.6575 -0.6531 -0.3756
vn -0.5690 -0.7861 -0.2413
vn -0.5755 -0.2717 -0.7714
vn -0.5710 0.0583 -0.8189
vn -0.5812 -0.1160 -0.8055
vn -0.5626 -0.3736 -0.7375
vn -0.5419 -0.4784 -0.6909
vn -0.5251 -0.5421 -0.6560
vn -0.4634 -0.7003 -0.5429
vn -0.3805 -0.8318 -0.4041
vn -0.3742 -0.2742 -0.8859
vn -0.4151 0.0566 -0.9080
vn -0.3992 -0.1175 -0.9093
vn -0.3518 -0.3748 -0.8578
vn -0.3232 -0.4795 -0.8159
vn -0.3027 -0.5432 -0.7831
vn -0.2377 -0.7015 -0.6719
vn -0.1612 -0.8328 -0.5296
vn 0.2736 -0.9606 0.0486
vn 0.4124 -0.9105 0.0316
vn 0.5419 -0.8392 0.0459
vn 0.6534 -0.7516 0.0906
vn 0.7393 -0.6535 0.1625
vn 0.7936 -0.5517 0.2566
vn 0.8126 -0.4530 0.3666
vn 0.7952 -0.3641 0.4848
vn 0.7425 -0.2910 0.6033
vn 0.6580 -0.2388 0.7142
vn 0.5475 -0.2111 0.8097
vn 0.4186 -0.2098 0.8836
vn 0.2801 -0.2352 0.9307
vn 0.1414 -0.2855 0.9479
vn 0.0121 -0.3573 0.9339
vn -0.0991 -0.4456 0.8897
vn -0.1846 -0.5442 0.8184
vn -0.2387 -0.6465 0.7246
vn -0.2577 -0.7454 0.6148
vn -0.2404 -0.8341 0.4965
vn -0.1879 -0.9067 0.3775
vn -0.1037 -0.9583 0.2662
vn 0.0065 -0.9854 0.1701
vn 0.1352 -0.9862 0.0959
vn 0.3215 -0.8799 0.3500
vn 0.3912 -0.8546 0.3414
vn 0.4562 -0.8188 0.3486
vn 0.5121 -0.7747 0.3711
vn 0.5550 -0.7254 0.4071
vn 0.5822 -0.6743 0.4543
vn 0.5918 -0.6248 0.5094
vn 0.5831 -0.5802 0.5687
vn 0.5567 -0.5436 0.6282
vn 0.5144 -0.5174 0.6839
vn 0.4590 -0.5035 0.7320
vn 0.3943 -0.5029 0.7692
vn 0.3247 -0.5157 0.7929
vn 0.2551 -0.5409 0.8015
vn 0.1901 -0.5769 0.7944
vn 0.1343 -0.6212 0.7721
vn 0.0914 -0.6706 0.7361
vn 0.0643 -0.7219 0.6890
vn 0.0547 -0.7714 0.6340
vn 0.0634 -0.8160 0.5746
vn 0.0897 -0.8525 0.5150
vn 0.1320 -0.8785 0.4592
vn 0.1873 -0.8922 0.4110
vn 0.2519 -0.8927 0.3737
vn -0.1596 -0.9098 -0.3831
vn 0.0215 -0.6003 -0.7995
vn -0.3715 -0.8334 -0.4092
vn -0.2206 -0.5123 -0.8300
vn -0.5697 -0.7247 -0.3877
vn -0.4467 -0.3863 -0.8070
vn -0.7406 -0.5909 -0.3199
vn -0.6415 -0.2309 -0.7315
vn -0.8726 -0.4409 -0.2102
vn -0.7918 -0.0569 -0.6081
vn -0.9563 -0.2848 -0.0662
vn -0.8872 0.1237 -0.4445
vn -0.9858 -0.1333 0.1024
vn -0.9208 0.2980 -0.2518
vn -0.9589 0.0030 0.2838
vn -0.8901 0.4536 -0.0433
vn -0.8776 0.1148 0.4655
vn -0.7975 0.5799 0.1663
vn -0.7476 0.1944 0.6350
vn -0.6495 0.6685 0.3622
vn -0.5783 0.2363 0.7809
vn -0.4565 0.7139 0.5310
vn -0.3811 0.2379 0.8934
vn -0.2316 0.7138 0.6609
vn -0.1695 0.1990 0.9652
vn 0.0102 0.6686 0.7435
vn 0.0423 0.1223 0.9916
vn 0.2527 0.5815 0.7733
vn 0.2401 0.0128 0.9707
vn 0.4799 0.4582 0.7481
vn 0.4106 -0.1219 0.9036
vn 0.6764 0.3064 0.6698
vn 0.5421 -0.2729 0.7948
vn 0.8284 0.1359 0.5434
vn 0.6255 -0.4297 0.6513
vn 0.9250 -0.0421 0.3777
vn 0.6548 -0.5814 0.4829
vn 0.9590 -0.2154 0.1842
vn 0.6280 -0.7175 0.3013
vn 0.9279 -0.3720 -0.0235
vn 0.5471 -0.8286 0.1190
vn 0.8341 -0.5009 -0.2310
vn 0.4176 -0.9072 -0.0513
vn 0.6845 -0.5931 -0.4240
vn 0.2487 -0.9482 -0.1979
vn 0.4898 -0.6421 -0.5898
vn 0.0518 -0.9490 -0.3111
vn 0.2637 -0.6445 -0.7177
vn -0.0741 -0.7892 -0.6096
vn -0.0044 -0.6567 -0.7541
vn 0.0641 -0.4991 -0.8641
vn 0.0886 -0.4361 -0.8955
vn 0.1258 -0.3331 -0.9345
vn 0.2040 -0.0816 -0.9756
vn 0.2476 0.0873 -0.9649
vn 0.1583 -0.2348 -0.9591
vn -0.0576 -0.1562 -0.9860
vn 0.0801 0.1481 -0.9857
vn 0.0086 -0.0108 -0.9999
vn -0.1006 -0.2512 -0.9627
vn -0.1464 -0.3513 -0.9248
vn -0.1748 -0.4128 -0.8939
vn -0.2470 -0.5691 -0.7843
vn -0.3099 -0.7041 -0.6389
vn -0.2589 -0.0438 -0.9649
vn -0.0762 0.2351 -0.9690
vn -0.1740 0.0902 -0.9806
vn -0.3122 -0.1346 -0.9404
vn -0.3662 -0.2304 -0.9016
vn -0.3983 -0.2899 -0.8702
vn -0.4738 -0.4444 -0.7603
vn -0.5304 -0.5830 -0.6154
vn -0.4321 0.0946 -0.8969
vn -0.2106 0.3421 -0.9158
vn -0.3314 0.2147 -0.9187
vn -0.4951 0.0092 -0.8688
vn -0.5561 -0.0815 -0.8271
vn -0.5913 -0.1385 -0.7945
vn -0.6697 -0.2907 -0.6834
vn -0.7209 -0.4339 -0.5404
vn -0.5653 0.2494 -0.7863
vn -0.3140 0.4617 -0.8296
vn -0.4529 0.3542 -0.8182
vn -0.6364 0.1705 -0.7523
vn -0.7030 0.0858 -0.7060
vn -0.7405 0.0314 -0.6714
vn -0.8211 -0.1182 -0.5585
vn -0.8681 -0.2664 -0.4188
vn -0.6496 0.4097 -0.6404
vn -0.3795 0.5858 -0.7162
vn -0.5300 0.4991 -0.6856
vn -0.7262 0.3385 -0.5984
vn -0.7963 0.2599 -0.5462
vn -0.8352 0.2082 -0.5090
vn -0.9172 0.0613 -0.3937
vn -0.9616 -0.0922 -0.2585
vn -0.6792 0.5644 -0.4691
vn -0.4025 0.7056 -0.5832
vn -0.5571 0.6394 -0.5299
vn -0.7578 0.5012 -0.4177
vn -0.8292 0.4287 -0.3586
vn -0.8685 0.3797 -0.3186
vn -0.9510 0.2352 -0.2004
vn -0.9945 0.0769 -0.0705
vn -0.6522 0.7028 -0.2840
vn -0.3815 0.8131 -0.4398
vn -0.5324 0.7652 -0.3620
vn -0.7290 0.6473 -0.2229
vn -0.7992 0.5804 -0.1565
vn -0.8381 0.5336 -0.1133
vn -0.9201 0.3915 0.0079
vn -0.9645 0.2289 0.1319
vn -0.5703 0.8156 -0.0978
vn -0.3180 0.9008 -0.2956
vn -0.4575 0.8679 -0.1935
vn -0.6417 0.7664 -0.0276
vn -0.7085 0.7042 0.0460
vn -0.7461 0.6594 0.0923
vn -0.8268 0.5192 0.2166
vn -0.8737 0.3532 0.3347
vn -0.4392 0.8951 0.0766
vn -0.2162 0.9630 -0.1606
vn -0.3379 0.9405 -0.0361
vn -0.5026 0.8506 0.1545
vn -0.5639 0.7918 0.2348
vn -0.5992 0.7485 0.2841
vn -0.6777 0.6095 0.4113
vn -0.7287 0.4412 0.5237
vn -0.2677 0.9364 0.2271
vn -0.0830 0.9956 -0.0442
vn -0.1819 0.9783 0.0993
vn -0.3214 0.8944 0.3110
vn -0.3757 0.8374 0.3970
vn -0.4080 0.7949 0.4490
vn -0.4836 0.6567 0.5787
vn -0.5400 0.4873 0.6862
vn -0.0674 0.9368 0.3432
vn 0.0725 0.9963 0.0457
vn -0.0003 0.9790 0.2038
vn -0.1108 0.8953 0.4315
vn -0.1570 0.8384 0.5219
vn -0.1856 0.7960 0.5761
vn -0.2579 0.6578 0.7077
vn -0.3206 0.4886 0.8115
vn 0.1482 0.8968 0.4170
vn 0.2398 0.9654 0.1029
vn 0.1948 0.9429 0.2702
vn 0.1152 0.8534 0.5083
vn 0.0776 0.7950 0.6016
vn 0.0529 0.7519 0.6572
vn -0.0158 0.6130 0.7899
vn -0.0852 0.4451 0.8914
vn 0.3645 0.8189 0.4434
vn 0.4075 0.9048 0.1234
vn 0.3904 0.8723 0.2944
vn 0.3416 0.7717 0.5364
vn 0.3126 0.7102 0.6308
vn 0.2919 0.6656 0.6869
vn 0.2267 0.5254 0.8201
vn 0.1505 0.3599 0.9208
vn 0.5667 0.7085 0.4206
vn 0.5642 0.8188 0.1059
vn 0.5732 0.7720 0.2745
vn 0.5534 0.6555 0.5139
vn 0.5324 0.5894 0.6076
vn 0.5154 0.5427 0.6632
vn 0.4536 0.4007 0.7960
vn 0.3709 0.2386 0.8975
vn 0.7411 0.5728 0.3503
vn 0.6992 0.7131 0.0517
vn 0.7311 0.6485 0.2118
vn 0.7365 0.5122 0.4418
vn 0.7224 0.4405 0.5331
vn 0.7084 0.3913 0.5874
vn 0.6495 0.2471 0.7191
vn 0.5612 0.0890 0.8229
vn 0.8756 0.4207 0.2376
vn 0.8032 0.5947 -0.0356
vn 0.8531 0.5100 0.1105
vn 0.8781 0.3514 0.3249
vn 0.8693 0.2733 0.4120
vn 0.8576 0.2215 0.4643
vn 0.8009 0.0747 0.5941
vn 0.7082 -0.0789 0.7016
vn 0.9608 0.2623 0.0901
vn 0.8690 0.4716 -0.1497
vn 0.9304 0.3657 -0.0227
vn 0.9680 0.1838 0.1707
vn 0.9626 0.0992 0.2521
vn 0.9523 0.0447 0.3019
vn 0.8970 -0.1048 0.4293
vn 0.8016 -0.2535 0.5415
vn 0.9907 0.1084 -0.0818
vn 0.8922 0.3520 -0.2829
vn 0.9577 0.2257 -0.1786
vn 0.9997 0.0212 -0.0101
vn 0.9955 -0.0696 0.0646
vn 0.9857 -0.1267 0.1115
vn 0.9309 -0.2787 0.2360
vn 0.8345 -0.4226 0.3537
vn 0.9634 -0.0308 -0.2664
vn 0.8711 0.2442 -0.4261
vn 0.9328 0.0996 -0.3463
vn 0.9708 -0.1250 -0.2048
vn 0.9655 -0.2213 -0.1376
vn 0.9552 -0.2807 -0.0938
vn 0.9000 -0.4350 0.0277
vn 0.8044 -0.5745 0.1511
vn 0.8806 -0.1455 -0.4509
vn 0.8071 0.1556 -0.5695
vn 0.8576 -0.0038 -0.5142
vn 0.8834 -0.2445 -0.3998
vn 0.8748 -0.3451 -0.3401
vn 0.8632 -0.4065 -0.2994
vn 0.8066 -0.5627 -0.1810
vn 0.7138 -0.6985 -0.0519
vn 0.7482 -0.2278 -0.6231
vn 0.7047 0.0921 -0.7035
vn 0.7376 -0.0773 -0.6708
vn 0.7440 -0.3292 -0.5814
vn 0.7302 -0.4328 -0.5288
vn 0.7163 -0.4956 -0.4912
vn 0.6575 -0.6531 -0.3756
vn 0.5690 -0.7861 -0.2413
vn 0.5755 -0.2717 -0.7714
vn 0.5710 0.0583 -0.8189
vn 0.5812 -0.1160 -0.8055
vn 0.5626 -0.3736 -0.7375
vn 0.5419 -0.4784 -0.6909
vn 0.5251 -0.5421 -0.6560
vn 0.4634 -0.7003 -0.5429
vn 0.3805 -0.8318 -0.4041
vn 0.3742 -0.2742 -0.8859
vn 0.4151 0.0566 -0.9080
vn 0.3992 -0.1175 -0.9093
vn 0.3518 -0.3748 -0.8578
vn 0.3232 -0.4795 -0.8159
vn 0.3027 -0.5432 -0.7831
vn 0.2377 -0.7015 -0.6719
vn 0.1612 -0.8328 -0.5296
vn -0.2736 -0.9606 0.0486
vn -0.4124 -0.9105 0.0316
vn -0.5419 -0.8392 0.0459
vn -0.6534 -0.7515 0.0906
vn -0.7393 -0.6535 0.1625
vn -0.7936 -0.5517 0.2566
vn -0.8126 -0.4530 0.3666
vn -0.7952 -0.3641 0.4848
vn -0.7425 -0.2910 0.6033
vn -0.6580 -0.2388 0.7142
vn -0.5475 -0.2111 0.8097
vn -0.4186 -0.2098 0.8836
vn -0.2801 -0.2352 0.9307
vn -0.1414 -0.2855 0.9479
vn -0.0121 -0.3573 0.9339
vn 0.0991 -0.4456 0.8897
vn 0.1846 -0.5442 0.8184
vn 0.2387 -0.6465 0.7246
vn 0.2577 -0.7454 0.6148
vn 0.2404 -0.8341 0.4965
vn 0.1879 -0.9067 0.3775
vn 0.1037 -0.9583 0.2662
vn -0.0065 -0.9854 0.1701
vn -0.1352 -0.9862 0.0959
vn -0.3215 -0.8799 0.3500
vn -0.3912 -0.8546 0.3414
vn -0.4562 -0.8188 0.3486
vn -0.5121 -0.7747 0.3711
vn -0.5550 -0.7254 0.4071
vn -0.5822 -0.6743 0.4543
vn -0.5918 -0.6248 0.5094
vn -0.5831 -0.5802 0.5687
vn -0.5567 -0.5436 0.6282
vn -0.5144 -0.5174 0.6839
vn -0.4590 -0.5035 0.7320
vn -0.3943 -0.5029 0.7692
vn -0.3247 -0.5157 0.7929
vn -0.2551 -0.5409 0.8015
vn -0.1901 -0.5769 0.7944
vn -0.1343 -0.6212 0.7721
vn -0.0914 -0.6706 0.7361
vn -0.0643 -0.7219 0.6890
vn -0.0547 -0.7714 0.6340
vn -0.0634 -0.8160 0.5746
vn -0.0897 -0.8525 0.5150
vn -0.1320 -0.8785 0.4592
vn -0.1873 -0.8922 0.4110
vn -0.2519 -0.8927 0.3737
vt 1.000000 0.888889
vt 1.000000 1.000000
vt 0.958333 1.000000
vt 0.958333 0.888889
vt 0.916667 1.000000
vt 0.916667 0.888889
vt 0.875000 1.000000
vt 0.875000 0.888889
vt 0.833333 1.000000
vt 0.833333 0.888889
vt 0.791667 1.000000
vt 0.791667 0.888889
vt 0.750000 1.000000
vt 0.750000 0.888889
vt 0.708333 1.000000
vt 0.708333 0.888889
vt 0.666667 1.000000
vt 0.666667 0.888889
vt 0.625000 1.000000
vt 0.625000 0.888889
vt 0.583333 1.000000
vt 0.583333 0.888889
vt 0.541666 1.000000
vt 0.541666 0.888889
vt 0.500000 1.000000
vt 0.500000 0.888889
vt 0.458333 1.000000
vt 0.458333 0.888889
vt 0.416666 1.000000
vt 0.416666 0.888889
vt 0.375000 1.000000
vt 0.375000 0.888889
vt 0.333333 1.000000
vt 0.333333 0.888889
vt 0.291667 1.000000
vt 0.291667 0.888889
vt 0.250000 1.000000
vt 0.250000 0.888889
vt 0.208333 1.000000
vt 0.208333 0.888889
vt 0.166666 1.000000
vt 0.166667 0.888889
vt 0.125000 1.000000
vt 0.125000 0.888889
vt 0.083333 1.000000
vt 0.083333 0.888889
vt 0.041666 1.000000
vt 0.041666 0.888889
vt -0.000000 1.000000
vt -0.000000 0.888889
vt 0.041666 0.000000
vt 0.041666 0.111111
vt -0.000000 0.111111
vt -0.000000 0.000000
vt 0.041666 0.222222
vt -0.000000 0.222222
vt 0.041666 0.333333
vt -0.000000 0.333333
vt 0.041666 0.444444
vt -0.000000 0.444444
vt 0.041666 0.555556
vt -0.000000 0.555556
vt 0.041666 0.666667
vt -0.000000 0.666667
vt 0.041666 0.777778
vt -0.000000 0.777778
vt 0.083333 0.000000
vt 0.083333 0.111111
vt 0.083333 0.222222
vt 0.083333 0.333333
vt 0.083333 0.444444
vt 0.083333 0.555556
vt 0.083333 0.666667
vt 0.083333 0.777778
vt 0.125000 0.000000
vt 0.125000 0.111111
vt 0.125000 0.222222
vt 0.125000 0.333333
vt 0.125000 0.444444
vt 0.125000 0.555556
vt 0.125000 0.666667
vt 0.125000 0.777778
vt 0.166666 0.000000
vt 0.166666 0.111111
vt 0.166666 0.222222
vt 0.166666 0.333333
vt 0.166666 0.444444
vt 0.166666 0.555556
vt 0.166667 0.666667
vt 0.166667 0.777778
vt 0.208333 0.000000
vt 0.208333 0.111111
vt 0.208333 0.222222
vt 0.208333 0.333333
vt 0.208333 0.444444
vt 0.208333 0.555556
vt 0.208333 0.666667
vt 0.208333 0.777778
vt 0.250000 0.000000
vt 0.250000 0.111111
vt 0.250000 0.222222
vt 0.250000 0.333333
vt 0.250000 0.444444
vt 0.250000 0.555556
vt 0.250000 0.666667
vt 0.250000 0.777778
vt 0.291667 0.000000
vt 0.291667 0.111111
vt 0.291667 0.222222
vt 0.291667 0.333333
vt 0.291667 0.444444
vt 0.291667 0.555556
vt 0.291667 0.666667
vt 0.291667 0.777778
vt 0.333333 0.000000
vt 0.333333 0.111111
vt 0.333333 0.222222
vt 0.333333 0.333333
vt 0.333333 0.444444
vt 0.333333 0.555555
vt 0.333333 0.666667
vt 0.333333 0.777778
vt 0.375000 0.000000
vt 0.375000 0.111111
vt 0.375000 0.222222
vt 0.375000 0.333333
vt 0.375000 0.444444
vt 0.375000 0.555556
vt 0.375000 0.666667
vt 0.375000 0.777778
vt 0.416666 0.000000
vt 0.416667 0.111111
vt 0.416666 0.222222
vt 0.416667 0.333333
vt 0.416667 0.444444
vt 0.416666 0.555556
vt 0.416666 0.666667
vt 0.416667 0.777778
vt 0.458333 0.000000
vt 0.458333 0.111111
vt 0.458333 0.222222
vt 0.458333 0.333333
vt 0.458333 0.444444
vt 0.458333 0.555556
vt 0.458333 0.666667
vt 0.458333 0.777778
vt 0.500000 0.000000
vt 0.500000 0.111111
vt 0.500000 0.222222
vt 0.500000 0.333333
vt 0.500000 0.444444
vt 0.500000 0.555556
vt 0.500000 0.666667
vt 0.500000 0.777778
vt 0.541666 0.000000
vt 0.541667 0.111111
vt 0.541666 0.222222
vt 0.541666 0.333333
vt 0.541666 0.444444
vt 0.541666 0.555556
vt 0.541666 0.666667
vt 0.541666 0.777778
vt 0.583333 0.000000
vt 0.583333 0.111111
vt 0.583333 0.222222
vt 0.583333 0.333333
vt 0.583333 0.444444
vt 0.583333 0.555556
vt 0.583333 0.666667
vt 0.583333 0.777778
vt 0.625000 0.000000
vt 0.625000 0.111111
vt 0.625000 0.222222
vt 0.625000 0.333333
vt 0.625000 0.444444
vt 0.625000 0.555556
vt 0.625000 0.666667
vt 0.625000 0.777778
vt 0.666667 0.000000
vt 0.666667 0.111111
vt 0.666667 0.222222
vt 0.666667 0.333333
vt 0.666667 0.444444
vt 0.666667 0.555556
vt 0.666667 0.666667
vt 0.666667 0.777778
vt 0.708333 0.000000
vt 0.708333 0.111111
vt 0.708333 0.222222
vt 0.708333 0.333333
vt 0.708333 0.444444
vt 0.708333 0.555556
vt 0.708333 0.666667
vt 0.708333 0.777778
vt 0.750000 0.000000
vt 0.750000 0.111111
vt 0.750000 0.222222
vt 0.750000 0.333333
vt 0.750000 0.444444
vt 0.750000 0.555556
vt 0.750000 0.666667
vt 0.750000 0.777778
vt 0.791667 0.000000
vt 0.791667 0.111111
vt 0.791667 0.222222
vt 0.791667 0.333333
vt 0.791667 0.444444
vt 0.791667 0.555556
vt 0.791667 0.666667
vt 0.791667 0.777778
vt 0.833333 0.000000
vt 0.833333 0.111111
vt 0.833333 0.222222
vt 0.833333 0.333333
vt 0.833333 0.444444
vt 0.833333 0.555556
vt 0.833333 0.666667
vt 0.833333 0.777778
vt 0.875000 0.000000
vt 0.875000 0.111111
vt 0.875000 0.222222
vt 0.875000 0.333333
vt 0.875000 0.444444
vt 0.875000 0.555556
vt 0.875000 0.666667
vt 0.875000 0.777778
vt 0.916667 0.000000
vt 0.916667 0.111111
vt 0.916667 0.222222
vt 0.916667 0.333333
vt 0.916667 0.444444
vt 0.916667 0.555556
vt 0.916667 0.666667
vt 0.916667 0.777778
vt 0.958333 0.000000
vt 0.958333 0.111111
vt 0.958333 0.222222
vt 0.958333 0.333333
vt 0.958333 0.444444
vt 0.958333 0.555556
vt 0.958333 0.666667
vt 0.958333 0.777778
vt 1.000000 0.000000
vt 1.000000 0.111111
vt 1.000000 0.222222
vt 1.000000 0.333333
vt 1.000000 0.444444
vt 1.000000 0.555556
vt 1.000000 0.666667
vt 1.000000 0.777778
s 1
f 632/501/632 578/502/578 580/503/580 633/504/633
f 633/504/633 580/503/580 582/505/582 641/506/641
f 641/506/641 582/505/582 584/507/584 649/508/649
f 649/508/649 584/507/584 586/509/586 657/510/657
f 657/510/657 586/509/586 588/511/588 665/512/665
f 665/512/665 588/511/588 590/513/590 673/514/673
f 673/514/673 590/513/590 592/515/592 681/516/681
f 681/516/681 592/515/592 594/517/594 689/518/689
f 689/518/689 594/517/594 596/519/596 697/520/697
f 697/520/697 596/519/596 598/521/598 705/522/705
f 705/522/705 598/521/598 600/523/600 713/524/713
f 713/524/713 600/523/600 602/525/602 721/526/721
f 721/526/721 602/525/602 604/527/604 729/528/729
f 729/528/729 604/527/604 606/529/606 737/530/737
f 737/530/737 606/529/606 608/531/608 745/532/745
f 745/532/745 608/531/608 610/533/610 753/534/753
f 753/534/753 610/533/610 612/535/612 761/536/761
f 761/536/761 612/535/612 614/537/614 769/538/769
f 769/538/769 614/537/614 616/539/616 777/540/777
f 777/540/777 616/539/616 618/541/618 785/542/785
f 785/542/785 618/541/618 620/543/620 793/544/793
f 793/544/793 620/543/620 622/545/622 801/546/801
f 801/546/801 622/545/622 624/547/624 809/548/809
f 809/548/809 624/547/624 578/549/578 632/550/632
f 623/551/623 816/552/816 625/553/625 577/554/577
f 816/552/816 815/555/815 626/556/626 625/553/625
f 815/555/815 814/557/814 627/558/627 626/556/626
f 814/557/814 813/559/813 628/560/628 627/558/627
f 813/559/813 812/561/812 629/562/629 628/560/628
f 812/561/812 811/563/811 630/564/630 629/562/629
f 811/563/811 810/565/810 631/566/631 630/564/630
f 810/565/810 809/548/809 632/550/632 631/566/631
f 621/567/621 808/568/808 816/552/816 623/551/623
f 808/568/808 807/569/807 815/555/815 816/552/816
f 807/569/807 806/570/806 814/557/814 815/555/815
f 806/570/806 805/571/805 813/559/813 814/557/814
f 805/571/805 804/572/804 812/561/812 813/559/813
f 804/572/804 803/573/803 811/563/811 812/561/812
f 803/573/803 802/574/802 810/565/810 811/563/811
f 802/574/802 801/546/801 809/548/809 810/565/810
f 619/575/619 800/576/800 808/568/808 621/567/621
f 800/576/800 799/577/799 807/569/807 808/568/808
f 799/577/799 798/578/798 806/570/806 807/569/807
f 798/578/798 797/579/797 805/571/805 806/570/806
f 797/579/797 796/580/796 804/572/804 805/571/805
f 796/580/796 795/581/795 803/573/803 804/572/804
f 795/581/795 794/582/794 802/574/802 803/573/803
f 794/582/794 793/544/793 801/546/801 802/574/802
f 617/583/617 792/584/792 800/576/800 619/575/619
f 792/584/792 791/585/791 799/577/799 800/576/800
f 791/585/791 790/586/790 798/578/798 799/577/799
f 790/586/790 789/587/789 797/579/797 798/578/798
f 789/587/789 788/588/788 796/580/796 797/579/797
f 788/588/788 787/589/787 795/581/795 796/580/796
f 787/589/787 786/590/786 794/582/794 795/581/795
f 786/590/786 785/542/785 793/544/793 794/582/794
f 615/591/615 784/592/784 792/584/792 617/583/617
f 784/592/784 783/593/783 791/585/791 792/584/792
f 783/593/783 782/594/782 790/586/790 791/585/791
f 782/594/782 781/595/781 789/587/789 790/586/790
f 781/595/781 780/596/780 788/588/788 789/587/789
f 780/596/780 779/597/779 787/589/787 788/588/788
f 779/597/779 778/598/778 786/590/786 787/589/787
f 778/598/778 777/540/777 785/542/785 786/590/786
f 613/599/613 776/600/776 784/592/784 615/591/615
f 776/600/776 775/601/775 783/593/783 784/592/784
f 775/601/775 774/602/774 782/594/782 783/593/783
f 774/602/774 773/603/773 781/595/781 782/594/782
f 773/603/773 772/604/772 780/596/780 781/595/781
f 772/604/772 771/605/771 779/597/779 780/596/780
f 771/605/771 770/606/770 778/598/778 779/597/779
f 770/606/770 769/538/769 777/540/777 778/598/778
f 611/607/611 768/608/768 776/600/776 613/599/613
f 768/608/768 767/609/767 775/601/775 776/600/776
f 767/609/767 766/610/766 774/602/774 775/601/775
f 766/610/766 765/611/765 773/603/773 774/602/774
f 765/611/765 764/612/764 772/604/772 773/603/773
f 764/612/764 763/613/763 771/605/771 772/604/772
f 763/613/763 762/614/762 770/606/770 771/605/771
f 762/614/762 761/536/761 769/538/769 770/606/770
f 609/615/609 760/616/760 768/608/768 611/607/611
f 760/616/760 759/617/759 767/609/767 768/608/768
f 759/617/759 758/618/758 766/610/766 767/609/767
f 758/618/758 757/619/757 765/611/765 766/610/766
f 757/619/757 756/620/756 764/612/764 765/611/765
f 756/620/756 755/621/755 763/613/763 764/612/764
f 755/621/755 754/622/754 762/614/762 763/613/763
f 754/622/754 753/534/753 761/536/761 762/614/762
f 607/623/607 752/624/752 760/616/760 609/615/609
f 752/624/752 751/625/751 759/617/759 760/616/760
f 751/625/751 750/626/750 758/618/758 759/617/759
f 750/626/750 749/627/749 757/619/757 758/618/758
f 749/627/749 748/628/748 756/620/756 757/619/757
f 748/628/748 747/629/747 755/621/755 756/620/756
f 747/629/747 746/630/746 754/622/754 755/621/755
f 746/630/746 745/532/745 753/534/753 754/622/754
f 605/631/605 744/632/744 752/624/752 607/623/607
f 744/632/744 743/633/743 751/625/751 752/624/752
f 743/633/743 742/634/742 750/626/750 751/625/751
f 742/634/742 741/635/741 749/627/749 750/626/750
f 741/635/741 740/636/740 748/628/748 749/627/749
f 740/636/740 739/637/739 747/629/747 748/628/748
f 739/637/739 738/638/738 746/630/746 747/629/747
f 738/638/738 737/530/737 745/532/745 746/630/746
f 603/639/603 736/640/736 744/632/744 605/631/605
f 736/640/736 735/641/735 743/633/743 744/632/744
f 735/641/735 734/642/734 742/634/742 743/633/743
f 734/642/734 733/643/733 741/635/741 742/634/742
f 733/643/733 732/644/732 740/636/740 741/635/741
f 732/644/732 731/645/731 739/637/739 740/636/740
f 731/645/731 730/646/730 738/638/738 739/637/739
f 730/646/730 729/528/729 737/530/737 738/638/738
f 601/647/601 728/648/728 736/640/736 603/639/603
f 728/648/728 727/649/727 735/641/735 736/640/736
f 727/649/727 726/650/726 734/642/734 735/641/735
f 726/650/726 725/651/725 733/643/733 734/642/734
f 725/651/725 724/652/724 732/644/732 733/643/733
f 724/652/724 723/653/723 731/645/731 732/644/732
f 723/653/723 722/654/722 730/646/730 731/645/731
f 722/654/722 721/526/721 729/528/729 730/646/730
f 599/655/599 720/656/720 728/648/728 601/647/601
f 720/656/720 719/657/719 727/649/727 728/648/728
f 719/657/719 718/658/718 726/650/726 727/649/727
f 718/658/718 717/659/717 725/651/725 726/650/726
f 717/659/717 716/660/716 724/652/724 725/651/725
f 716/660/716 715/661/715 723/653/723 724/652/724
f 715/661/715 714/662/714 722/654/722 723/653/723
f 714/662/714 713/524/713 721/526/721 722/654/722
f 597/663/597 712/664/712 720/656/720 599/655/599
f 712/664/712 711/665/711 719/657/719 720/656/720
f 711/665/711 710/666/710 718/658/718 719/657/719
f 710/666/710 709/667/709 717/659/717 718/658/718
f 709/667/709 708/668/708 716/660/716 717/659/717
f 708/668/708 707/669/707 715/661/715 716/660/716
f 707/669/707 706/670/706 714/662/714 715/661/715
f 706/670/706 705/522/705 713/524/713 714/662/714
f 595/671/595 704/672/704 712/664/712 597/663/597
f 704/672/704 703/673/703 711/665/711 712/664/712
f 703/673/703 702/674/702 710/666/710 711/665/711
f 702/674/702 701/675/701 709/667/709 710/666/710
f 701/675/701 700/676/700 708/668/708 709/667/709
f 700/676/700 699/677/699 707/669/707 708/668/708
f 699/677/699 698/678/698 706/670/706 707/669/707
f 698/678/698 697/520/697 705/522/705 706/670/706
f 593/679/593 696/680/696 704/672/704 595/671/595
f 696/680/696 695/681/695 703/673/703 704/672/704
f 695/681/695 694/682/694 702/674/702 703/673/703
f 694/682/694 693/683/693 701/675/701 702/674/702
f 693/683/693 692/684/692 700/676/700 701/675/701
f 692/684/692 691/685/691 699/677/699 700/676/700
f 691/685/691 690/686/690 698/678/698 699/677/699
f 690/686/690 689/518/689 697/520/697 698/678/698
f 591/687/591 688/688/688 696/680/696 593/679/593
f 688/688/688 687/689/687 695/681/695 696/680/696
f 687/689/687 686/690/686 694/682/694 695/681/695
f 686/690/686 685/691/685 693/683/693 694/682/694
f 685/691/685 684/692/684 692/684/692 693/683/693
f 684/692/684 683/693/683 691/685/691 692/684/692
f 683/693/683 682/694/682 690/686/690 691/685/691
f 682/694/682 681/516/681 689/518/689 690/686/690
f 589/695/589 680/696/680 688/688/688 591/687/591
f 680/696/680 679/697/679 687/689/687 688/688/688
f 679/697/679 678/698/678 686/690/686 687/689/687
f 678/698/678 677/699/677 685/691/685 686/690/686
f 677/699/677 676/700/676 684/692/684 685/691/685
f 676/700/676 675/701/675 683/693/683 684/692/684
f 675/701/675 674/702/674 682/694/682 683/693/683
f 674/702/674 673/514/673 681/516/681 682/694/682
f 587/703/587 672/704/672 680/696/680 589/695/589
f 672/704/672 671/705/671 679/697/679 680/696/680
f 671/705/671 670/706/670 678/698/678 679/697/679
f 670/706/670 669/707/669 677/699/677 678/698/678
f 669/707/669 668/708/668 676/700/676 677/699/677
f 668/708/668 667/709/667 675/701/675 676/700/676
f 667/709/667 666/710/666 674/702/674 675/701/675
f 666/710/666 665/512/665 673/514/673 674/702/674
f 585/711/585 664/712/664 672/704/672 587/703/587
f 664/712/664 663/713/663 671/705/671 672/704/672
f 663/713/663 662/714/662 670/706/670 671/705/671
f 662/714/662 661/715/661 669/707/669 670/706/670
f 661/715/661 660/716/660 668/708/668 669/707/669
f 660/716/660 659/717/659 667/709/667 668/708/668
f 659/717/659 658/718/658 666/710/666 667/709/667
f 658/718/658 657/510/657 665/512/665 666/710/666
f 583/719/583 656/720/656 664/712/664 585/711/585
f 656/720/656 655/721/655 663/713/663 664/712/664
f 655/721/655 654/722/654 662/714/662 663/713/663
f 654/722/654 653/723/653 661/715/661 662/714/662
f 653/723/653 652/724/652 660/716/660 661/715/661
f 652/724/652 651/725/651 659/717/659 660/716/660
f 651/725/651 650/726/650 658/718/658 659/717/659
f 650/726/650 649/508/649 657/510/657 658/718/658
f 581/727/581 648/728/648 656/720/656 583/719/583
f 648/728/648 647/729/647 655/721/655 656/720/656
f 647/729/647 646/730/646 654/722/654 655/721/655
f 646/730/646 645/731/645 653/723/653 654/722/654
f 645/731/645 644/732/644 652/724/652 653/723/653
f 644/732/644 643/733/643 651/725/651 652/724/652
f 643/733/643 642/734/642 650/726/650 651/725/651
f 642/734/642 641/506/641 649/508/649 650/726/650
f 579/735/579 640/736/640 648/728/648 581/727/581
f 640/736/640 639/737/639 647/729/647 648/728/648
f 639/737/639 638/738/638 646/730/646 647/729/647
f 638/738/638 637/739/637 645/731/645 646/730/646
f 637/739/637 636/740/636 644/732/644 645/731/645
f 636/740/636 635/741/635 643/733/643 644/732/644
f 635/741/635 634/742/634 642/734/642 643/733/643
f 634/742/634 633/504/633 641/506/641 642/734/642
f 577/743/577 625/744/625 640/736/640 579/735/579
f 625/744/625 626/745/626 639/737/639 640/736/640
f 626/745/626 627/746/627 638/738/638 639/737/639
f 627/746/627 628/747/628 637/739/637 638/738/638
f 628/747/628 629/748/629 636/740/636 637/739/637
f 629/748/629 630/749/630 635/741/635 636/740/636
f 630/749/630 631/750/631 634/742/634 635/741/635
f 631/750/631 632/501/632 633/504/633 634/742/634
f 587/703/587 589/695/589 823/695/823 822/703/822
f 597/663/597 599/655/599 828/655/828 827/663/827
f 607/623/607 609/615/609 833/615/833 832/623/832
f 617/583/617 619/575/619 838/575/838 837/583/837
f 583/719/583 585/711/585 821/711/821 820/719/820
f 593/679/593 595/671/595 826/671/826 825/679/825
f 603/639/603 605/631/605 831/631/831 830/639/830
f 613/599/613 615/591/615 836/591/836 835/599/835
f 623/551/623 577/554/577 817/554/817 840/551/840
f 579/735/579 581/727/581 819/727/819 818/735/818
f 589/695/589 591/687/591 824/687/824 823/695/823
f 599/655/599 601/647/601 829/647/829 828/655/828
f 609/615/609 611/607/611 834/607/834 833/615/833
f 619/575/619 621/567/621 839/567/839 838/575/838
f 585/711/585 587/703/587 822/703/822 821/711/821
f 595/671/595 597/663/597 827/663/827 826/671/826
f 605/631/605 607/623/607 832/623/832 831/631/831
f 615/591/615 617/583/617 837/583/837 836/591/836
f 581/727/581 583/719/583 820/719/820 819/727/819
f 591/687/591 593/679/593 825/679/825 824/687/824
f 601/647/601 603/639/603 830/639/830 829/647/829
f 577/743/577 579/735/579 818/735/818 817/743/817
f 611/607/611 613/599/613 835/599/835 834/607/834
f 621/567/621 623/551/623 840/551/840 839/567/839
f 828/655/828 829/647/829 853/647/853 852/655/852
f 821/711/821 822/703/822 846/703/846 845/711/845
f 836/591/836 837/583/837 861/583/861 860/591/860
f 829/647/829 830/639/830 854/639/854 853/647/853
f 822/703/822 823/695/823 847/695/847 846/703/846
f 837/583/837 838/575/838 862/575/862 861/583/861
f 830/639/830 831/631/831 855/631/855 854/639/854
f 823/695/823 824/687/824 848/687/848 847/695/847
f 838/575/838 839/567/839 863/567/863 862/575/862
f 831/631/831 832/623/832 856/623/856 855/631/855
f 824/687/824 825/679/825 849/679/849 848/687/848
f 839/567/839 840/551/840 864/551/864 863/567/863
f 817/743/817 818/735/818 842/735/842 841/743/841
f 832/623/832 833/615/833 857/615/857 856/623/856
f 825/679/825 826/671/826 850/671/850 849/679/849
f 840/551/840 817/554/817 841/554/841 864/551/864
f 818/735/818 819/727/819 843/727/843 842/735/842
f 833/615/833 834/607/834 858/607/858 857/615/857
f 826/671/826 827/663/827 851/663/851 850/671/850
f 819/727/819 820/719/820 844/719/844 843/727/843
f 834/607/834 835/599/835 859/599/859 858/607/858
f 827/663/827 828/655/828 852/655/852 851/663/851
f 820/719/820 821/711/821 845/711/845 844/719/844
f 835/599/835 836/591/836 860/591/860 859/599/859
f 920/501/920 921/504/921 868/503/868 866/502/866
f 921/504/921 929/506/929 870/505/870 868/503/868
f 929/506/929 937/508/937 872/507/872 870/505/870
f 937/508/937 945/510/945 874/509/874 872/507/872
f 945/510/945 953/512/953 876/511/876 874/509/874
f 953/512/953 961/514/961 878/513/878 876/511/876
f 961/514/961 969/516/969 880/515/880 878/513/878
f 969/516/969 977/518/977 882/517/882 880/515/880
f 977/518/977 985/520/985 884/519/884 882/517/882
f 985/520/985 993/522/993 886/521/886 884/519/884
f 993/522/993 1001/524/1001 888/523/888 886/521/886
f 1001/524/1001 1009/526/1009 890/525/890 888/523/888
f 1009/526/1009 1017/528/1017 892/527/892 890/525/890
f 1017/528/1017 1025/530/1025 894/529/894 892/527/892
f 1025/530/1025 1033/532/1033 896/531/896 894/529/894
f 1033/532/1033 1041/534/1041 898/533/898 896/531/896
f 1041/534/1041 1049/536/1049 900/535/900 898/533/898
f 1049/536/1049 1057/538/1057 902/537/902 900/535/900
f 1057/538/1057 1065/540/1065 904/539/904 902/537/902
f 1065/540/1065 1073/542/1073 906/541/906 904/539/904
f 1073/542/1073 1081/544/1081 908/543/908 906/541/906
f 1081/544/1081 1089/546/1089 910/545/910 908/543/908
f 1089/546/1089 1097/548/1097 912/547/912 910/545/910
f 1097/548/1097 920/550/920 866/549/866 912/547/912
f 911/551/911 865/554/865 913/553/913 1104/552/1104
f 1104/552/1104 913/553/913 914/556/914 1103/555/1103
f 1103/555/1103 914/556/914 915/558/915 1102/557/1102
f 1102/557/1102 915/558/915 916/560/916 1101/559/1101
f 1101/559/1101 916/560/916 917/562/917 1100/561/1100
f 1100/561/1100 917/562/917 918/564/918 1099/563/1099
f 1099/563/1099 918/564/918 919/566/919 1098/565/1098
f 1098/565/1098 919/566/919 920/550/920 1097/548/1097
f 909/567/909 911/551/911 1104/552/1104 1096/568/1096
f 1096/568/1096 1104/552/1104 1103/555/1103 1095/569/1095
f 1095/569/1095 1103/555/1103 1102/557/1102 1094/570/1094
f 1094/570/1094 1102/557/1102 1101/559/1101 1093/571/1093
f 1093/571/1093 1101/559/1101 1100/561/1100 1092/572/1092
f 1092/572/1092 1100/561/1100 1099/563/1099 1091/573/1091
f 1091/573/1091 1099/563/1099 1098/565/1098 1090/574/1090
f 1090/574/1090 1098/565/1098 1097/548/1097 1089/546/1089
f 907/575/907 909/567/909 1096/568/1096 1088/576/1088
f 1088/576/1088 1096/568/1096 1095/569/1095 1087/577/1087
f 1087/577/1087 1095/569/1095 1094/570/1094 1086/578/1086
f 1086/578/1086 1094/570/1094 1093/571/1093 1085/579/1085
f 1085/579/1085 1093/571/1093 1092/572/1092 1084/580/1084
f 1084/580/1084 1092/572/1092 1091/573/1091 1083/581/1083
f 1083/581/1083 1091/573/1091 1090/574/1090 1082/582/1082
f 1082/582/1082 1090/574/1090 1089/546/1089 1081/544/1081
f 905/583/905 907/575/907 1088/576/1088 1080/584/1080
f 1080/584/1080 1088/576/1088 1087/577/1087 1079/585/1079
f 1079/585/1079 1087/577/1087 1086/578/1086 1078/586/1078
f 1078/586/1078 1086/578/1086 1085/579/1085 1077/587/1077
f 1077/587/1077 1085/579/1085 1084/580/1084 1076/588/1076
f 1076/588/1076 1084/580/1084 1083/581/1083 1075/589/1075
f 1075/589/1075 1083/581/1083 1082/582/1082 1074/590/1074
f 1074/590/1074 1082/582/1082 1081/544/1081 1073/542/1073
f 903/591/903 905/583/905 1080/584/1080 1072/592/1072
f 1072/592/1072 1080/584/1080 1079/585/1079 1071/593/1071
f 1071/593/1071 1079/585/1079 1078/586/1078 1070/594/1070
f 1070/594/1070 1078/586/1078 1077/587/1077 1069/595/1069
f 1069/595/1069 1077/587/1077 1076/588/1076 1068/596/1068
f 1068/596/1068 1076/588/1076 1075/589/1075 1067/597/1067
f 1067/597/1067 1075/589/1075 1074/590/1074 1066/598/1066
f 1066/598/1066 1074/590/1074 1073/542/1073 1065/540/1065
f 901/599/901 903/591/903 1072/592/1072 1064/600/1064
f 1064/600/1064 1072/592/1072 1071/593/1071 1063/601/1063
f 1063/601/1063 1071/593/1071 1070/594/1070 1062/602/1062
f 1062/602/1062 1070/594/1070 1069/595/1069 1061/603/1061
f 1061/603/1061 1069/595/1069 1068/596/1068 1060/604/1060
f 1060/604/1060 1068/596/1068 1067/597/1067 1059/605/1059
f 1059/605/1059 1067/597/1067 1066/598/1066 1058/606/1058
f 1058/606/1058 1066/598/1066 1065/540/1065 1057/538/1057
f 899/607/899 901/599/901 1064/600/1064 1056/608/1056
f 1056/608/1056 1064/600/1064 1063/601/1063 1055/609/1055
f 1055/609/1055 1063/601/1063 1062/602/1062 1054/610/1054
f 1054/610/1054 1062/602/1062 1061/603/1061 1053/611/1053
f 1053/611/1053 1061/603/1061 1060/604/1060 1052/612/1052
f 1052/612/1052 1060/604/1060 1059/605/1059 1051/613/1051
f 1051/613/1051 1059/605/1059 1058/606/1058 1050/614/1050
f 1050/614/1050 1058/606/1058 1057/538/1057 1049/536/1049
f 897/615/897 899/607/899 1056/608/1056 1048/616/1048
f 1048/616/1048 1056/608/1056 1055/609/1055 1047/617/1047
f 1047/617/1047 1055/609/1055 1054/610/1054 1046/618/1046
f 1046/618/1046 1054/610/1054 1053/611/1053 1045/619/1045
f 1045/619/1045 1053/611/1053 1052/612/1052 1044/620/1044
f 1044/620/1044 1052/612/1052 1051/613/1051 1043/621/1043
f 1043/621/1043 1051/613/1051 1050/614/1050 1042/622/1042
f 1042/622/1042 1050/614/1050 1049/536/1049 1041/534/1041
f 895/623/895 897/615/897 1048/616/1048 1040/624/1040
f 1040/624/1040 1048/616/1048 1047/617/1047 1039/625/1039
f 1039/625/1039 1047/617/1047 1046/618/1046 1038/626/1038
f 1038/626/1038 1046/618/1046 1045/619/1045 1037/627/1037
f 1037/627/1037 1045/619/1045 1044/620/1044 1036/628/1036
f 1036/628/1036 1044/620/1044 1043/621/1043 1035/629/1035
f 1035/629/1035 1043/621/1043 1042/622/1042 1034/630/1034
f 1034/630/1034 1042/622/1042 1041/534/1041 1033/532/1033
f 893/631/893 895/623/895 1040/624/1040 1032/632/1032
f 1032/632/1032 1040/624/1040 1039/625/1039 1031/633/1031
f 1031/633/1031 1039/625/1039 1038/626/1038 1030/634/1030
f 1030/634/1030 1038/626/1038 1037/627/1037 1029/635/1029
f 1029/635/1029 1037/627/1037 1036/628/1036 1028/636/1028
f 1028/636/1028 1036/628/1036 1035/629/1035 1027/637/1027
f 1027/637/1027 1035/629/1035 1034/630/1034 1026/638/1026
f 1026/638/1026 1034/630/1034 1033/532/1033 1025/530/1025
f 891/639/891 893/631/893 1032/632/1032 1024/640/1024
f 1024/640/1024 1032/632/1032 1031/633/1031 1023/641/1023
f 1023/641/1023 1031/633/1031 1030/634/1030 1022/642/1022
f 1022/642/1022 1030/634/1030 1029/635/1029 1021/643/1021
f 1021/643/1021 1029/635/1029 1028/636/1028 1020/644/1020
f 1020/644/1020 1028/636/1028 1027/637/1027 1019/645/1019
f 1019/645/1019 1027/637/1027 1026/638/1026 1018/646/1018
f 1018/646/1018 1026/638/1026 1025/530/1025 1017/528/1017
f 889/647/889 891/639/891 1024/640/1024 1016/648/1016
f 1016/648/1016 1024/640/1024 1023/641/1023 1015/649/1015
f 1015/649/1015 1023/641/1023 1022/642/1022 1014/650/1014
f 1014/650/1014 1022/642/1022 1021/643/1021 1013/651/1013
f 1013/651/1013 1021/643/1021 1020/644/1020 1012/652/1012
f 1012/652/1012 1020/644/1020 1019/645/1019 1011/653/1011
f 1011/653/1011 1019/645/1019 1018/646/1018 1010/654/1010
f 1010/654/1010 1018/646/1018 1017/528/1017 1009/526/1009
f 887/655/887 889/647/889 1016/648/1016 1008/656/1008
f 1008/656/1008 1016/648/1016 1015/649/1015 1007/657/1007
f 1007/657/1007 1015/649/1015 1014/650/1014 1006/658/1006
f 1006/658/1006 1014/650/1014 1013/651/1013 1005/659/1005
f 1005/659/1005 1013/651/1013 1012/652/1012 1004/660/1004
f 1004/660/1004 1012/652/1012 1011/653/1011 1003/661/1003
f 1003/661/1003 1011/653/1011 1010/654/1010 1002/662/1002
f 1002/662/1002 1010/654/1010 1009/526/1009 1001/524/1001
f 885/663/885 887/655/887 1008/656/1008 1000/664/1000
f 1000/664/1000 1008/656/1008 1007/657/1007 999/665/999
f 999/665/999 1007/657/1007 1006/658/1006 998/666/998
f 998/666/998 1006/658/1006 1005/659/1005 997/667/997
f 997/667/997 1005/659/1005 1004/660/1004 996/668/996
f 996/668/996 1004/660/1004 1003/661/1003 995/669/995
f 995/669/995 1003/661/1003 1002/662/1002 994/670/994
f 994/670/994 1002/662/1002 1001/524/1001 993/522/993
f 883/671/883 885/663/885 1000/664/1000 992/672/992
f 992/672/992 1000/664/1000 999/665/999 991/673/991
f 991/673/991 999/665/999 998/666/998 990/674/990
f 990/674/990 998/666/998 997/667/997 989/675/989
f 989/675/989 997/667/997 996/668/996 988/676/988
f 988/676/988 996/668/996 995/669/995 987/677/987
f 987/677/987 995/669/995 994/670/994 986/678/986
f 986/678/986 994/670/994 993/522/993 985/520/985
f 881/679/881 883/671/883 992/672/992 984/680/984
f 984/680/984 992/672/992 991/673/991 983/681/983
f 983/681/983 991/673/991 990/674/990 982/682/982
f 982/682/982 990/674/990 989/675/989 981/683/981
f 981/683/981 989/675/989 988/676/988 980/684/980
f 980/684/980 988/676/988 987/677/987 979/685/979
f 979/685/979 987/677/987 986/678/986 978/686/978
f 978/686/978 986/678/986 985/520/985 977/518/977
f 879/687/879 881/679/881 984/680/984 976/688/976
f 976/688/976 984/680/984 983/681/983 975/689/975
f 975/689/975 983/681/983 982/682/982 974/690/974
f 974/690/974 982/682/982 981/683/981 973/691/973
f 973/691/973 981/683/981 980/684/980 972/692/972
f 972/692/972 980/684/980 979/685/979 971/693/971
f 971/693/971 979/685/979 978/686/978 970/694/970
f 970/694/970 978/686/978 977/518/977 969/516/969
f 877/695/877 879/687/879 976/688/976 968/696/968
f 968/696/968 976/688/976 975/689/975 967/697/967
f 967/697/967 975/689/975 974/690/974 966/698/966
f 966/698/966 974/690/974 973/691/973 965/699/965
f 965/699/965 973/691/973 972/692/972 964/700/964
f 964/700/964 972/692/972 971/693/971 963/701/963
f 963/701/963 971/693/971 970/694/970 962/702/962
f 962/702/962 970/694/970 969/516/969 961/514/961
f 875/703/875 877/695/877 968/696/968 960/704/960
f 960/704/960 968/696/968 967/697/967 959/705/959
f 959/705/959 967/697/967 966/698/966 958/706/958
f 958/706/958 966/698/966 965/699/965 957/707/957
f 957/707/957 965/699/965 964/700/964 956/708/956
f 956/708/956 964/700/964 963/701/963 955/709/955
f 955/709/955 963/701/963 962/702/962 954/710/954
f 954/710/954 962/702/962 961/514/961 953/512/953
f 873/711/873 875/703/875 960/704/960 952/712/952
f 952/712/952 960/704/960 959/705/959 951/713/951
f 951/713/951 959/705/959 958/706/958 950/714/950
f 950/714/950 958/706/958 957/707/957 949/715/949
f 949/715/949 957/707/957 956/708/956 948/716/948
f 948/716/948 956/708/956 955/709/955 947/717/947
f 947/717/947 955/709/955 954/710/954 946/718/946
f 946/718/946 954/710/954 953/512/953 945/510/945
f 871/719/871 873/711/873 952/712/952 944/720/944
f 944/720/944 952/712/952 951/713/951 943/721/943
f 943/721/943 951/713/951 950/714/950 942/722/942
f 942/722/942 950/714/950 949/715/949 941/723/941
f 941/723/941 949/715/949 948/716/948 940/724/940
f 940/724/940 948/716/948 947/717/947 939/725/939
f 939/725/939 947/717/947 946/718/946 938/726/938
f 938/726/938 946/718/946 945/510/945 937/508/937
f 869/727/869 871/719/871 944/720/944 936/728/936
f 936/728/936 944/720/944 943/721/943 935/729/935
f 935/729/935 943/721/943 942/722/942 934/730/934
f 934/730/934 942/722/942 941/723/941 933/731/933
f 933/731/933 941/723/941 940/724/940 932/732/932
f 932/732/932 940/724/940 939/725/939 931/733/931
f 931/733/931 939/725/939 938/726/938 930/734/930
f 930/734/930 938/726/938 937/508/937 929/506/929
f 867/735/867 869/727/869 936/728/936 928/736/928
f 928/736/928 936/728/936 935/729/935 927/737/927
f 927/737/927 935/729/935 934/730/934 926/738/926
f 926/738/926 934/730/934 933/731/933 925/739/925
f 925/739/925 933/731/933 932/732/932 924/740/924
f 924/740/924 932/732/932 931/733/931 923/741/923
f 923/741/923 931/733/931 930/734/930 922/742/922
f 922/742/922 930/734/930 929/506/929 921/504/921
f 865/743/865 867/735/867 928/736/928 913/744/913
f 913/744/913 928/736/928 927/737/927 914/745/914
f 914/745/914 927/737/927 926/738/926 915/746/915
f 915/746/915 926/738/926 925/739/925 916/747/916
f 916/747/916 925/739/925 924/740/924 917/748/917
f 917/748/917 924/740/924 923/741/923 918/749/918
f 918/749/918 923/741/923 922/742/922 919/750/919
f 919/750/919 922/742/922 921/504/921 920/501/920
f 875/703/875 1110/703/1110 1111/695/1111 877/695/877
f 885/663/885 1115/663/1115 1116/655/1116 887/655/887
f 895/623/895 1120/623/1120 1121/615/1121 897/615/897
f 905/583/905 1125/583/1125 1126/575/1126 907/575/907
f 871/719/871 1108/719/1108 1109/711/1109 873/711/873
f 881/679/881 1113/679/1113 1114/671/1114 883/671/883
f 891/639/891 1118/639/1118 1119/631/1119 893/631/893
f 901/599/901 1123/599/1123 1124/591/1124 903/591/903
f 911/551/911 1128/551/1128 1105/554/1105 865/554/865
f 867/735/867 1106/735/1106 1107/727/1107 869/727/869
f 877/695/877 1111/695/1111 1112/687/1112 879/687/879
f 887/655/887 1116/655/1116 1117/647/1117 889/647/889
f 897/615/897 1121/615/1121 1122/607/1122 899/607/899
f 907/575/907 1126/575/1126 1127/567/1127 909/567/909
f 873/711/873 1109/711/1109 1110/703/1110 875/703/875
f 883/671/883 1114/671/1114 1115/663/1115 885/663/885
f 893/631/893 1119/631/1119 1120/623/1120 895/623/895
f 903/591/903 1124/591/1124 1125/583/1125 905/583/905
f 869/727/869 1107/727/1107 1108/719/1108 871/719/871
f 879/687/879 1112/687/1112 1113/679/1113 881/679/881
f 889/647/889 1117/647/1117 1118/639/1118 891/639/891
f 865/743/865 1105/743/1105 1106/735/1106 867/735/867
f 899/607/899 1122/607/1122 1123/599/1123 901/599/901
f 909/567/909 1127/567/1127 1128/551/1128 911/551/911
f 1116/655/1116 1140/655/1140 1141/647/1141 1117/647/1117
f 1109/711/1109 1133/711/1133 1134/703/1134 1110/703/1110
f 1124/591/1124 1148/591/1148 1149/583/1149 1125/583/1125
f 1117/647/1117 1141/647/1141 1142/639/1142 1118/639/1118
f 1110/703/1110 1134/703/1134 1135/695/1135 1111/695/1111
f 1125/583/1125 1149/583/1149 1150/575/1150 1126/575/1126
f 1118/639/1118 1142/639/1142 1143/631/1143 1119/631/1119
f 1111/695/1111 1135/695/1135 1136/687/1136 1112/687/1112
f 1126/575/1126 1150/575/1150 1151/567/1151 1127/567/1127
f 1119/631/1119 1143/631/1143 1144/623/1144 1120/623/1120
f 1112/687/1112 1136/687/1136 1137/679/1137 1113/679/1113
f 1127/567/1127 1151/567/1151 1152/551/1152 1128/551/1128
f 1105/743/1105 1129/743/1129 1130/735/1130 1106/735/1106
f 1120/623/1120 1144/623/1144 1145/615/1145 1121/615/1121
f 1113/679/1113 1137/679/1137 1138/671/1138 1114/671/1114
f 1128/551/1128 1152/551/1152 1129/554/1129 1105/554/1105
f 1106/735/1106 1130/735/1130 1131/727/1131 1107/727/1107
f 1121/615/1121 1145/615/1145 1146/607/1146 1122/607/1122
f 1114/671/1114 1138/671/1138 1139/663/1139 1115/663/1115
f 1107/727/1107 1131/727/1131 1132/719/1132 1108/719/1108
f 1122/607/1122 1146/607/1146 1147/599/1147 1123/599/1123
f 1115/663/1115 1139/663/1139 1140/655/1140 1116/655/1116
f 1108/719/1108 1132/719/1132 1133/711/1133 1109/711/1109
f 1123/599/1123 1147/599/1147 1148/591/1148 1124/591/1124
o Cylinder.003
v 0.000000 -1.105291 -0.070063
v 0.000000 2.823583 -2.030400
v 0.018788 -1.105291 -0.067676
v 0.544477 2.823583 -1.961215
v 0.036296 -1.105291 -0.060677
v 1.051849 2.823583 -1.758378
v 0.051331 -1.105291 -0.049542
v 1.487540 2.823583 -1.435709
v 0.062867 -1.105291 -0.035032
v 1.821856 2.823583 -1.015200
v 0.070119 -1.105291 -0.018134
v 2.032017 2.823583 -0.525506
v 0.072593 -1.105291 0.000000
v 2.103698 2.823583 0.000000
v 0.070119 -1.105291 0.018134
v 2.032017 2.823583 0.525506
v 0.062867 -1.105291 0.035032
v 1.821856 2.823583 1.015200
v 0.051331 -1.105291 0.049542
v 1.487540 2.823583 1.435709
v 0.036296 -1.105291 0.060677
v 1.051849 2.823583 1.758378
v 0.018788 -1.105291 0.067676
v 0.544477 2.823583 1.961215
v 0.000000 -1.105291 0.070063
v 0.000000 2.823583 2.030400
v -0.018788 -1.105291 0.067676
v -0.544477 2.823583 1.961215
v -0.036296 -1.105291 0.060677
v -1.051849 2.823583 1.758378
v -0.051331 -1.105291 0.049542
v -1.487540 2.823583 1.435709
v -0.062867 -1.105291 0.035032
v -1.821856 2.823583 1.015200
v -0.070119 -1.105291 0.018134
v -2.032017 2.823583 0.525506
v -0.072593 -1.105291 0.000000
v -2.103698 2.823583 0.000000
v -0.070119 -1.105291 -0.018134
v -2.032017 2.823583 -0.525506
v -0.062867 -1.105291 -0.035032
v -1.821856 2.823583 -1.015200
v -0.051331 -1.105291 -0.049542
v -1.487540 2.823583 -1.435709
v -0.036296 -1.105291 -0.060677
v -1.051849 2.823583 -1.758378
v -0.018788 -1.105291 -0.067676
v -0.544477 2.823583 -1.961215
v 0.000000 -0.894522 -0.161820
v 0.000000 -0.523291 -0.329436
v 0.000000 -0.002745 -0.554259
v 0.000000 0.544292 -0.780261
v 0.000000 0.959142 -0.947657
v 0.000000 1.380123 -1.132402
v 0.000000 1.798949 -1.369892
v 0.000000 2.270197 -1.657012
v 0.444349 2.270197 -1.600550
v 0.367354 1.798949 -1.323213
v 0.303668 1.380123 -1.093816
v 0.254126 0.959142 -0.915366
v 0.209240 0.544315 -0.753684
v 0.148655 -0.002570 -0.535458
v 0.088358 -0.523189 -0.318266
v 0.043399 -0.894500 -0.156323
v 0.858416 2.270197 -1.435014
v 0.709673 1.798949 -1.186361
v 0.586641 1.380123 -0.980689
v 0.490934 0.959142 -0.820695
v 0.404235 0.544376 -0.675760
v 0.287304 -0.002092 -0.480287
v 0.170776 -0.522910 -0.285486
v 0.083864 -0.894440 -0.140195
v 1.213983 2.270197 -1.171684
v 1.003629 1.798949 -0.968659
v 0.829636 1.380123 -0.800729
v 0.694285 0.959142 -0.670094
v 0.571701 0.544453 -0.551781
v 0.406550 -0.001439 -0.392384
v 0.241671 -0.522531 -0.233251
v 0.118648 -0.894357 -0.114514
v 1.486820 2.270197 -0.828506
v 1.229189 1.798949 -0.684946
v 1.016092 1.380123 -0.566201
v 0.850322 0.959142 -0.473828
v 0.700218 0.544524 -0.390185
v 0.498213 -0.000789 -0.277621
v 0.296178 -0.522151 -0.165041
v 0.145370 -0.894275 -0.081005
v 1.658332 2.270197 -0.428866
v 1.370983 1.798949 -0.354554
v 1.133304 1.380123 -0.293087
v 0.948411 0.959142 -0.245272
v 0.781015 0.544572 -0.201981
v 0.555923 -0.000314 -0.143769
v 0.330501 -0.521873 -0.085472
v 0.162186 -0.894214 -0.041943
v 1.716831 2.270197 0.000000
v 1.419346 1.798949 0.000000
v 1.173282 1.380123 0.000000
v 0.981868 0.959142 0.000000
v 0.808574 0.544589 0.000000
v 0.575625 -0.000140 0.000000
v 0.342220 -0.521772 0.000000
v 0.167925 -0.894192 0.000000
v 1.658332 2.270197 0.428866
v 1.370983 1.798949 0.354554
v 1.133304 1.380123 0.293087
v 0.948411 0.959142 0.245272
v 0.781015 0.544572 0.201981
v 0.555923 -0.000314 0.143769
v 0.330501 -0.521873 0.085472
v 0.162186 -0.894214 0.041943
v 1.486820 2.270197 0.828506
v 1.229189 1.798949 0.684946
v 1.016092 1.380123 0.566201
v 0.850322 0.959142 0.473828
v 0.700218 0.544524 0.390185
v 0.498213 -0.000789 0.277621
v 0.296178 -0.522151 0.165041
v 0.145370 -0.894275 0.081005
v 1.213983 2.270197 1.171684
v 1.003629 1.798949 0.968660
v 0.829636 1.380123 0.800729
v 0.694285 0.959142 0.670094
v 0.571701 0.544453 0.551781
v 0.406550 -0.001439 0.392384
v 0.241671 -0.522531 0.233251
v 0.118648 -0.894357 0.114514
v 0.858416 2.270197 1.435014
v 0.709673 1.798949 1.186361
v 0.586641 1.380123 0.980689
v 0.490934 0.959142 0.820695
v 0.404235 0.544376 0.675760
v 0.287304 -0.002092 0.480287
v 0.170776 -0.522910 0.285486
v 0.083864 -0.894440 0.140195
v 0.444349 2.270197 1.600550
v 0.367354 1.798949 1.323213
v 0.303668 1.380123 1.093816
v 0.254126 0.959142 0.915366
v 0.209240 0.544315 0.753684
v 0.148655 -0.002570 0.535458
v 0.088358 -0.523189 0.318266
v 0.043399 -0.894500 0.156323
v 0.000000 2.270197 1.657012
v 0.000000 1.798949 1.369892
v 0.000000 1.380123 1.132402
v 0.000000 0.959142 0.947657
v 0.000000 0.544292 0.780261
v 0.000000 -0.002746 0.554258
v 0.000000 -0.523291 0.329436
v 0.000000 -0.894522 0.161820
v -0.444349 2.270197 1.600550
v -0.367354 1.798949 1.323213
v -0.303668 1.380123 1.093816
v -0.254126 0.959142 0.915366
v -0.209240 0.544315 0.753684
v -0.148655 -0.002570 0.535458
v -0.088358 -0.523189 0.318266
v -0.043399 -0.894500 0.156323
v -0.858416 2.270197 1.435014
v -0.709673 1.798949 1.186361
v -0.586641 1.380123 0.980689
v -0.490934 0.959142 0.820695
v -0.404235 0.544376 0.675760
v -0.287304 -0.002092 0.480287
v -0.170776 -0.522910 0.285486
v -0.083864 -0.894440 0.140195
v -1.213983 2.270197 1.171684
v -1.003629 1.798949 0.968660
v -0.829636 1.380123 0.800729
v -0.694285 0.959142 0.670094
v -0.571701 0.544453 0.551781
v -0.406550 -0.001439 0.392384
v -0.241671 -0.522531 0.233251
v -0.118648 -0.894357 0.114514
v -1.486820 2.270197 0.828506
v -1.229189 1.798949 0.684946
v -1.016092 1.380123 0.566201
v -0.850323 0.959142 0.473828
v -0.700218 0.544524 0.390185
v -0.498213 -0.000789 0.277621
v -0.296178 -0.522151 0.165041
v -0.145370 -0.894275 0.081005
v -1.658331 2.270197 0.428866
v -1.370983 1.798949 0.354554
v -1.133304 1.380123 0.293087
v -0.948411 0.959142 0.245272
v -0.781015 0.544572 0.201981
v -0.555923 -0.000314 0.143769
v -0.330501 -0.521873 0.085472
v -0.162186 -0.894214 0.041943
v -1.716831 2.270197 0.000000
v -1.419346 1.798949 0.000000
v -1.173282 1.380123 0.000000
v -0.981868 0.959142 0.000000
v -0.808574 0.544589 0.000000
v -0.575625 -0.000140 0.000000
v -0.342220 -0.521772 0.000000
v -0.167925 -0.894192 0.000000
v -1.658331 2.270197 -0.428866
v -1.370983 1.798949 -0.354554
v -1.133304 1.380123 -0.293087
v -0.948411 0.959142 -0.245272
v -0.781015 0.544572 -0.201981
v -0.555923 -0.000314 -0.143769
v -0.330501 -0.521873 -0.085472
v -0.162186 -0.894214 -0.041943
v -1.486820 2.270197 -0.828506
v -1.229189 1.798949 -0.684946
v -1.016092 1.380123 -0.566201
v -0.850323 0.959142 -0.473828
v -0.700218 0.544524 -0.390185
v -0.498213 -0.000789 -0.277621
v -0.296178 -0.522151 -0.165041
v -0.145370 -0.894275 -0.081005
v -1.213983 2.270197 -1.171684
v -1.003629 1.798949 -0.968659
v -0.829636 1.380123 -0.800729
v -0.694285 0.959142 -0.670094
v -0.571701 0.544453 -0.551781
v -0.406550 -0.001439 -0.392384
v -0.241671 -0.522531 -0.233251
v -0.118648 -0.894357 -0.114514
v -0.858416 2.270197 -1.435014
v -0.709673 1.798949 -1.186361
v -0.586641 1.380123 -0.980689
v -0.490934 0.959142 -0.820695
v -0.404235 0.544376 -0.675760
v -0.287304 -0.002092 -0.480287
v -0.170776 -0.522910 -0.285486
v -0.083864 -0.894440 -0.140195
v -0.444349 2.270197 -1.600550
v -0.367354 1.798949 -1.323213
v -0.303668 1.380123 -1.093816
v -0.254126 0.959142 -0.915366
v -0.209240 0.544315 -0.753684
v -0.148655 -0.002570 -0.535458
v -0.088358 -0.523189 -0.318266
v -0.043399 -0.894500 -0.156323
v 0.000000 -1.154704 -0.138868
v 0.037247 -1.154715 -0.134165
v 0.071999 -1.154744 -0.120361
v 0.101905 -1.154785 -0.098355
v 0.124910 -1.154825 -0.069604
v 0.139401 -1.154855 -0.036051
v 0.144350 -1.154865 0.000000
v 0.139401 -1.154855 0.036051
v 0.124910 -1.154825 0.069604
v 0.101905 -1.154785 0.098355
v 0.071999 -1.154744 0.120361
v 0.037247 -1.154715 0.134165
v 0.000000 -1.154704 0.138868
v -0.037247 -1.154715 0.134165
v -0.071999 -1.154744 0.120361
v -0.101905 -1.154785 0.098355
v -0.124910 -1.154825 0.069604
v -0.139401 -1.154855 0.036051
v -0.144350 -1.154865 0.000000
v -0.139401 -1.154855 -0.036051
v -0.124910 -1.154825 -0.069604
v -0.101905 -1.154785 -0.098355
v -0.071999 -1.154744 -0.120361
v -0.037247 -1.154715 -0.134165
v 0.000000 -1.232219 -0.235224
v 0.063114 -1.232292 -0.227339
v 0.122118 -1.232490 -0.204144
v 0.173067 -1.232760 -0.167037
v 0.212412 -1.233030 -0.118363
v 0.237281 -1.233228 -0.061364
v 0.245790 -1.233300 0.000000
v 0.237281 -1.233228 0.061364
v 0.212412 -1.233030 0.118363
v 0.173067 -1.232760 0.167037
v 0.122118 -1.232490 0.204144
v 0.063114 -1.232292 0.227339
v 0.000000 -1.232219 0.235224
v -0.063114 -1.232292 0.227339
v -0.122118 -1.232490 0.204144
v -0.173067 -1.232760 0.167037
v -0.212412 -1.233030 0.118363
v -0.237281 -1.233228 0.061364
v -0.245790 -1.233300 0.000000
v -0.237281 -1.233228 -0.061364
v -0.212412 -1.233030 -0.118363
v -0.173067 -1.232760 -0.167037
v -0.122118 -1.232490 -0.204144
v -0.063114 -1.232292 -0.227339
vn -0.0000 0.2254 -0.9743
vn -0.0000 -0.5593 -0.8290
vn 0.2435 0.2258 -0.9433
vn 0.2076 -0.5602 -0.8019
vn 0.4734 0.2270 -0.8511
vn 0.4027 -0.5626 -0.7220
vn 0.6754 0.2287 -0.7011
vn 0.5727 -0.5660 -0.5929
vn 0.8347 0.2305 -0.5002
vn 0.7056 -0.5695 -0.4217
vn 0.9372 0.2318 -0.2607
vn 0.7904 -0.5720 -0.2193
vn 0.9726 0.2323 -0.0000
vn 0.8196 -0.5730 -0.0000
vn 0.9372 0.2318 0.2607
vn 0.7904 -0.5720 0.2193
vn 0.8347 0.2305 0.5002
vn 0.7056 -0.5695 0.4217
vn 0.6754 0.2287 0.7011
vn 0.5727 -0.5660 0.5929
vn 0.4734 0.2270 0.8511
vn 0.4027 -0.5626 0.7220
vn 0.2435 0.2258 0.9433
vn 0.2076 -0.5602 0.8019
vn -0.0000 0.2254 0.9743
vn -0.0000 -0.5593 0.8290
vn -0.2435 0.2258 0.9433
vn -0.2076 -0.5602 0.8019
vn -0.4734 0.2270 0.8511
vn -0.4027 -0.5626 0.7220
vn -0.6754 0.2287 0.7011
vn -0.5727 -0.5660 0.5929
vn -0.8347 0.2305 0.5002
vn -0.7056 -0.5695 0.4217
vn -0.9372 0.2318 0.2607
vn -0.7904 -0.5720 0.2193
vn -0.9726 0.2323 -0.0000
vn -0.8196 -0.5730 -0.0000
vn -0.9372 0.2318 -0.2607
vn -0.7904 -0.5720 -0.2193
vn -0.8347 0.2305 -0.5002
vn -0.7056 -0.5695 -0.4217
vn -0.6754 0.2287 -0.7011
vn -0.5727 -0.5660 -0.5929
vn -0.4734 0.2270 -0.8511
vn -0.4027 -0.5626 -0.7220
vn -0.2435 0.2258 -0.9433
vn -0.2076 -0.5602 -0.8019
vn -0.0000 -0.4056 -0.9141
vn -0.0000 -0.4037 -0.9149
vn -0.0000 -0.3889 -0.9213
vn -0.0000 -0.3779 -0.9259
vn -0.0000 -0.3886 -0.9214
vn -0.0000 -0.4496 -0.8932
vn -0.0000 -0.5075 -0.8617
vn -0.0000 -0.5409 -0.8411
vn 0.2105 -0.5418 -0.8138
vn 0.2156 -0.5083 -0.8337
vn 0.2236 -0.4505 -0.8644
vn 0.2306 -0.3893 -0.8918
vn 0.2317 -0.3786 -0.8961
vn 0.2305 -0.3896 -0.8917
vn 0.2288 -0.4045 -0.8855
vn 0.2286 -0.4064 -0.8846
vn 0.4084 -0.5442 -0.7328
vn 0.4185 -0.5107 -0.7510
vn 0.4341 -0.4527 -0.7789
vn 0.4480 -0.3914 -0.8038
vn 0.4501 -0.3806 -0.8078
vn 0.4477 -0.3917 -0.8038
vn 0.4444 -0.4066 -0.7982
vn 0.4440 -0.4086 -0.7975
vn 0.5811 -0.5476 -0.6020
vn 0.5957 -0.5141 -0.6171
vn 0.6181 -0.4559 -0.6404
vn 0.6382 -0.3943 -0.6612
vn 0.6414 -0.3834 -0.6645
vn 0.6380 -0.3946 -0.6613
vn 0.6333 -0.4096 -0.6566
vn 0.6326 -0.4116 -0.6560
vn 0.7162 -0.5510 -0.4284
vn 0.7344 -0.5174 -0.4392
vn 0.7624 -0.4592 -0.4560
vn 0.7876 -0.3973 -0.4710
vn 0.7915 -0.3863 -0.4735
vn 0.7874 -0.3975 -0.4712
vn 0.7815 -0.4127 -0.4679
vn 0.7807 -0.4148 -0.4674
vn 0.8025 -0.5535 -0.2228
vn 0.8231 -0.5200 -0.2285
vn 0.8548 -0.4616 -0.2373
vn 0.8833 -0.3995 -0.2452
vn 0.8879 -0.3885 -0.2465
vn 0.8832 -0.3997 -0.2453
vn 0.8766 -0.4150 -0.2436
vn 0.8757 -0.4171 -0.2433
vn 0.8322 -0.5545 -0.0000
vn 0.8536 -0.5209 -0.0000
vn 0.8866 -0.4625 -0.0000
vn 0.9164 -0.4004 -0.0000
vn 0.9211 -0.3893 -0.0000
vn 0.9163 -0.4005 -0.0000
vn 0.9094 -0.4158 -0.0000
vn 0.9085 -0.4180 -0.0000
vn 0.8025 -0.5535 0.2228
vn 0.8231 -0.5200 0.2285
vn 0.8548 -0.4616 0.2373
vn 0.8833 -0.3995 0.2452
vn 0.8879 -0.3885 0.2465
vn 0.8832 -0.3997 0.2453
vn 0.8766 -0.4150 0.2436
vn 0.8757 -0.4171 0.2433
vn 0.7162 -0.5510 0.4284
vn 0.7344 -0.5174 0.4392
vn 0.7624 -0.4592 0.4560
vn 0.7876 -0.3973 0.4710
vn 0.7915 -0.3863 0.4735
vn 0.7874 -0.3975 0.4712
vn 0.7815 -0.4127 0.4679
vn 0.7807 -0.4148 0.4674
vn 0.5811 -0.5476 0.6020
vn 0.5957 -0.5141 0.6171
vn 0.6181 -0.4559 0.6404
vn 0.6382 -0.3943 0.6612
vn 0.6414 -0.3834 0.6645
vn 0.6380 -0.3946 0.6613
vn 0.6333 -0.4096 0.6566
vn 0.6326 -0.4116 0.6560
vn 0.4084 -0.5442 0.7328
vn 0.4185 -0.5107 0.7510
vn 0.4341 -0.4527 0.7789
vn 0.4480 -0.3914 0.8038
vn 0.4501 -0.3806 0.8078
vn 0.4477 -0.3917 0.8038
vn 0.4444 -0.4066 0.7982
vn 0.4440 -0.4086 0.7975
vn 0.2105 -0.5418 0.8138
vn 0.2156 -0.5083 0.8337
vn 0.2236 -0.4505 0.8644
vn 0.2306 -0.3893 0.8918
vn 0.2317 -0.3786 0.8961
vn 0.2305 -0.3896 0.8917
vn 0.2288 -0.4045 0.8855
vn 0.2286 -0.4064 0.8846
vn -0.0000 -0.5409 0.8411
vn -0.0000 -0.5075 0.8617
vn -0.0000 -0.4496 0.8932
vn -0.0000 -0.3886 0.9214
vn -0.0000 -0.3779 0.9259
vn -0.0000 -0.3889 0.9213
vn -0.0000 -0.4037 0.9149
vn -0.0000 -0.4056 0.9141
vn -0.2105 -0.5418 0.8138
vn -0.2156 -0.5083 0.8337
vn -0.2236 -0.4505 0.8643
vn -0.2306 -0.3893 0.8918
vn -0.2317 -0.3786 0.8961
vn -0.2305 -0.3896 0.8917
vn -0.2288 -0.4045 0.8855
vn -0.2286 -0.4064 0.8846
vn -0.4084 -0.5442 0.7328
vn -0.4185 -0.5107 0.7510
vn -0.4341 -0.4527 0.7789
vn -0.4480 -0.3914 0.8038
vn -0.4501 -0.3806 0.8078
vn -0.4477 -0.3917 0.8038
vn -0.4444 -0.4066 0.7982
vn -0.4440 -0.4086 0.7975
vn -0.5811 -0.5476 0.6020
vn -0.5957 -0.5141 0.6171
vn -0.6181 -0.4559 0.6404
vn -0.6382 -0.3943 0.6612
vn -0.6414 -0.3834 0.6645
vn -0.6380 -0.3946 0.6613
vn -0.6333 -0.4096 0.6566
vn -0.6326 -0.4116 0.6560
vn -0.7162 -0.5510 0.4284
vn -0.7344 -0.5174 0.4392
vn -0.7624 -0.4592 0.4560
vn -0.7876 -0.3973 0.4710
vn -0.7915 -0.3863 0.4735
vn -0.7874 -0.3975 0.4712
vn -0.7815 -0.4127 0.4679
vn -0.7807 -0.4148 0.4674
vn -0.8025 -0.5535 0.2228
vn -0.8231 -0.5200 0.2285
vn -0.8548 -0.4616 0.2373
vn -0.8833 -0.3995 0.2452
vn -0.8879 -0.3885 0.2465
vn -0.8832 -0.3997 0.2453
vn -0.8766 -0.4150 0.2436
vn -0.8757 -0.4171 0.2433
vn -0.8322 -0.5545 -0.0000
vn -0.8536 -0.5209 -0.0000
vn -0.8866 -0.4625 -0.0000
vn -0.9164 -0.4004 -0.0000
vn -0.9211 -0.3893 -0.0000
vn -0.9163 -0.4005 -0.0000
vn -0.9094 -0.4158 -0.0000
vn -0.9085 -0.4180 -0.0000
vn -0.8025 -0.5535 -0.2228
vn -0.8231 -0.5200 -0.2285
vn -0.8548 -0.4616 -0.2373
vn -0.8833 -0.3995 -0.2452
vn -0.8879 -0.3885 -0.2465
vn -0.8832 -0.3997 -0.2453
vn -0.8766 -0.4150 -0.2436
vn -0.8757 -0.4171 -0.2433
vn -0.7162 -0.5510 -0.4284
vn -0.7344 -0.5174 -0.4392
vn -0.7624 -0.4592 -0.4560
vn -0.7876 -0.3973 -0.4710
vn -0.7915 -0.3863 -0.4735
vn -0.7874 -0.3975 -0.4712
vn -0.7815 -0.4127 -0.4679
vn -0.7807 -0.4148 -0.4674
vn -0.5811 -0.5476 -0.6020
vn -0.5957 -0.5141 -0.6171
vn -0.6181 -0.4559 -0.6404
vn -0.6382 -0.3943 -0.6612
vn -0.6414 -0.3834 -0.6645
vn -0.6380 -0.3946 -0.6613
vn -0.6333 -0.4096 -0.6566
vn -0.6326 -0.4116 -0.6560
vn -0.4084 -0.5442 -0.7328
vn -0.4185 -0.5107 -0.7510
vn -0.4341 -0.4527 -0.7789
vn -0.4480 -0.3914 -0.8038
vn -0.4501 -0.3806 -0.8078
vn -0.4477 -0.3917 -0.8038
vn -0.4444 -0.4066 -0.7982
vn -0.4440 -0.4086 -0.7975
vn -0.2105 -0.5418 -0.8138
vn -0.2156 -0.5083 -0.8337
vn -0.2236 -0.4505 -0.8644
vn -0.2306 -0.3893 -0.8918
vn -0.2317 -0.3786 -0.8961
vn -0.2305 -0.3896 -0.8917
vn -0.2288 -0.4045 -0.8855
vn -0.2286 -0.4064 -0.8846
vn -0.0000 0.7947 -0.6069
vn 0.1512 0.7955 -0.5868
vn 0.2929 0.7975 -0.5275
vn 0.4156 0.8003 -0.4322
vn 0.5108 0.8031 -0.3067
vn 0.5713 0.8052 -0.1592
vn 0.5920 0.8060 -0.0000
vn 0.5713 0.8052 0.1592
vn 0.5108 0.8031 0.3067
vn 0.4156 0.8003 0.4322
vn 0.2929 0.7975 0.5275
vn 0.1512 0.7955 0.5868
vn -0.0000 0.7947 0.6069
vn -0.1512 0.7955 0.5868
vn -0.2929 0.7975 0.5275
vn -0.4156 0.8003 0.4322
vn -0.5108 0.8031 0.3067
vn -0.5713 0.8052 0.1592
vn -0.5920 0.8060 -0.0000
vn -0.5713 0.8052 -0.1592
vn -0.5108 0.8031 -0.3067
vn -0.4156 0.8003 -0.4322
vn -0.2929 0.7975 -0.5275
vn -0.1512 0.7955 -0.5868
vn -0.0000 0.7792 -0.6268
vn 0.1564 0.7800 -0.6060
vn 0.3028 0.7821 -0.5446
vn 0.4297 0.7851 -0.4461
vn 0.5280 0.7881 -0.3165
vn 0.5903 0.7903 -0.1642
vn 0.6117 0.7911 -0.0000
vn 0.5903 0.7903 0.1642
vn 0.5280 0.7881 0.3165
vn 0.4297 0.7851 0.4461
vn 0.3028 0.7821 0.5446
vn 0.1564 0.7800 0.6060
vn -0.0000 0.7792 0.6268
vn -0.1564 0.7800 0.6060
vn -0.3028 0.7821 0.5446
vn -0.4297 0.7851 0.4461
vn -0.5280 0.7881 0.3165
vn -0.5903 0.7903 0.1642
vn -0.6117 0.7911 -0.0000
vn -0.5903 0.7903 -0.1642
vn -0.5280 0.7881 -0.3165
vn -0.4297 0.7851 -0.4461
vn -0.3028 0.7821 -0.5446
vn -0.1564 0.7800 -0.6060
vt 1.000000 0.888889
vt 1.000000 1.000000
vt 0.958333 1.000000
vt 0.958333 0.888889
vt 0.916667 1.000000
vt 0.916667 0.888889
vt 0.875000 1.000000
vt 0.875000 0.888889
vt 0.833333 1.000000
vt 0.833333 0.888889
vt 0.791667 1.000000
vt 0.791667 0.888889
vt 0.750000 1.000000
vt 0.750000 0.888889
vt 0.708333 1.000000
vt 0.708333 0.888889
vt 0.666667 1.000000
vt 0.666667 0.888889
vt 0.625000 1.000000
vt 0.625000 0.888889
vt 0.583333 1.000000
vt 0.583333 0.888889
vt 0.541666 1.000000
vt 0.541666 0.888889
vt 0.500000 1.000000
vt 0.500000 0.888889
vt 0.458333 1.000000
vt 0.458333 0.888889
vt 0.416666 1.000000
vt 0.416666 0.888889
vt 0.375000 1.000000
vt 0.375000 0.888889
vt 0.333333 1.000000
vt 0.333333 0.888889
vt 0.291667 1.000000
vt 0.291667 0.888889
vt 0.250000 1.000000
vt 0.250000 0.888889
vt 0.208333 1.000000
vt 0.208333 0.888889
vt 0.166666 1.000000
vt 0.166667 0.888889
vt 0.125000 1.000000
vt 0.125000 0.888889
vt 0.083333 1.000000
vt 0.083333 0.888889
vt 0.041666 1.000000
vt 0.041666 0.888889
vt -0.000000 1.000000
vt -0.000000 0.888889
vt 0.041666 0.000000
vt 0.041666 0.111111
vt -0.000000 0.111111
vt -0.000000 0.000000
vt 0.041666 0.222222
vt -0.000000 0.222222
vt 0.041666 0.333333
vt -0.000000 0.333333
vt 0.041666 0.444444
vt -0.000000 0.444444
vt 0.041666 0.555556
vt -0.000000 0.555556
vt 0.041666 0.666667
vt -0.000000 0.666667
vt 0.041666 0.777778
vt -0.000000 0.777778
vt 0.083333 0.000000
vt 0.083333 0.111111
vt 0.083333 0.222222
vt 0.083333 0.333333
vt 0.083333 0.444444
vt 0.083333 0.555556
vt 0.083333 0.666667
vt 0.083333 0.777778
vt 0.125000 0.000000
vt 0.125000 0.111111
vt 0.125000 0.222222
vt 0.125000 0.333333
vt 0.125000 0.444444
vt 0.125000 0.555556
vt 0.125000 0.666667
vt 0.125000 0.777778
vt 0.166666 0.000000
vt 0.166666 0.111111
vt 0.166666 0.222222
vt 0.166666 0.333333
vt 0.166666 0.444444
vt 0.166666 0.555556
vt 0.166667 0.666667
vt 0.166667 0.777778
vt 0.208333 0.000000
vt 0.208333 0.111111
vt 0.208333 0.222222
vt 0.208333 0.333333
vt 0.208333 0.444444
vt 0.208333 0.555556
vt 0.208333 0.666667
vt 0.208333 0.777778
vt 0.250000 0.000000
vt 0.250000 0.111111
vt 0.250000 0.222222
vt 0.250000 0.333333
vt 0.250000 0.444444
vt 0.250000 0.555556
vt 0.250000 0.666667
vt 0.250000 0.777778
vt 0.291667 0.000000
vt 0.291667 0.111111
vt 0.291667 0.222222
vt 0.291667 0.333333
vt 0.291667 0.444444
vt 0.291667 0.555556
vt 0.291667 0.666667
vt 0.291667 0.777778
vt 0.333333 0.000000
vt 0.333333 0.111111
vt 0.333333 0.222222
vt 0.333333 0.333333
vt 0.333333 0.444444
vt 0.333333 0.555555
vt 0.333333 0.666667
vt 0.333333 0.777778
vt 0.375000 0.000000
vt 0.375000 0.111111
vt 0.375000 0.222222
vt 0.375000 0.333333
vt 0.375000 0.444444
vt 0.375000 0.555556
vt 0.375000 0.666667
vt 0.375000 0.777778
vt 0.416666 0.000000
vt 0.416667 0.111111
vt 0.416666 0.222222
vt 0.416667 0.333333
vt 0.416667 0.444444
vt 0.416666 0.555556
vt 0.416666 0.666667
vt 0.416667 0.777778
vt 0.458333 0.000000
vt 0.458333 0.111111
vt 0.458333 0.222222
vt 0.458333 0.333333
vt 0.458333 0.444444
vt 0.458333 0.555556
vt 0.458333 0.666667
vt 0.458333 0.777778
vt 0.500000 0.000000
vt 0.500000 0.111111
vt 0.500000 0.222222
vt 0.500000 0.333333
vt 0.500000 0.444444
vt 0.500000 0.555556
vt 0.500000 0.666667
vt 0.500000 0.777778
vt 0.541666 0.000000
vt 0.541667 0.111111
vt 0.541666 0.222222
vt 0.541666 0.333333
vt 0.541666 0.444444
vt 0.541666 0.555556
vt 0.541666 0.666667
vt 0.541666 0.777778
vt 0.583333 0.000000
vt 0.583333 0.111111
vt 0.583333 0.222222
vt 0.583333 0.333333
vt 0.583333 0.444444
vt 0.583333 0.555556
vt 0.583333 0.666667
vt 0.583333 0.777778
vt 0.625000 0.000000
vt 0.625000 0.111111
vt 0.625000 0.222222
vt 0.625000 0.333333
vt 0.625000 0.444444
vt 0.625000 0.555556
vt 0.625000 0.666667
vt 0.625000 0.777778
vt 0.666667 0.000000
vt 0.666667 0.111111
vt 0.666667 0.222222
vt 0.666667 0.333333
vt 0.666667 0.444444
vt 0.666667 0.555556
vt 0.666667 0.666667
vt 0.666667 0.777778
vt 0.708333 0.000000
vt 0.708333 0.111111
vt 0.708333 0.222222
vt 0.708333 0.333333
vt 0.708333 0.444444
vt 0.708333 0.555556
vt 0.708333 0.666667
vt 0.708333 0.777778
vt 0.750000 0.000000
vt 0.750000 0.111111
vt 0.750000 0.222222
vt 0.750000 0.333333
vt 0.750000 0.444444
vt 0.750000 0.555556
vt 0.750000 0.666667
vt 0.750000 0.777778
vt 0.791667 0.000000
vt 0.791667 0.111111
vt 0.791667 0.222222
vt 0.791667 0.333333
vt 0.791667 0.444444
vt 0.791667 0.555556
vt 0.791667 0.666667
vt 0.791667 0.777778
vt 0.833333 0.000000
vt 0.833333 0.111111
vt 0.833333 0.222222
vt 0.833333 0.333333
vt 0.833333 0.444444
vt 0.833333 0.555556
vt 0.833333 0.666667
vt 0.833333 0.777778
vt 0.875000 0.000000
vt 0.875000 0.111111
vt 0.875000 0.222222
vt 0.875000 0.333333
vt 0.875000 0.444444
vt 0.875000 0.555556
vt 0.875000 0.666667
vt 0.875000 0.777778
vt 0.916667 0.000000
vt 0.916667 0.111111
vt 0.916667 0.222222
vt 0.916667 0.333333
vt 0.916667 0.444444
vt 0.916667 0.555556
vt 0.916667 0.666667
vt 0.916667 0.777778
vt 0.958333 0.000000
vt 0.958333 0.111111
vt 0.958333 0.222222
vt 0.958333 0.333333
vt 0.958333 0.444444
vt 0.958333 0.555556
vt 0.958333 0.666667
vt 0.958333 0.777778
vt 1.000000 0.000000
vt 1.000000 0.111111
vt 1.000000 0.222222
vt 1.000000 0.333333
vt 1.000000 0.444444
vt 1.000000 0.555556
vt 1.000000 0.666667
vt 1.000000 0.777778
s 1
f 1208/751/1208 1154/752/1154 1156/753/1156 1209/754/1209
f 1209/754/1209 1156/753/1156 1158/755/1158 1217/756/1217
f 1217/756/1217 1158/755/1158 1160/757/1160 1225/758/1225
f 1225/758/1225 1160/757/1160 1162/759/1162 1233/760/1233
f 1233/760/1233 1162/759/1162 1164/761/1164 1241/762/1241
f 1241/762/1241 1164/761/1164 1166/763/1166 1249/764/1249
f 1249/764/1249 1166/763/1166 1168/765/1168 1257/766/1257
f 1257/766/1257 1168/765/1168 1170/767/1170 1265/768/1265
f 1265/768/1265 1170/767/1170 1172/769/1172 1273/770/1273
f 1273/770/1273 1172/769/1172 1174/771/1174 1281/772/1281
f 1281/772/1281 1174/771/1174 1176/773/1176 1289/774/1289
f 1289/774/1289 1176/773/1176 1178/775/1178 1297/776/1297
f 1297/776/1297 1178/775/1178 1180/777/1180 1305/778/1305
f 1305/778/1305 1180/777/1180 1182/779/1182 1313/780/1313
f 1313/780/1313 1182/779/1182 1184/781/1184 1321/782/1321
f 1321/782/1321 1184/781/1184 1186/783/1186 1329/784/1329
f 1329/784/1329 1186/783/1186 1188/785/1188 1337/786/1337
f 1337/786/1337 1188/785/1188 1190/787/1190 1345/788/1345
f 1345/788/1345 1190/787/1190 1192/789/1192 1353/790/1353
f 1353/790/1353 1192/789/1192 1194/791/1194 1361/792/1361
f 1361/792/1361 1194/791/1194 1196/793/1196 1369/794/1369
f 1369/794/1369 1196/793/1196 1198/795/1198 1377/796/1377
f 1377/796/1377 1198/795/1198 1200/797/1200 1385/798/1385
f 1385/798/1385 1200/797/1200 1154/799/1154 1208/800/1208
f 1199/801/1199 1392/802/1392 1201/803/1201 1153/804/1153
f 1392/802/1392 1391/805/1391 1202/806/1202 1201/803/1201
f 1391/805/1391 1390/807/1390 1203/808/1203 1202/806/1202
f 1390/807/1390 1389/809/1389 1204/810/1204 1203/808/1203
f 1389/809/1389 1388/811/1388 1205/812/1205 1204/810/1204
f 1388/811/1388 1387/813/1387 1206/814/1206 1205/812/1205
f 1387/813/1387 1386/815/1386 1207/816/1207 1206/814/1206
f 1386/815/1386 1385/798/1385 1208/800/1208 1207/816/1207
f 1197/817/1197 1384/818/1384 1392/802/1392 1199/801/1199
f 1384/818/1384 1383/819/1383 1391/805/1391 1392/802/1392
f 1383/819/1383 1382/820/1382 1390/807/1390 1391/805/1391
f 1382/820/1382 1381/821/1381 1389/809/1389 1390/807/1390
f 1381/821/1381 1380/822/1380 1388/811/1388 1389/809/1389
f 1380/822/1380 1379/823/1379 1387/813/1387 1388/811/1388
f 1379/823/1379 1378/824/1378 1386/815/1386 1387/813/1387
f 1378/824/1378 1377/796/1377 1385/798/1385 1386/815/1386
f 1195/825/1195 1376/826/1376 1384/818/1384 1197/817/1197
f 1376/826/1376 1375/827/1375 1383/819/1383 1384/818/1384
f 1375/827/1375 1374/828/1374 1382/820/1382 1383/819/1383
f 1374/828/1374 1373/829/1373 1381/821/1381 1382/820/1382
f 1373/829/1373 1372/830/1372 1380/822/1380 1381/821/1381
f 1372/830/1372 1371/831/1371 1379/823/1379 1380/822/1380
f 1371/831/1371 1370/832/1370 1378/824/1378 1379/823/1379
f 1370/832/1370 1369/794/1369 1377/796/1377 1378/824/1378
f 1193/833/1193 1368/834/1368 1376/826/1376 1195/825/1195
f 1368/834/1368 1367/835/1367 1375/827/1375 1376/826/1376
f 1367/835/1367 1366/836/1366 1374/828/1374 1375/827/1375
f 1366/836/1366 1365/837/1365 1373/829/1373 1374/828/1374
f 1365/837/1365 1364/838/1364 1372/830/1372 1373/829/1373
f 1364/838/1364 1363/839/1363 1371/831/1371 1372/830/1372
f 1363/839/1363 1362/840/1362 1370/832/1370 1371/831/1371
f 1362/840/1362 1361/792/1361 1369/794/1369 1370/832/1370
f 1191/841/1191 1360/842/1360 1368/834/1368 1193/833/1193
f 1360/842/1360 1359/843/1359 1367/835/1367 1368/834/1368
f 1359/843/1359 1358/844/1358 1366/836/1366 1367/835/1367
f 1358/844/1358 1357/845/1357 1365/837/1365 1366/836/1366
f 1357/845/1357 1356/846/1356 1364/838/1364 1365/837/1365
f 1356/846/1356 1355/847/1355 1363/839/1363 1364/838/1364
f 1355/847/1355 1354/848/1354 1362/840/1362 1363/839/1363
f 1354/848/1354 1353/790/1353 1361/792/1361 1362/840/1362
f 1189/849/1189 1352/850/1352 1360/842/1360 1191/841/1191
f 1352/850/1352 1351/851/1351 1359/843/1359 1360/842/1360
f 1351/851/1351 1350/852/1350 1358/844/1358 1359/843/1359
f 1350/852/1350 1349/853/1349 1357/845/1357 1358/844/1358
f 1349/853/1349 1348/854/1348 1356/846/1356 1357/845/1357
f 1348/854/1348 1347/855/1347 1355/847/1355 1356/846/1356
f 1347/855/1347 1346/856/1346 1354/848/1354 1355/847/1355
f 1346/856/1346 1345/788/1345 1353/790/1353 1354/848/1354
f 1187/857/1187 1344/858/1344 1352/850/1352 1189/849/1189
f 1344/858/1344 1343/859/1343 1351/851/1351 1352/850/1352
f 1343/859/1343 1342/860/1342 1350/852/1350 1351/851/1351
f 1342/860/1342 1341/861/1341 1349/853/1349 1350/852/1350
f 1341/861/1341 1340/862/1340 1348/854/1348 1349/853/1349
f 1340/862/1340 1339/863/1339 1347/855/1347 1348/854/1348
f 1339/863/1339 1338/864/1338 1346/856/1346 1347/855/1347
f 1338/864/1338 1337/786/1337 1345/788/1345 1346/856/1346
f 1185/865/1185 1336/866/1336 1344/858/1344 1187/857/1187
f 1336/866/1336 1335/867/1335 1343/859/1343 1344/858/1344
f 1335/867/1335 1334/868/1334 1342/860/1342 1343/859/1343
f 1334/868/1334 1333/869/1333 1341/861/1341 1342/860/1342
f 1333/869/1333 1332/870/1332 1340/862/1340 1341/861/1341
f 1332/870/1332 1331/871/1331 1339/863/1339 1340/862/1340
f 1331/871/1331 1330/872/1330 1338/864/1338 1339/863/1339
f 1330/872/1330 1329/784/1329 1337/786/1337 1338/864/1338
f 1183/873/1183 1328/874/1328 1336/866/1336 1185/865/1185
f 1328/874/1328 1327/875/1327 1335/867/1335 1336/866/1336
f 1327/875/1327 1326/876/1326 1334/868/1334 1335/867/1335
f 1326/876/1326 1325/877/1325 1333/869/1333 1334/868/1334
f 1325/877/1325 1324/878/1324 1332/870/1332 1333/869/1333
f 1324/878/1324 1323/879/1323 1331/871/1331 1332/870/1332
f 1323/879/1323 1322/880/1322 1330/872/1330 1331/871/1331
f 1322/880/1322 1321/782/1321 1329/784/1329 1330/872/1330
f 1181/881/1181 1320/882/1320 1328/874/1328 1183/873/1183
f 1320/882/1320 1319/883/1319 1327/875/1327 1328/874/1328
f 1319/883/1319 1318/884/1318 1326/876/1326 1327/875/1327
f 1318/884/1318 1317/885/1317 1325/877/1325 1326/876/1326
f 1317/885/1317 1316/886/1316 1324/878/1324 1325/877/1325
f 1316/886/1316 1315/887/1315 1323/879/1323 1324/878/1324
f 1315/887/1315 1314/888/1314 1322/880/1322 1323/879/1323
f 1314/888/1314 1313/780/1313 1321/782/1321 1322/880/1322
f 1179/889/1179 1312/890/1312 1320/882/1320 1181/881/1181
f 1312/890/1312 1311/891/1311 1319/883/1319 1320/882/1320
f 1311/891/1311 1310/892/1310 1318/884/1318 1319/883/1319
f 1310/892/1310 1309/893/1309 1317/885/1317 1318/884/1318
f 1309/893/1309 1308/894/1308 1316/886/1316 1317/885/1317
f 1308/894/1308 1307/895/1307 1315/887/1315 1316/886/1316
f 1307/895/1307 1306/896/1306 1314/888/1314 1315/887/1315
f 1306/896/1306 1305/778/1305 1313/780/1313 1314/888/1314
f 1177/897/1177 1304/898/1304 1312/890/1312 1179/889/1179
f 1304/898/1304 1303/899/1303 1311/891/1311 1312/890/1312
f 1303/899/1303 1302/900/1302 1310/892/1310 1311/891/1311
f 1302/900/1302 1301/901/1301 1309/893/1309 1310/892/1310
f 1301/901/1301 1300/902/1300 1308/894/1308 1309/893/1309
f 1300/902/1300 1299/903/1299 1307/895/1307 1308/894/1308
f 1299/903/1299 1298/904/1298 1306/896/1306 1307/895/1307
f 1298/904/1298 1297/776/1297 1305/778/1305 1306/896/1306
f 1175/905/1175 1296/906/1296 1304/898/1304 1177/897/1177
f 1296/906/1296 1295/907/1295 1303/899/1303 1304/898/1304
f 1295/907/1295 1294/908/1294 1302/900/1302 1303/899/1303
f 1294/908/1294 1293/909/1293 1301/901/1301 1302/900/1302
f 1293/909/1293 1292/910/1292 1300/902/1300 1301/901/1301
f 1292/910/1292 1291/911/1291 1299/903/1299 1300/902/1300
f 1291/911/1291 1290/912/1290 1298/904/1298 1299/903/1299
f 1290/912/1290 1289/774/1289 1297/776/1297 1298/904/1298
f 1173/913/1173 1288/914/1288 1296/906/1296 1175/905/1175
f 1288/914/1288 1287/915/1287 1295/907/1295 1296/906/1296
f 1287/915/1287 1286/916/1286 1294/908/1294 1295/907/1295
f 1286/916/1286 1285/917/1285 1293/909/1293 1294/908/1294
f 1285/917/1285 1284/918/1284 1292/910/1292 1293/909/1293
f 1284/918/1284 1283/919/1283 1291/911/1291 1292/910/1292
f 1283/919/1283 1282/920/1282 1290/912/1290 1291/911/1291
f 1282/920/1282 1281/772/1281 1289/774/1289 1290/912/1290
f 1171/921/1171 1280/922/1280 1288/914/1288 1173/913/1173
f 1280/922/1280 1279/923/1279 1287/915/1287 1288/914/1288
f 1279/923/1279 1278/924/1278 1286/916/1286 1287/915/1287
f 1278/924/1278 1277/925/1277 1285/917/1285 1286/916/1286
f 1277/925/1277 1276/926/1276 1284/918/1284 1285/917/1285
f 1276/926/1276 1275/927/1275 1283/919/1283 1284/918/1284
f 1275/927/1275 1274/928/1274 1282/920/1282 1283/919/1283
f 1274/928/1274 1273/770/1273 1281/772/1281 1282/920/1282
f 1169/929/1169 1272/930/1272 1280/922/1280 1171/921/1171
f 1272/930/1272 1271/931/1271 1279/923/1279 1280/922/1280
f 1271/931/1271 1270/932/1270 1278/924/1278 1279/923/1279
f 1270/932/1270 1269/933/1269 1277/925/1277 1278/924/1278
f 1269/933/1269 1268/934/1268 1276/926/1276 1277/925/1277
f 1268/934/1268 1267/935/1267 1275/927/1275 1276/926/1276
f 1267/935/1267 1266/936/1266 1274/928/1274 1275/927/1275
f 1266/936/1266 1265/768/1265 1273/770/1273 1274/928/1274
f 1167/937/1167 1264/938/1264 1272/930/1272 1169/929/1169
f 1264/938/1264 1263/939/1263 1271/931/1271 1272/930/1272
f 1263/939/1263 1262/940/1262 1270/932/1270 1271/931/1271
f 1262/940/1262 1261/941/1261 1269/933/1269 1270/932/1270
f 1261/941/1261 1260/942/1260 1268/934/1268 1269/933/1269
f 1260/942/1260 1259/943/1259 1267/935/1267 1268/934/1268
f 1259/943/1259 1258/944/1258 1266/936/1266 1267/935/1267
f 1258/944/1258 1257/766/1257 1265/768/1265 1266/936/1266
f 1165/945/1165 1256/946/1256 1264/938/1264 1167/937/1167
f 1256/946/1256 1255/947/1255 1263/939/1263 1264/938/1264
f 1255/947/1255 1254/948/1254 1262/940/1262 1263/939/1263
f 1254/948/1254 1253/949/1253 1261/941/1261 1262/940/1262
f 1253/949/1253 1252/950/1252 1260/942/1260 1261/941/1261
f 1252/950/1252 1251/951/1251 1259/943/1259 1260/942/1260
f 1251/951/1251 1250/952/1250 1258/944/1258 1259/943/1259
f 1250/952/1250 1249/764/1249 1257/766/1257 1258/944/1258
f 1163/953/1163 1248/954/1248 1256/946/1256 1165/945/1165
f 1248/954/1248 1247/955/1247 1255/947/1255 1256/946/1256
f 1247/955/1247 1246/956/1246 1254/948/1254 1255/947/1255
f 1246/956/1246 1245/957/1245 1253/949/1253 1254/948/1254
f 1245/957/1245 1244/958/1244 1252/950/1252 1253/949/1253
f 1244/958/1244 1243/959/1243 1251/951/1251 1252/950/1252
f 1243/959/1243 1242/960/1242 1250/952/1250 1251/951/1251
f 1242/960/1242 1241/762/1241 1249/764/1249 1250/952/1250
f 1161/961/1161 1240/962/1240 1248/954/1248 1163/953/1163
f 1240/962/1240 1239/963/1239 1247/955/1247 1248/954/1248
f 1239/963/1239 1238/964/1238 1246/956/1246 1247/955/1247
f 1238/964/1238 1237/965/1237 1245/957/1245 1246/956/1246
f 1237/965/1237 1236/966/1236 1244/958/1244 1245/957/1245
f 1236/966/1236 1235/967/1235 1243/959/1243 1244/958/1244
f 1235/967/1235 1234/968/1234 1242/960/1242 1243/959/1243
f 1234/968/1234 1233/760/1233 1241/762/1241 1242/960/1242
f 1159/969/1159 1232/970/1232 1240/962/1240 1161/961/1161
f 1232/970/1232 1231/971/1231 1239/963/1239 1240/962/1240
f 1231/971/1231 1230/972/1230 1238/964/1238 1239/963/1239
f 1230/972/1230 1229/973/1229 1237/965/1237 1238/964/1238
f 1229/973/1229 1228/974/1228 1236/966/1236 1237/965/1237
f 1228/974/1228 1227/975/1227 1235/967/1235 1236/966/1236
f 1227/975/1227 1226/976/1226 1234/968/1234 1235/967/1235
f 1226/976/1226 1225/758/1225 1233/760/1233 1234/968/1234
f 1157/977/1157 1224/978/1224 1232/970/1232 1159/969/1159
f 1224/978/1224 1223/979/1223 1231/971/1231 1232/970/1232
f 1223/979/1223 1222/980/1222 1230/972/1230 1231/971/1231
f 1222/980/1222 1221/981/1221 1229/973/1229 1230/972/1230
f 1221/981/1221 1220/982/1220 1228/974/1228 1229/973/1229
f 1220/982/1220 1219/983/1219 1227/975/1227 1228/974/1228
f 1219/983/1219 1218/984/1218 1226/976/1226 1227/975/1227
f 1218/984/1218 1217/756/1217 1225/758/1225 1226/976/1226
f 1155/985/1155 1216/986/1216 1224/978/1224 1157/977/1157
f 1216/986/1216 1215/987/1215 1223/979/1223 1224/978/1224
f 1215/987/1215 1214/988/1214 1222/980/1222 1223/979/1223
f 1214/988/1214 1213/989/1213 1221/981/1221 1222/980/1222
f 1213/989/1213 1212/990/1212 1220/982/1220 1221/981/1221
f 1212/990/1212 1211/991/1211 1219/983/1219 1220/982/1220
f 1211/991/1211 1210/992/1210 1218/984/1218 1219/983/1219
f 1210/992/1210 1209/754/1209 1217/756/1217 1218/984/1218
f 1153/993/1153 1201/994/1201 1216/986/1216 1155/985/1155
f 1201/994/1201 1202/995/1202 1215/987/1215 1216/986/1216
f 1202/995/1202 1203/996/1203 1214/988/1214 1215/987/1215
f 1203/996/1203 1204/997/1204 1213/989/1213 1214/988/1214
f 1204/997/1204 1205/998/1205 1212/990/1212 1213/989/1213
f 1205/998/1205 1206/999/1206 1211/991/1211 1212/990/1212
f 1206/999/1206 1207/1000/1207 1210/992/1210 1211/991/1211
f 1207/1000/1207 1208/751/1208 1209/754/1209 1210/992/1210
f 1163/953/1163 1165/945/1165 1399/945/1399 1398/953/1398
f 1173/913/1173 1175/905/1175 1404/905/1404 1403/913/1403
f 1183/873/1183 1185/865/1185 1409/865/1409 1408/873/1408
f 1193/833/1193 1195/825/1195 1414/825/1414 1413/833/1413
f 1159/969/1159 1161/961/1161 1397/961/1397 1396/969/1396
f 1169/929/1169 1171/921/1171 1402/921/1402 1401/929/1401
f 1179/889/1179 1181/881/1181 1407/881/1407 1406/889/1406
f 1189/849/1189 1191/841/1191 1412/841/1412 1411/849/1411
f 1199/801/1199 1153/804/1153 1393/804/1393 1416/801/1416
f 1155/985/1155 1157/977/1157 1395/977/1395 1394/985/1394
f 1165/945/1165 1167/937/1167 1400/937/1400 1399/945/1399
f 1175/905/1175 1177/897/1177 1405/897/1405 1404/905/1404
f 1185/865/1185 1187/857/1187 1410/857/1410 1409/865/1409
f 1195/825/1195 1197/817/1197 1415/817/1415 1414/825/1414
f 1161/961/1161 1163/953/1163 1398/953/1398 1397/961/1397
f 1171/921/1171 1173/913/1173 1403/913/1403 1402/921/1402
f 1181/881/1181 1183/873/1183 1408/873/1408 1407/881/1407
f 1191/841/1191 1193/833/1193 1413/833/1413 1412/841/1412
f 1157/977/1157 1159/969/1159 1396/969/1396 1395/977/1395
f 1167/937/1167 1169/929/1169 1401/929/1401 1400/937/1400
f 1177/897/1177 1179/889/1179 1406/889/1406 1405/897/1405
f 1153/993/1153 1155/985/1155 1394/985/1394 1393/993/1393
f 1187/857/1187 1189/849/1189 1411/849/1411 1410/857/1410
f 1197/817/1197 1199/801/1199 1416/801/1416 1415/817/1415
f 1404/905/1404 1405/897/1405 1429/897/1429 1428/905/1428
f 1397/961/1397 1398/953/1398 1422/953/1422 1421/961/1421
f 1412/841/1412 1413/833/1413 1437/833/1437 1436/841/1436
f 1405/897/1405 1406/889/1406 1430/889/1430 1429/897/1429
f 1398/953/1398 1399/945/1399 1423/945/1423 1422/953/1422
f 1413/833/1413 1414/825/1414 1438/825/1438 1437/833/1437
f 1406/889/1406 1407/881/1407 1431/881/1431 1430/889/1430
f 1399/945/1399 1400/937/1400 1424/937/1424 1423/945/1423
f 1414/825/1414 1415/817/1415 1439/817/1439 1438/825/1438
f 1407/881/1407 1408/873/1408 1432/873/1432 1431/881/1431
f 1400/937/1400 1401/929/1401 1425/929/1425 1424/937/1424
f 1415/817/1415 1416/801/1416 1440/801/1440 1439/817/1439
f 1393/993/1393 1394/985/1394 1418/985/1418 1417/993/1417
f 1408/873/1408 1409/865/1409 1433/865/1433 1432/873/1432
f 1401/929/1401 1402/921/1402 1426/921/1426 1425/929/1425
f 1416/801/1416 1393/804/1393 1417/804/1417 1440/801/1440
f 1394/985/1394 1395/977/1395 1419/977/1419 1418/985/1418
f 1409/865/1409 1410/857/1410 1434/857/1434 1433/865/1433
f 1402/921/1402 1403/913/1403 1427/913/1427 1426/921/1426
f 1395/977/1395 1396/969/1396 1420/969/1420 1419/977/1419
f 1410/857/1410 1411/849/1411 1435/849/1435 1434/857/1434
f 1403/913/1403 1404/905/1404 1428/905/1428 1427/913/1427
f 1396/969/1396 1397/961/1397 1421/961/1421 1420/969/1420
f 1411/849/1411 1412/841/1412 1436/841/1436 1435/849/1435
