# Blender 4.3.2
# www.blender.org
mtllib botella_vidrio.mtl
o Cylinder
v 0.000000 -1.430952 -1.000000
v 0.195090 -1.430952 -0.980785
v 0.382683 -1.430952 -0.923880
v 0.555570 -1.430952 -0.831470
v 0.707107 -1.430952 -0.707107
v 0.831470 -1.430952 -0.555570
v 0.923880 -1.430952 -0.382683
v 0.980785 -1.430952 -0.195090
v 1.000000 -1.430952 0.000000
v 0.980785 -1.430952 0.195090
v 0.923880 -1.430952 0.382683
v 0.831470 -1.430952 0.555570
v 0.707107 -1.430952 0.707107
v 0.555570 -1.430952 0.831470
v 0.382683 -1.430952 0.923880
v 0.195090 -1.430952 0.980785
v 0.000000 -1.430952 1.000000
v -0.195090 -1.430952 0.980785
v -0.382683 -1.430952 0.923880
v -0.555570 -1.430952 0.831470
v -0.707107 -1.430952 0.707107
v -0.831470 -1.430952 0.555570
v -0.923880 -1.430952 0.382683
v -0.980785 -1.430952 0.195090
v -1.000000 -1.430952 0.000000
v -0.980785 -1.430952 -0.195090
v -0.923880 -1.430952 -0.382683
v -0.831470 -1.430952 -0.555570
v -0.707107 -1.430952 -0.707107
v -0.555570 -1.430952 -0.831470
v -0.382683 -1.430952 -0.923880
v -0.195090 -1.430952 -0.980785
v 0.604478 1.227187 0.604478
v 0.474935 1.227187 -0.710791
v -0.166775 1.227187 -0.838435
v -0.710791 1.227187 -0.474935
v 0.327141 1.227187 -0.789789
v 0.000000 0.300169 -1.000000
v 0.000000 1.226903 -0.855042
v 0.000000 0.895960 -0.980579
v 0.000000 1.077428 -0.927521
v 0.166810 1.226903 -0.838613
v 0.195090 0.300169 -0.980785
v 0.180950 1.077428 -0.909699
v 0.191302 0.895960 -0.961738
v 0.382683 0.300169 -0.923880
v 0.354947 1.077428 -0.856918
v 0.375252 0.895960 -0.905937
v 0.555570 0.300169 -0.831470
v 0.515303 1.077428 -0.771206
v 0.544781 0.895960 -0.815322
v 0.604606 1.226903 -0.604606
v 0.707107 0.300169 -0.707107
v 0.655856 1.077428 -0.655856
v 0.693374 0.895960 -0.693374
v 0.710942 1.226903 -0.475036
v 0.831470 0.300169 -0.555570
v 0.771206 1.077428 -0.515303
v 0.815322 0.895960 -0.544781
v 0.789956 1.226903 -0.327211
v 0.923880 0.300169 -0.382683
v 0.856918 1.077428 -0.354947
v 0.905937 0.895960 -0.375252
v 0.838613 1.226903 -0.166810
v 0.980785 0.300169 -0.195090
v 0.909699 1.077428 -0.180950
v 0.961738 0.895960 -0.191302
v 0.855042 1.226903 -0.000000
v 1.000000 0.300169 0.000000
v 0.927521 1.077428 -0.000000
v 0.980579 0.895960 -0.000000
v 0.838613 1.226903 0.166810
v 0.980785 0.300169 0.195090
v 0.909699 1.077428 0.180950
v 0.961738 0.895960 0.191302
v 0.789956 1.226903 0.327211
v 0.923880 0.300169 0.382683
v 0.856918 1.077428 0.354947
v 0.905937 0.895960 0.375252
v 0.710942 1.226903 0.475036
v 0.831470 0.300169 0.555570
v 0.771206 1.077428 0.515303
v 0.815322 0.895960 0.544781
v 0.707107 0.300169 0.707107
v 0.655856 1.077428 0.655856
v 0.693374 0.895960 0.693374
v 0.475036 1.226903 0.710942
v 0.555570 0.300169 0.831470
v 0.515303 1.077428 0.771206
v 0.544781 0.895960 0.815322
v 0.327211 1.226903 0.789956
v 0.382683 0.300169 0.923880
v 0.354947 1.077428 0.856918
v 0.375252 0.895960 0.905937
v 0.166810 1.226903 0.838613
v 0.195090 0.300169 0.980785
v 0.180950 1.077428 0.909699
v 0.191302 0.895960 0.961738
v 0.000000 1.226903 0.855042
v 0.000000 0.300169 1.000000
v 0.000000 1.077428 0.927521
v 0.000000 0.895960 0.980579
v -0.166810 1.226903 0.838613
v -0.195090 0.300169 0.980785
v -0.180950 1.077428 0.909699
v -0.191302 0.895960 0.961738
v -0.327211 1.226903 0.789956
v -0.382683 0.300169 0.923880
v -0.354947 1.077428 0.856918
v -0.375252 0.895960 0.905937
v -0.475036 1.226903 0.710942
v -0.555570 0.300169 0.831470
v -0.515303 1.077428 0.771206
v -0.544781 0.895960 0.815322
v -0.604606 1.226903 0.604606
v -0.707107 0.300169 0.707107
v -0.655856 1.077428 0.655856
v -0.693374 0.895960 0.693374
v -0.710942 1.226903 0.475036
v -0.831470 0.300169 0.555570
v -0.771206 1.077428 0.515303
v -0.815322 0.895960 0.544781
v -0.789956 1.226903 0.327211
v -0.923880 0.300169 0.382683
v -0.856918 1.077428 0.354947
v -0.905937 0.895960 0.375252
v -0.838613 1.226903 0.166810
v -0.980785 0.300169 0.195090
v -0.909699 1.077428 0.180950
v -0.961738 0.895960 0.191302
v -0.855042 1.226903 -0.000000
v -1.000000 0.300169 0.000000
v -0.927521 1.077428 -0.000000
v -0.980579 0.895960 -0.000000
v -0.838613 1.226903 -0.166810
v -0.980785 0.300169 -0.195090
v -0.909699 1.077428 -0.180950
v -0.961738 0.895960 -0.191302
v -0.789956 1.226903 -0.327211
v -0.923880 0.300169 -0.382683
v -0.856918 1.077428 -0.354947
v -0.905937 0.895960 -0.375252
v -0.831470 0.300169 -0.555570
v -0.771206 1.077428 -0.515303
v -0.815322 0.895960 -0.544781
v -0.604606 1.226903 -0.604606
v -0.707107 0.300169 -0.707107
v -0.655856 1.077428 -0.655856
v -0.693374 0.895960 -0.693374
v -0.475036 1.226903 -0.710942
v -0.555570 0.300169 -0.831470
v -0.515303 1.077428 -0.771206
v -0.544781 0.895960 -0.815322
v -0.327211 1.226903 -0.789956
v -0.382683 0.300169 -0.923880
v -0.354947 1.077428 -0.856918
v -0.375252 0.895960 -0.905937
v -0.195090 0.300169 -0.980785
v -0.180950 1.077428 -0.909699
v -0.191302 0.895960 -0.961738
v 0.000000 1.340922 -0.746004
v 0.145538 1.340922 -0.731669
v 0.285483 1.340922 -0.689217
v 0.414457 1.340922 -0.620279
v 0.527504 1.340922 -0.527504
v 0.620279 1.340922 -0.414457
v 0.689217 1.340922 -0.285483
v 0.731669 1.340922 -0.145538
v 0.746004 1.340922 -0.000000
v 0.731669 1.340922 0.145538
v 0.689217 1.340922 0.285483
v 0.620279 1.340922 0.414457
v 0.527504 1.340922 0.527504
v 0.414457 1.340922 0.620279
v 0.285483 1.340922 0.689217
v 0.145538 1.340922 0.731669
v 0.000000 1.340922 0.746004
v -0.145538 1.340922 0.731669
v -0.285483 1.340922 0.689217
v -0.414457 1.340922 0.620279
v -0.527504 1.340922 0.527504
v -0.620279 1.340922 0.414457
v -0.689217 1.340922 0.285483
v -0.731669 1.340922 0.145538
v -0.746004 1.340922 -0.000000
v -0.731669 1.340922 -0.145538
v -0.689217 1.340922 -0.285483
v -0.620279 1.340922 -0.414457
v -0.527504 1.340922 -0.527504
v -0.414457 1.340922 -0.620279
v -0.285483 1.340922 -0.689217
v -0.145538 1.340922 -0.731669
v 0.000000 2.255730 -0.347659
v 0.067825 2.255730 -0.340978
v 0.133043 2.255730 -0.321195
v 0.193149 2.255730 -0.289067
v 0.245832 2.255730 -0.245832
v 0.289067 2.255730 -0.193149
v 0.321194 2.255730 -0.133043
v 0.340978 2.255730 -0.067825
v 0.347658 2.255730 -0.000000
v 0.340978 2.255730 0.067825
v 0.321194 2.255730 0.133043
v 0.289067 2.255730 0.193149
v 0.245832 2.255730 0.245832
v 0.193149 2.255730 0.289067
v 0.133043 2.255730 0.321195
v 0.067825 2.255730 0.340978
v -0.000000 2.255730 0.347659
v -0.067825 2.255730 0.340978
v -0.133043 2.255730 0.321195
v -0.193149 2.255730 0.289067
v -0.245832 2.255730 0.245832
v -0.289068 2.255730 0.193149
v -0.321195 2.255730 0.133043
v -0.340978 2.255730 0.067825
v -0.347659 2.255730 -0.000000
v -0.340978 2.255730 -0.067825
v -0.321195 2.255730 -0.133043
v -0.289068 2.255730 -0.193149
v -0.245832 2.255730 -0.245832
v -0.193149 2.255730 -0.289067
v -0.133043 2.255730 -0.321195
v -0.067825 2.255730 -0.340978
v -0.000000 2.860233 -0.266292
v 0.051951 2.860233 -0.261176
v 0.101906 2.860233 -0.246022
v 0.147944 2.860233 -0.221414
v 0.188297 2.860233 -0.188297
v 0.221414 2.860233 -0.147944
v 0.246022 2.860233 -0.101906
v 0.261176 2.860233 -0.051951
v 0.266292 2.860233 -0.000000
v 0.261176 2.860233 0.051951
v 0.246022 2.860233 0.101906
v 0.221414 2.860233 0.147944
v 0.188297 2.860233 0.188297
v 0.147944 2.860233 0.221414
v 0.101906 2.860233 0.246022
v 0.051951 2.860233 0.261176
v -0.000000 2.860233 0.266292
v -0.051951 2.860233 0.261176
v -0.101906 2.860233 0.246022
v -0.147944 2.860233 0.221414
v -0.188297 2.860233 0.188297
v -0.221414 2.860233 0.147944
v -0.246022 2.860233 0.101906
v -0.261176 2.860233 0.051951
v -0.266292 2.860233 -0.000000
v -0.261176 2.860233 -0.051951
v -0.246022 2.860233 -0.101906
v -0.221414 2.860233 -0.147944
v -0.188297 2.860233 -0.188297
v -0.147944 2.860233 -0.221414
v -0.101906 2.860233 -0.246022
v -0.051951 2.860233 -0.261176
v -0.000000 2.906229 -0.309500
v 0.060381 2.906229 -0.303553
v 0.118441 2.906229 -0.285941
v 0.171949 2.906229 -0.257340
v 0.218850 2.906229 -0.218850
v 0.257340 2.906229 -0.171949
v 0.285941 2.906229 -0.118441
v 0.303553 2.906229 -0.060381
v 0.309500 2.906229 -0.000000
v 0.303553 2.906229 0.060381
v 0.285941 2.906229 0.118441
v 0.257340 2.906229 0.171949
v 0.218850 2.906229 0.218850
v 0.171949 2.906229 0.257340
v 0.118441 2.906229 0.285941
v 0.060381 2.906229 0.303553
v -0.000000 2.906229 0.309500
v -0.060380 2.906229 0.303553
v -0.118441 2.906229 0.285941
v -0.171949 2.906229 0.257340
v -0.218850 2.906229 0.218850
v -0.257340 2.906229 0.171949
v -0.285941 2.906229 0.118441
v -0.303553 2.906229 0.060381
v -0.309500 2.906229 -0.000000
v -0.303553 2.906229 -0.060381
v -0.285941 2.906229 -0.118441
v -0.257340 2.906229 -0.171949
v -0.218850 2.906229 -0.218850
v -0.171949 2.906229 -0.257340
v -0.118441 2.906229 -0.285941
v -0.060380 2.906229 -0.303553
v -0.000000 2.952026 -0.236036
v 0.046048 2.952026 -0.231500
v 0.090327 2.952026 -0.218068
v 0.131134 2.952026 -0.196256
v 0.166902 2.952026 -0.166902
v 0.196256 2.952026 -0.131134
v 0.218068 2.952026 -0.090327
v 0.231500 2.952026 -0.046048
v 0.236036 2.952026 -0.000000
v 0.231500 2.952026 0.046048
v 0.218068 2.952026 0.090327
v 0.196256 2.952026 0.131134
v 0.166902 2.952026 0.166902
v 0.131134 2.952026 0.196256
v 0.090327 2.952026 0.218068
v 0.046048 2.952026 0.231500
v -0.000000 2.952026 0.236036
v -0.046048 2.952026 0.231500
v -0.090327 2.952026 0.218068
v -0.131134 2.952026 0.196256
v -0.166902 2.952026 0.166902
v -0.196256 2.952026 0.131134
v -0.218068 2.952026 0.090327
v -0.231500 2.952026 0.046048
v -0.236036 2.952026 -0.000000
v -0.231500 2.952026 -0.046048
v -0.218068 2.952026 -0.090327
v -0.196256 2.952026 -0.131134
v -0.166902 2.952026 -0.166902
v -0.131134 2.952026 -0.196256
v -0.090327 2.952026 -0.218068
v -0.046048 2.952026 -0.231500
v -0.000000 2.952026 -0.309500
v 0.060380 2.952026 -0.303553
v 0.118441 2.952026 -0.285941
v 0.171949 2.952026 -0.257340
v 0.218850 2.952026 -0.218850
v 0.257340 2.952026 -0.171949
v 0.285941 2.952026 -0.118441
v 0.303553 2.952026 -0.060381
v 0.309500 2.952026 -0.000000
v 0.303553 2.952026 0.060381
v 0.285941 2.952026 0.118441
v 0.257340 2.952026 0.171949
v 0.218850 2.952026 0.218850
v 0.171949 2.952026 0.257340
v 0.118440 2.952026 0.285941
v 0.060380 2.952026 0.303553
v -0.000000 2.952026 0.309500
v -0.060380 2.952026 0.303553
v -0.118441 2.952026 0.285941
v -0.171949 2.952026 0.257340
v -0.218850 2.952026 0.218850
v -0.257340 2.952026 0.171949
v -0.285941 2.952026 0.118441
v -0.303553 2.952026 0.060381
v -0.309500 2.952026 -0.000000
v -0.303553 2.952026 -0.060381
v -0.285941 2.952026 -0.118441
v -0.257340 2.952026 -0.171949
v -0.218850 2.952026 -0.218850
v -0.171949 2.952026 -0.257340
v -0.118441 2.952026 -0.285941
v -0.060380 2.952026 -0.303553
v 0.037050 1.431161 -0.553875
v 0.000000 1.406135 -0.626691
v -0.037050 1.431161 -0.553875
v 0.127954 1.447312 -0.453355
v 0.055495 1.447330 -0.468923
v 0.042861 1.478191 -0.405257
v 0.115199 1.478229 -0.389576
v 0.071712 1.431036 -0.550436
v 0.144389 1.431036 -0.535980
v 0.122261 1.406135 -0.614649
v 0.145481 1.447312 -0.448039
v 0.213941 1.447312 -0.419682
v 0.177719 1.431036 -0.525869
v 0.246179 1.431036 -0.497512
v 0.239824 1.406135 -0.578987
v 0.230093 1.447312 -0.411048
v 0.194014 1.478229 -0.356930
v 0.256253 1.478191 -0.316868
v 0.292338 1.447330 -0.370819
v 0.276896 1.431036 -0.481093
v 0.338509 1.431036 -0.439925
v 0.348171 1.406135 -0.521074
v 0.365450 1.431161 -0.417847
v 0.417847 1.431161 -0.365450
v 0.443137 1.406135 -0.443137
v 0.411048 1.447312 -0.230093
v 0.370819 1.447330 -0.292338
v 0.439925 1.431036 -0.338509
v 0.481093 1.431036 -0.276896
v 0.521074 1.406135 -0.348171
v 0.419681 1.447312 -0.213941
v 0.359616 1.478229 -0.188988
v 0.387922 1.478229 -0.120653
v 0.448039 1.447312 -0.145481
v 0.497512 1.431036 -0.246179
v 0.525869 1.431036 -0.177719
v 0.578987 1.406135 -0.239824
v 0.453355 1.447312 -0.127954
v 0.468923 1.447330 -0.055495
v 0.535980 1.431036 -0.144389
v 0.550436 1.431036 -0.071712
v 0.614649 1.406135 -0.122261
v 0.553875 1.431161 -0.037050
v 0.553875 1.431161 0.037050
v 0.626691 1.406135 -0.000000
v 0.550460 1.431161 0.071717
v 0.536004 1.431161 0.144394
v 0.614649 1.406135 0.122261
v 0.525892 1.431161 0.177729
v 0.497535 1.431161 0.246189
v 0.578987 1.406135 0.239824
v 0.370819 1.447330 0.292338
v 0.411991 1.447330 0.230719
v 0.358007 1.478191 0.194684
v 0.481093 1.431036 0.276896
v 0.439925 1.431036 0.338509
v 0.521074 1.406135 0.348171
v 0.417847 1.431161 0.365450
v 0.365450 1.431161 0.417847
v 0.443137 1.406135 0.443137
v 0.338522 1.431161 0.439946
v 0.276910 1.431161 0.481114
v 0.348171 1.406135 0.521074
v 0.145910 1.447330 0.449086
v 0.214377 1.447330 0.420726
v 0.246179 1.431036 0.497512
v 0.177719 1.431036 0.525869
v 0.239824 1.406135 0.578987
v 0.144394 1.431161 0.536004
v 0.071717 1.431161 0.550460
v 0.122261 1.406135 0.614649
v 0.037050 1.431161 0.553875
v -0.037050 1.431161 0.553875
v 0.000000 1.406135 0.626691
v -0.071717 1.431161 0.550460
v -0.144394 1.431161 0.536004
v -0.122261 1.406135 0.614649
v -0.177729 1.431161 0.525892
v -0.246189 1.431161 0.497535
v -0.239824 1.406135 0.578987
v -0.276910 1.431161 0.481114
v -0.338522 1.431161 0.439946
v -0.348171 1.406135 0.521074
v -0.365450 1.431161 0.417847
v -0.417847 1.431161 0.365450
v -0.443137 1.406135 0.443137
v -0.439946 1.431161 0.338522
v -0.481114 1.431161 0.276910
v -0.521074 1.406135 0.348171
v -0.497535 1.431161 0.246189
v -0.525892 1.431161 0.177729
v -0.578987 1.406135 0.239824
v -0.405257 1.478191 0.042861
v -0.468923 1.447330 0.055495
v -0.454465 1.447330 0.128179
v -0.390811 1.478191 0.115487
v -0.535980 1.431036 0.144389
v -0.550436 1.431036 0.071712
v -0.614649 1.406135 0.122261
v -0.553875 1.431161 0.037050
v -0.553875 1.431161 -0.037050
v -0.626691 1.406135 -0.000000
v -0.390811 1.478191 -0.115487
v -0.454465 1.447330 -0.128179
v -0.468923 1.447330 -0.055495
v -0.550436 1.431036 -0.071712
v -0.535980 1.431036 -0.144389
v -0.614649 1.406135 -0.122261
v -0.525892 1.431161 -0.177729
v -0.497535 1.431161 -0.246189
v -0.578987 1.406135 -0.239824
v -0.316868 1.478191 -0.256253
v -0.370819 1.447330 -0.292338
v -0.411991 1.447330 -0.230719
v -0.481093 1.431036 -0.276896
v -0.439925 1.431036 -0.338509
v -0.521074 1.406135 -0.348171
v -0.417847 1.431161 -0.365450
v -0.365450 1.431161 -0.417847
v -0.443137 1.406135 -0.443137
v -0.194684 1.478191 -0.358007
v -0.230719 1.447330 -0.411991
v -0.292338 1.447330 -0.370819
v -0.338509 1.431036 -0.439925
v -0.276896 1.431036 -0.481093
v -0.348171 1.406135 -0.521074
v -0.246189 1.431161 -0.497535
v -0.177729 1.431161 -0.525892
v -0.239824 1.406135 -0.578987
v -0.042861 1.478191 -0.405257
v -0.055494 1.447330 -0.468923
v -0.128179 1.447330 -0.454465
v -0.144389 1.431036 -0.535980
v -0.071712 1.431036 -0.550436
v -0.122261 1.406135 -0.614649
v -0.037045 1.447160 -0.471321
v 0.037045 1.447160 -0.471321
v 0.359469 1.447160 -0.307080
v 0.307080 1.447160 -0.359469
v 0.313020 1.477842 -0.260793
v 0.471321 1.447160 -0.037045
v 0.405747 1.477842 -0.036930
v 0.472422 1.447187 0.037050
v 0.456117 1.447187 0.128503
v 0.470573 1.447187 0.055827
v 0.406433 1.477788 0.043134
v 0.421268 1.447160 0.214592
v 0.450640 1.447187 0.146558
v 0.390209 1.477788 0.121597
v 0.359469 1.447160 0.307080
v 0.313020 1.477842 0.260793
v 0.307855 1.447187 0.360252
v 0.231050 1.447160 0.412470
v 0.293270 1.447187 0.372221
v 0.256891 1.477788 0.317892
v 0.194715 1.477842 0.357884
v 0.128283 1.447160 0.455038
v 0.115378 1.477842 0.390746
v 0.055827 1.447187 0.470573
v -0.037050 1.447187 0.472422
v 0.037050 1.447187 0.472422
v 0.036986 1.477788 0.407039
v -0.036986 1.477788 0.407039
v -0.128503 1.447187 0.456117
v -0.055827 1.447187 0.470573
v -0.215018 1.447186 0.422283
v -0.146558 1.447187 0.450640
v -0.121597 1.477788 0.390208
v -0.189937 1.477788 0.361901
v -0.293270 1.447187 0.372221
v -0.231658 1.447187 0.413389
v -0.360252 1.447187 0.307855
v -0.307855 1.447187 0.360252
v -0.261667 1.477788 0.313973
v -0.413389 1.447187 0.231658
v -0.372221 1.447187 0.293270
v -0.317892 1.477788 0.256891
v -0.358988 1.477788 0.195386
v -0.449621 1.447160 0.146142
v -0.422283 1.447187 0.215018
v -0.471321 1.447160 -0.037045
v -0.471321 1.447160 0.037045
v -0.405747 1.477842 -0.036930
v -0.421268 1.447160 -0.214592
v -0.449621 1.447160 -0.146142
v -0.360729 1.477842 -0.189392
v -0.307080 1.447160 -0.359469
v -0.359469 1.447160 -0.307080
v -0.260793 1.477842 -0.313020
v -0.146142 1.447160 -0.449621
v -0.214592 1.447160 -0.421268
v -0.121154 1.477842 -0.388994
v 0.347659 1.565976 -0.000000
v 0.372877 1.505504 0.036986
v 0.340978 1.565976 0.067825
v -0.330339 1.505504 0.176864
v -0.321195 1.565976 0.133043
v -0.358138 1.505064 0.108946
v -0.340978 1.565976 0.067825
v 0.358647 1.505504 0.108523
v 0.321195 1.565976 0.133043
v -0.372877 1.505504 0.036986
v -0.347659 1.565976 -0.000000
v 0.330278 1.505064 0.176206
v 0.289067 1.565976 0.193149
v 0.289185 1.505064 0.237706
v -0.372568 1.505064 -0.036401
v -0.340978 1.565976 -0.067825
v 0.237511 1.505504 0.289817
v 0.245832 1.565976 0.245832
v -0.358647 1.505504 -0.108523
v -0.321195 1.565976 -0.133043
v 0.193149 1.565976 0.289067
v -0.330278 1.505064 -0.176206
v -0.289067 1.565976 -0.193149
v 0.176722 1.505064 0.330002
v 0.133043 1.565976 0.321195
v 0.108386 1.505064 0.358308
v -0.036986 1.505504 -0.372877
v 0.000000 1.565976 -0.347659
v 0.036401 1.505064 -0.372568
v 0.067825 1.565976 -0.340978
v -0.289816 1.505504 -0.237511
v -0.245832 1.565976 -0.245832
v 0.036470 1.505504 0.372928
v 0.067825 1.565976 0.340978
v 0.108386 1.505064 -0.358308
v 0.133043 1.565976 -0.321195
v 0.176722 1.505064 -0.330002
v -0.237706 1.505064 -0.289185
v -0.193149 1.565976 -0.289067
v -0.176206 1.505064 -0.330278
v -0.036986 1.505504 0.372877
v 0.000000 1.565976 0.347659
v 0.193149 1.565976 -0.289067
v -0.133043 1.565976 -0.321195
v -0.067825 1.565976 0.340978
v 0.237511 1.505504 -0.289816
v 0.245832 1.565976 -0.245832
v -0.108946 1.505064 -0.358138
v -0.067825 1.565976 -0.340978
v -0.176864 1.505504 0.330339
v -0.108523 1.505504 0.358647
v -0.133043 1.565976 0.321195
v 0.289185 1.505064 -0.237706
v 0.289067 1.565976 -0.193149
v 0.330278 1.505064 -0.176206
v -0.237912 1.505504 0.289487
v -0.193149 1.565976 0.289067
v 0.321195 1.565976 -0.133043
v -0.289817 1.505504 0.237511
v -0.245832 1.565976 0.245832
v 0.358138 1.505064 -0.108946
v 0.340978 1.565976 -0.067825
v 0.372568 1.505064 -0.036401
v -0.289067 1.565976 0.193149
v -0.000000 2.952026 -0.236036
v 0.046048 2.952026 -0.231500
v 0.090327 2.952026 -0.218068
v 0.131134 2.952026 -0.196256
v 0.166902 2.952026 -0.166902
v 0.196256 2.952026 -0.131134
v 0.218068 2.952026 -0.090327
v 0.231500 2.952026 -0.046048
v 0.236036 2.952026 -0.000000
v 0.231500 2.952026 0.046048
v 0.218068 2.952026 0.090327
v 0.196256 2.952026 0.131134
v 0.166902 2.952026 0.166902
v 0.131134 2.952026 0.196256
v 0.090327 2.952026 0.218068
v 0.046048 2.952026 0.231500
v -0.000000 2.952026 0.236036
v -0.046048 2.952026 0.231500
v -0.090327 2.952026 0.218068
v -0.131134 2.952026 0.196256
v -0.166902 2.952026 0.166902
v -0.196256 2.952026 0.131134
v -0.218068 2.952026 0.090327
v -0.231500 2.952026 0.046048
v -0.236036 2.952026 -0.000000
v -0.231500 2.952026 -0.046048
v -0.218068 2.952026 -0.090327
v -0.196256 2.952026 -0.131134
v -0.166902 2.952026 -0.166902
v -0.131134 2.952026 -0.196256
v -0.090327 2.952026 -0.218068
v -0.046048 2.952026 -0.231500
v -0.000000 2.952026 -0.236036
v 0.046048 2.952026 -0.231500
v 0.090327 2.952026 -0.218068
v 0.131134 2.952026 -0.196256
v 0.166902 2.952026 -0.166902
v 0.196256 2.952026 -0.131134
v 0.218068 2.952026 -0.090327
v 0.231500 2.952026 -0.046048
v 0.236036 2.952026 -0.000000
v 0.231500 2.952026 0.046048
v 0.218068 2.952026 0.090327
v 0.196256 2.952026 0.131134
v 0.166902 2.952026 0.166902
v 0.131134 2.952026 0.196256
v 0.090327 2.952026 0.218068
v 0.046048 2.952026 0.231500
v -0.000000 2.952026 0.236036
v -0.046048 2.952026 0.231500
v -0.090327 2.952026 0.218068
v -0.131134 2.952026 0.196256
v -0.166902 2.952026 0.166902
v -0.196256 2.952026 0.131134
v -0.218068 2.952026 0.090327
v -0.231500 2.952026 0.046048
v -0.236036 2.952026 -0.000000
v -0.231500 2.952026 -0.046048
v -0.218068 2.952026 -0.090327
v -0.196256 2.952026 -0.131134
v -0.166902 2.952026 -0.166902
v -0.131134 2.952026 -0.196256
v -0.090327 2.952026 -0.218068
v -0.046048 2.952026 -0.231500
v 0.000000 2.256987 -0.312119
v 0.060891 2.256987 -0.306122
v 0.119443 2.256987 -0.288360
v 0.173404 2.256987 -0.259517
v 0.220701 2.256987 -0.220701
v 0.259517 2.256987 -0.173404
v 0.288360 2.256987 -0.119443
v 0.306121 2.256987 -0.060891
v 0.312119 2.256987 -0.000000
v 0.306121 2.256987 0.060891
v 0.288360 2.256987 0.119443
v 0.259517 2.256987 0.173404
v 0.220701 2.256987 0.220701
v 0.173404 2.256987 0.259517
v 0.119443 2.256987 0.288360
v 0.060891 2.256987 0.306122
v 0.000000 2.256987 0.312119
v -0.060891 2.256987 0.306122
v -0.119443 2.256987 0.288360
v -0.173404 2.256987 0.259517
v -0.220701 2.256987 0.220701
v -0.259517 2.256987 0.173404
v -0.288360 2.256987 0.119443
v -0.306121 2.256987 0.060891
v -0.312119 2.256987 -0.000000
v -0.306121 2.256987 -0.060891
v -0.288360 2.256987 -0.119443
v -0.259517 2.256987 -0.173404
v -0.220701 2.256987 -0.220701
v -0.173404 2.256987 -0.259517
v -0.119443 2.256987 -0.288360
v -0.060891 2.256987 -0.306122
v 0.000000 1.569545 -0.312119
v 0.060892 1.569545 -0.306122
v 0.119443 1.569545 -0.288360
v 0.173404 1.569545 -0.259517
v 0.220702 1.569545 -0.220701
v 0.259518 1.569545 -0.173404
v 0.288360 1.569545 -0.119443
v 0.306122 1.569545 -0.060891
v 0.312119 1.569545 -0.000000
v 0.306122 1.569545 0.060891
v 0.288360 1.569545 0.119443
v 0.259518 1.569545 0.173404
v 0.220702 1.569545 0.220701
v 0.173404 1.569545 0.259517
v 0.119443 1.569545 0.288360
v 0.060892 1.569545 0.306122
v 0.000000 1.569545 0.312119
v -0.060891 1.569545 0.306122
v -0.119443 1.569545 0.288360
v -0.173404 1.569545 0.259517
v -0.220701 1.569545 0.220701
v -0.259517 1.569545 0.173404
v -0.288360 1.569545 0.119443
v -0.306121 1.569545 0.060891
v -0.312119 1.569545 -0.000000
v -0.306121 1.569545 -0.060891
v -0.288360 1.569545 -0.119443
v -0.259517 1.569545 -0.173404
v -0.220701 1.569545 -0.220701
v -0.173404 1.569545 -0.259517
v -0.119442 1.569545 -0.288360
v -0.060891 1.569545 -0.306122
v -0.000000 -2.420310 -1.000000
v 0.100062 -2.555874 -0.926205
v 0.195090 -2.420310 -0.980785
v 0.278833 -2.555874 -0.888887
v 0.382683 -2.420310 -0.923880
v 0.431373 -2.555874 -0.825703
v 0.555570 -2.420310 -0.831470
v 0.597771 -2.555874 -0.714520
v 0.707107 -2.420310 -0.707107
v 0.714520 -2.555874 -0.597771
v 0.831470 -2.420310 -0.555570
v 0.817410 -2.555874 -0.446889
v 0.923880 -2.420310 -0.382683
v 0.893994 -2.555874 -0.261998
v 0.980785 -2.420310 -0.195090
v 0.926205 -2.555874 -0.100062
v 1.000000 -2.420310 0.000000
v 0.926205 -2.555874 0.100062
v 0.980785 -2.420310 0.195090
v 0.888887 -2.555874 0.278833
v 0.923880 -2.420310 0.382683
v 0.817410 -2.555874 0.446889
v 0.831470 -2.420310 0.555570
v 0.714520 -2.555874 0.597771
v 0.707107 -2.420310 0.707107
v 0.584171 -2.555874 0.725681
v 0.555570 -2.420310 0.831470
v 0.431373 -2.555874 0.825703
v 0.382683 -2.420310 0.923880
v 0.261998 -2.555874 0.893994
v 0.195090 -2.420310 0.980785
v 0.082554 -2.555874 0.927929
v -0.000000 -2.420310 1.000000
v -0.100063 -2.555874 0.926205
v -0.195090 -2.420310 0.980785
v -0.382683 -2.420310 0.923880
v -0.446889 -2.555874 0.817410
v -0.555570 -2.420310 0.831470
v -0.597771 -2.555874 0.714520
v -0.707107 -2.420310 0.707107
v -0.725681 -2.555874 0.584171
v -0.831470 -2.420310 0.555570
v -0.817410 -2.555874 0.446889
v -0.923880 -2.420310 0.382683
v -0.893994 -2.555874 0.261998
v -0.980785 -2.420310 0.195090
v -0.926205 -2.555874 0.100062
v -1.000000 -2.420310 0.000000
v -0.927929 -2.555874 -0.082554
v -0.980785 -2.420310 -0.195090
v -0.893994 -2.555874 -0.261998
v -0.923880 -2.420310 -0.382683
v -0.825703 -2.555874 -0.431373
v -0.831470 -2.420310 -0.555570
v -0.725681 -2.555874 -0.584171
v -0.707107 -2.420310 -0.707107
v -0.597771 -2.555874 -0.714520
v -0.555570 -2.420310 -0.831470
v -0.446889 -2.555874 -0.817410
v -0.382683 -2.420310 -0.923880
v -0.278834 -2.555874 -0.888887
v -0.195090 -2.420310 -0.980785
v 0.082708 -2.617516 -0.785734
v 0.234408 -2.617516 -0.754501
v 0.377100 -2.617516 -0.694273
v 0.505300 -2.617516 -0.607364
v 0.607364 -2.617516 -0.505300
v 0.694273 -2.617516 -0.377100
v 0.757575 -2.617516 -0.224276
v 0.785734 -2.617516 -0.082708
v 0.786772 -2.617516 0.072171
v 0.754501 -2.617516 0.234408
v 0.699264 -2.617516 0.367762
v 0.607364 -2.617516 0.505300
v 0.497115 -2.617516 0.614081
v 0.377100 -2.617516 0.694273
v 0.224276 -2.617516 0.757575
v 0.082708 -2.617516 0.785734
v -0.082708 -2.617516 0.785734
v -0.262775 -2.552581 0.897902
v -0.234408 -2.617516 0.754501
v -0.367762 -2.617516 0.699264
v -0.505300 -2.617516 0.607364
v -0.607364 -2.617516 0.505300
v -0.699264 -2.617516 0.367762
v -0.754501 -2.617516 0.234408
v -0.785734 -2.617516 0.082708
v -0.786772 -2.617516 -0.072171
v -0.757575 -2.617516 -0.224276
v -0.699264 -2.617516 -0.367762
v -0.607364 -2.617516 -0.505300
v -0.505300 -2.617516 -0.607364
v -0.377100 -2.617516 -0.694273
v -0.224276 -2.617516 -0.757575
v -0.100840 -2.552581 -0.930113
v -0.072171 -2.617516 -0.786772
v 0.082708 -2.635816 -0.661241
v -0.000000 -2.647903 -0.504047
v -0.082708 -2.635816 -0.661241
v 0.210120 -2.635816 -0.632400
v 0.098335 -2.647903 -0.494361
v 0.329458 -2.635816 -0.579256
v 0.192890 -2.647903 -0.465678
v 0.280033 -2.647903 -0.419099
v 0.409085 -2.635816 -0.526051
v 0.356415 -2.647903 -0.356415
v 0.503852 -2.635816 -0.436135
v 0.595752 -2.635816 -0.298597
v 0.419099 -2.647903 -0.280033
v 0.465678 -2.647903 -0.192890
v 0.632400 -2.635816 -0.210120
v 0.664671 -2.635816 -0.047883
v 0.494361 -2.647903 -0.098335
v 0.504047 -2.647903 0.000000
v 0.664671 -2.635816 0.047883
v 0.494361 -2.647903 0.098335
v 0.642558 -2.635816 0.176634
v 0.579256 -2.635816 0.329458
v 0.465678 -2.647903 0.192890
v 0.503852 -2.635816 0.436135
v 0.419099 -2.647903 0.280033
v 0.409085 -2.635816 0.526051
v 0.356415 -2.647903 0.356415
v 0.298597 -2.635816 0.595752
v 0.280033 -2.647903 0.419099
v 0.176634 -2.635816 0.642558
v 0.192890 -2.647903 0.465678
v 0.047883 -2.635816 0.664671
v 0.098335 -2.647903 0.494361
v -0.082708 -2.635816 0.661241
v -0.000000 -2.647903 0.504047
v -0.098335 -2.647903 0.494361
v -0.176634 -2.635816 0.642558
v -0.329458 -2.635816 0.579256
v -0.192890 -2.647903 0.465678
v -0.280033 -2.647903 0.419099
v -0.409085 -2.635816 0.526051
v -0.356415 -2.647903 0.356415
v -0.503852 -2.635816 0.436135
v -0.595752 -2.635816 0.298597
v -0.419099 -2.647903 0.280033
v -0.465678 -2.647903 0.192890
v -0.632400 -2.635816 0.210120
v -0.494361 -2.647903 0.098335
v -0.661241 -2.635816 0.082708
v -0.504047 -2.647903 0.000000
v -0.664671 -2.635816 -0.047883
v -0.494361 -2.647903 -0.098335
v -0.642558 -2.635816 -0.176634
v -0.465678 -2.647903 -0.192890
v -0.595752 -2.635816 -0.298597
v -0.419099 -2.647903 -0.280033
v -0.526051 -2.635816 -0.409085
v -0.356415 -2.647903 -0.356415
v -0.436135 -2.635816 -0.503852
v -0.280033 -2.647903 -0.419099
v -0.329458 -2.635816 -0.579256
v -0.192890 -2.647903 -0.465678
v -0.210120 -2.635816 -0.632400
v -0.098335 -2.647903 -0.494361
v 0.000000 1.512574 -0.331425
v 0.064658 1.512574 -0.325057
v 0.126831 1.512574 -0.306197
v 0.184130 1.512574 -0.275570
v 0.234353 1.512574 -0.234353
v 0.275570 1.512574 -0.184130
v 0.306197 1.512574 -0.126831
v 0.325057 1.512574 -0.064658
v 0.331425 1.512574 -0.000000
v 0.325057 1.512574 0.064658
v 0.306197 1.512574 0.126831
v 0.275570 1.512574 0.184130
v 0.234353 1.512574 0.234353
v 0.184130 1.512574 0.275570
v 0.126831 1.512574 0.306197
v 0.064658 1.512574 0.325057
v 0.000000 1.512574 0.331425
v -0.064657 1.512574 0.325057
v -0.126831 1.512574 0.306197
v -0.184130 1.512574 0.275570
v -0.234352 1.512574 0.234353
v -0.275569 1.512574 0.184130
v -0.306196 1.512574 0.126831
v -0.325056 1.512574 0.064658
v -0.331425 1.512574 -0.000000
v -0.325056 1.512574 -0.064658
v -0.306196 1.512574 -0.126831
v -0.275569 1.512574 -0.184130
v -0.234352 1.512574 -0.234353
v -0.184130 1.512574 -0.275570
v -0.126831 1.512574 -0.306197
v -0.064657 1.512574 -0.325057
v 0.000000 1.478392 -0.367126
v 0.071623 1.478392 -0.360071
v 0.140493 1.478392 -0.339180
v 0.203964 1.478392 -0.305254
v 0.259597 1.478392 -0.259597
v 0.305254 1.478392 -0.203964
v 0.339180 1.478392 -0.140493
v 0.360072 1.478392 -0.071623
v 0.367126 1.478392 -0.000000
v 0.360072 1.478392 0.071623
v 0.339180 1.478392 0.140493
v 0.305254 1.478392 0.203964
v 0.259597 1.478392 0.259597
v 0.203964 1.478392 0.305254
v 0.140493 1.478392 0.339180
v 0.071623 1.478392 0.360071
v 0.000000 1.478392 0.367125
v -0.071622 1.478392 0.360071
v -0.140493 1.478392 0.339180
v -0.203964 1.478392 0.305254
v -0.259597 1.478392 0.259597
v -0.305253 1.478392 0.203964
v -0.339179 1.478392 0.140493
v -0.360071 1.478392 0.071623
v -0.367125 1.478392 -0.000000
v -0.360071 1.478392 -0.071623
v -0.339179 1.478392 -0.140493
v -0.305253 1.478392 -0.203964
v -0.259597 1.478392 -0.259597
v -0.203964 1.478392 -0.305254
v -0.140493 1.478392 -0.339180
v -0.071622 1.478392 -0.360071
v 0.000000 1.402432 -0.517037
v 0.100869 1.402432 -0.507102
v 0.197862 1.402432 -0.477680
v 0.287251 1.402432 -0.429901
v 0.365601 1.402432 -0.365600
v 0.429901 1.402432 -0.287250
v 0.477680 1.402432 -0.197862
v 0.507103 1.402432 -0.100869
v 0.517037 1.402432 -0.000000
v 0.507103 1.402432 0.100869
v 0.477680 1.402432 0.197862
v 0.429901 1.402432 0.287250
v 0.365601 1.402432 0.365600
v 0.287251 1.402432 0.429901
v 0.197862 1.402432 0.477680
v 0.100869 1.402432 0.507102
v 0.000000 1.402432 0.517037
v -0.100868 1.402432 0.507102
v -0.197861 1.402432 0.477680
v -0.287250 1.402432 0.429901
v -0.365600 1.402432 0.365600
v -0.429900 1.402432 0.287250
v -0.477680 1.402432 0.197862
v -0.507102 1.402432 0.100869
v -0.517037 1.402432 -0.000000
v -0.507102 1.402432 -0.100869
v -0.477680 1.402432 -0.197862
v -0.429900 1.402432 -0.287250
v -0.365600 1.402432 -0.365600
v -0.287250 1.402432 -0.429901
v -0.197861 1.402432 -0.477680
v -0.100868 1.402432 -0.507102
v 0.000000 1.341663 -0.688203
v 0.134262 1.341663 -0.674980
v 0.263364 1.341663 -0.635817
v 0.382346 1.341663 -0.572220
v 0.486633 1.341663 -0.486633
v 0.572220 1.341663 -0.382345
v 0.635817 1.341663 -0.263364
v 0.674980 1.341663 -0.134262
v 0.688203 1.341663 -0.000000
v 0.674980 1.341663 0.134262
v 0.635817 1.341663 0.263364
v 0.572220 1.341663 0.382345
v 0.486633 1.341663 0.486633
v 0.382346 1.341663 0.572220
v 0.263364 1.341663 0.635817
v 0.134262 1.341663 0.674980
v 0.000000 1.341663 0.688203
v -0.134261 1.341663 0.674980
v -0.263364 1.341663 0.635817
v -0.382345 1.341663 0.572220
v -0.486633 1.341663 0.486633
v -0.572220 1.341663 0.382345
v -0.635816 1.341663 0.263364
v -0.674979 1.341663 0.134262
v -0.688203 1.341663 -0.000000
v -0.674979 1.341663 -0.134262
v -0.635816 1.341663 -0.263364
v -0.572220 1.341663 -0.382345
v -0.486633 1.341663 -0.486633
v -0.382345 1.341663 -0.572220
v -0.263364 1.341663 -0.635817
v -0.134261 1.341663 -0.674980
v 0.000000 1.223925 -0.797647
v 0.155614 1.223925 -0.782320
v 0.305246 1.223925 -0.736929
v 0.443149 1.223925 -0.663219
v 0.564022 1.223925 -0.564021
v 0.663219 1.223925 -0.443149
v 0.736929 1.223925 -0.305246
v 0.782320 1.223925 -0.155613
v 0.797647 1.223925 -0.000000
v 0.782320 1.223925 0.155613
v 0.736929 1.223925 0.305246
v 0.663219 1.223925 0.443149
v 0.564022 1.223925 0.564021
v 0.443149 1.223925 0.663219
v 0.305246 1.223925 0.736929
v 0.155614 1.223925 0.782320
v 0.000000 1.223925 0.797647
v -0.155612 1.223925 0.782320
v -0.305246 1.223925 0.736929
v -0.443149 1.223925 0.663219
v -0.564021 1.223925 0.564021
v -0.663219 1.223925 0.443149
v -0.736929 1.223925 0.305246
v -0.782320 1.223925 0.155613
v -0.797646 1.223925 -0.000000
v -0.782320 1.223925 -0.155613
v -0.736929 1.223925 -0.305246
v -0.663219 1.223925 -0.443149
v -0.564021 1.223925 -0.564021
v -0.443149 1.223925 -0.663219
v -0.305246 1.223925 -0.736929
v -0.155612 1.223925 -0.782320
v 0.000000 1.079539 -0.864174
v 0.168592 1.079539 -0.847570
v 0.330705 1.079539 -0.798393
v 0.480110 1.079539 -0.718535
v 0.611064 1.079539 -0.611063
v 0.718535 1.079539 -0.480110
v 0.798393 1.079539 -0.330706
v 0.847569 1.079539 -0.168592
v 0.864174 1.079539 -0.000000
v 0.847569 1.079539 0.168592
v 0.798393 1.079539 0.330705
v 0.718535 1.079539 0.480109
v 0.611064 1.079539 0.611063
v 0.480110 1.079539 0.718535
v 0.330705 1.079539 0.798393
v 0.168592 1.079539 0.847570
v 0.000000 1.079539 0.864174
v -0.168591 1.079539 0.847570
v -0.330705 1.079539 0.798393
v -0.480109 1.079539 0.718535
v -0.611063 1.079539 0.611063
v -0.718534 1.079539 0.480110
v -0.798393 1.079539 0.330706
v -0.847569 1.079539 0.168592
v -0.864174 1.079539 -0.000000
v -0.847569 1.079539 -0.168592
v -0.798393 1.079539 -0.330705
v -0.718534 1.079539 -0.480109
v -0.611063 1.079539 -0.611063
v -0.480109 1.079539 -0.718535
v -0.330705 1.079539 -0.798393
v -0.168591 1.079539 -0.847570
v 0.000000 0.895775 -0.916009
v 0.178705 0.895775 -0.898408
v 0.350542 0.895775 -0.846282
v 0.508908 0.895775 -0.761633
v 0.647716 0.895775 -0.647716
v 0.761634 0.895775 -0.508907
v 0.846282 0.895775 -0.350542
v 0.898408 0.895775 -0.178704
v 0.916009 0.895775 -0.000000
v 0.898408 0.895775 0.178704
v 0.846282 0.895775 0.350542
v 0.761634 0.895775 0.508907
v 0.647716 0.895775 0.647716
v 0.508908 0.895775 0.761633
v 0.350541 0.895775 0.846282
v 0.178705 0.895775 0.898408
v 0.000000 0.895775 0.916009
v -0.178704 0.895775 0.898408
v -0.350541 0.895775 0.846281
v -0.508907 0.895775 0.761633
v -0.647716 0.895775 0.647716
v -0.761633 0.895775 0.508907
v -0.846281 0.895775 0.350542
v -0.898407 0.895775 0.178704
v -0.916008 0.895775 -0.000000
v -0.898407 0.895775 -0.178704
v -0.846281 0.895775 -0.350542
v -0.761633 0.895775 -0.508907
v -0.647715 0.895775 -0.647716
v -0.508907 0.895775 -0.761633
v -0.350541 0.895775 -0.846281
v -0.178704 0.895775 -0.898408
v 0.000000 -2.425097 -0.916009
v 0.178705 -2.425097 -0.898408
v 0.350541 -2.425097 -0.846282
v 0.508908 -2.425097 -0.761633
v 0.647716 -2.425097 -0.647716
v 0.761634 -2.425097 -0.508907
v 0.846282 -2.425097 -0.350542
v 0.898408 -2.425097 -0.178704
v 0.916009 -2.425097 -0.000000
v 0.898408 -2.425097 0.178704
v 0.846282 -2.425097 0.350542
v 0.761634 -2.425097 0.508907
v 0.647716 -2.425097 0.647716
v 0.508908 -2.425097 0.761633
v 0.350541 -2.425097 0.846282
v 0.178705 -2.425097 0.898408
v 0.000000 -2.425097 0.916009
v -0.178704 -2.425097 0.898408
v -0.350541 -2.425097 0.846281
v -0.508907 -2.425097 0.761633
v -0.647716 -2.425097 0.647716
v -0.761633 -2.425097 0.508907
v -0.846281 -2.425097 0.350542
v -0.898407 -2.425097 0.178704
v -0.916008 -2.425097 -0.000000
v -0.898407 -2.425097 -0.178704
v -0.846281 -2.425097 -0.350542
v -0.761633 -2.425097 -0.508907
v -0.647715 -2.425097 -0.647716
v -0.508907 -2.425097 -0.761633
v -0.350541 -2.425097 -0.846281
v -0.178704 -2.425097 -0.898408
v 0.000000 -2.556356 -0.819274
v 0.159833 -2.556356 -0.803532
v 0.313523 -2.556356 -0.756910
v 0.455165 -2.556356 -0.681201
v 0.579314 -2.556356 -0.579314
v 0.681202 -2.556356 -0.455164
v 0.756910 -2.556356 -0.313523
v 0.803532 -2.556356 -0.159832
v 0.819274 -2.556356 -0.000000
v 0.803532 -2.556356 0.159832
v 0.756910 -2.556356 0.313523
v 0.681202 -2.556356 0.455164
v 0.579314 -2.556356 0.579314
v 0.455165 -2.556356 0.681201
v 0.313523 -2.556356 0.756910
v 0.159833 -2.556356 0.803532
v 0.000000 -2.556356 0.819274
v -0.159832 -2.556356 0.803532
v -0.313523 -2.556356 0.756910
v -0.455164 -2.556356 0.681201
v -0.579314 -2.556356 0.579314
v -0.681201 -2.556356 0.455164
v -0.756910 -2.556356 0.313523
v -0.803531 -2.556356 0.159832
v -0.819274 -2.556356 -0.000000
v -0.803531 -2.556356 -0.159832
v -0.756910 -2.556356 -0.313523
v -0.681201 -2.556356 -0.455164
v -0.579314 -2.556356 -0.579314
v -0.455164 -2.556356 -0.681201
v -0.313522 -2.556356 -0.756910
v -0.159832 -2.556356 -0.803532
v 0.000000 -1.430952 -1.030000
v 0.200948 -1.430952 -1.010208
v 0.394164 -1.430952 -0.951596
v 0.572233 -1.430952 -0.856417
v 0.728320 -1.430952 -0.728320
v 0.856414 -1.430952 -0.572237
v 0.951598 -1.430952 -0.394159
v 1.010208 -1.430952 -0.200948
v 1.030000 -1.430952 0.000000
v 1.010208 -1.430952 0.200948
v 0.951598 -1.430952 0.394159
v 0.856414 -1.430952 0.572237
v 0.728320 -1.430952 0.728320
v 0.572233 -1.430952 0.856417
v 0.394164 -1.430952 0.951596
v 0.200948 -1.430952 1.010208
v 0.000000 -1.430952 1.030000
v -0.200948 -1.430952 1.010208
v -0.394164 -1.430952 0.951596
v -0.572233 -1.430952 0.856417
v -0.728320 -1.430952 0.728320
v -0.856414 -1.430952 0.572237
v -0.951598 -1.430952 0.394159
v -1.010208 -1.430952 0.200948
v -1.030000 -1.430952 0.000000
v -1.010208 -1.430952 -0.200948
v -0.951598 -1.430952 -0.394159
v -0.856414 -1.430952 -0.572237
v -0.728320 -1.430952 -0.728320
v -0.572233 -1.430952 -0.856417
v -0.394164 -1.430952 -0.951596
v -0.200948 -1.430952 -1.010208
v 0.621964 1.244172 0.621964
v 0.488674 1.244173 -0.731351
v -0.171599 1.244172 -0.862688
v -0.731352 1.244172 -0.488674
v 0.336604 1.244173 -0.812634
v 0.000000 0.300658 -1.029996
v 0.000001 1.243882 -0.879775
v 0.000000 0.900663 -1.010208
v -0.000001 1.088182 -0.955528
v 0.171635 1.243882 -0.862870
v 0.200942 0.300658 -1.010205
v 0.186415 1.088182 -0.937167
v 0.197082 0.900663 -0.990797
v 0.394162 0.300658 -0.951592
v 0.365666 1.088183 -0.882792
v 0.386590 0.900663 -0.933311
v 0.572235 0.300658 -0.856410
v 0.530861 1.088183 -0.794493
v 0.561242 0.900663 -0.839957
v 0.622095 1.243882 -0.622094
v 0.728317 0.300658 -0.728317
v 0.675659 1.088182 -0.675661
v 0.714325 0.900663 -0.714325
v 0.731506 1.243882 -0.488777
v 0.856410 0.300658 -0.572235
v 0.794492 1.088181 -0.530863
v 0.839957 0.900663 -0.561242
v 0.812806 1.243882 -0.336675
v 0.951592 0.300658 -0.394162
v 0.882793 1.088181 -0.365665
v 0.933311 0.900663 -0.386590
v 0.862871 1.243882 -0.171636
v 1.010205 0.300658 -0.200942
v 0.937168 1.088181 -0.186414
v 0.990797 0.900663 -0.197082
v 0.879775 1.243882 -0.000000
v 1.029996 0.300658 0.000000
v 0.955528 1.088181 -0.000000
v 1.010208 0.900663 -0.000000
v 0.862871 1.243882 0.171636
v 1.010205 0.300658 0.200942
v 0.937168 1.088181 0.186414
v 0.990797 0.900663 0.197082
v 0.812806 1.243882 0.336675
v 0.951592 0.300658 0.394162
v 0.882793 1.088181 0.365665
v 0.933311 0.900663 0.386590
v 0.731506 1.243882 0.488776
v 0.856410 0.300658 0.572235
v 0.794491 1.088182 0.530864
v 0.839957 0.900663 0.561242
v 0.728317 0.300658 0.728317
v 0.675660 1.088182 0.675660
v 0.714325 0.900663 0.714325
v 0.488776 1.243882 0.731506
v 0.572235 0.300658 0.856410
v 0.530864 1.088182 0.794491
v 0.561242 0.900663 0.839957
v 0.336675 1.243882 0.812806
v 0.394162 0.300658 0.951592
v 0.365665 1.088181 0.882793
v 0.386590 0.900663 0.933311
v 0.171636 1.243882 0.862871
v 0.200942 0.300658 1.010205
v 0.186414 1.088181 0.937168
v 0.197082 0.900663 0.990797
v 0.000000 1.243882 0.879775
v -0.000000 0.300658 1.029996
v -0.000000 1.088181 0.955528
v -0.000000 0.900663 1.010208
v -0.171636 1.243882 0.862871
v -0.200942 0.300658 1.010205
v -0.186414 1.088181 0.937168
v -0.197082 0.900663 0.990797
v -0.336675 1.243882 0.812806
v -0.394162 0.300658 0.951592
v -0.365665 1.088181 0.882793
v -0.386590 0.900663 0.933311
v -0.488777 1.243882 0.731506
v -0.572235 0.300658 0.856410
v -0.530863 1.088181 0.794492
v -0.561242 0.900663 0.839957
v -0.622095 1.243882 0.622095
v -0.728317 0.300658 0.728317
v -0.675660 1.088181 0.675660
v -0.714325 0.900663 0.714325
v -0.731506 1.243882 0.488777
v -0.856410 0.300658 0.572235
v -0.794492 1.088181 0.530863
v -0.839957 0.900663 0.561242
v -0.812806 1.243882 0.336675
v -0.951592 0.300658 0.394162
v -0.882793 1.088181 0.365665
v -0.933311 0.900663 0.386590
v -0.862871 1.243882 0.171636
v -1.010205 0.300658 0.200942
v -0.937168 1.088181 0.186414
v -0.990797 0.900663 0.197082
v -0.879775 1.243882 -0.000000
v -1.029996 0.300658 0.000000
v -0.955528 1.088181 -0.000000
v -1.010208 0.900663 -0.000000
v -0.862871 1.243882 -0.171636
v -1.010205 0.300658 -0.200942
v -0.937168 1.088181 -0.186414
v -0.990797 0.900663 -0.197082
v -0.812806 1.243882 -0.336675
v -0.951592 0.300658 -0.394162
v -0.882792 1.088182 -0.365666
v -0.933311 0.900663 -0.386590
v -0.856410 0.300658 -0.572235
v -0.794492 1.088182 -0.530863
v -0.839957 0.900663 -0.561242
v -0.622094 1.243882 -0.622095
v -0.728317 0.300658 -0.728317
v -0.675661 1.088182 -0.675659
v -0.714325 0.900663 -0.714325
v -0.488777 1.243882 -0.731506
v -0.572235 0.300658 -0.856410
v -0.530863 1.088181 -0.794492
v -0.561242 0.900663 -0.839957
v -0.336676 1.243882 -0.812806
v -0.394162 0.300658 -0.951592
v -0.365663 1.088182 -0.882793
v -0.386590 0.900663 -0.933311
v -0.200942 0.300658 -1.010205
v -0.186414 1.088182 -0.937167
v -0.197082 0.900663 -0.990797
v 0.000002 1.364577 -0.764454
v 0.149135 1.364577 -0.749766
v 0.292542 1.364578 -0.706263
v 0.424709 1.364578 -0.635618
v 0.540552 1.364577 -0.540549
v 0.635622 1.364576 -0.424709
v 0.706265 1.364576 -0.292545
v 0.749767 1.364576 -0.149138
v 0.764456 1.364576 -0.000000
v 0.749767 1.364576 0.149138
v 0.706265 1.364576 0.292545
v 0.635622 1.364577 0.424706
v 0.540551 1.364577 0.540551
v 0.424706 1.364577 0.635622
v 0.292545 1.364576 0.706266
v 0.149138 1.364576 0.749767
v 0.000000 1.364576 0.764456
v -0.149138 1.364576 0.749767
v -0.292545 1.364576 0.706265
v -0.424709 1.364576 0.635622
v -0.540552 1.364576 0.540552
v -0.635622 1.364576 0.424709
v -0.706265 1.364576 0.292545
v -0.749767 1.364576 0.149138
v -0.764456 1.364576 -0.000000
v -0.749767 1.364576 -0.149138
v -0.706264 1.364577 -0.292542
v -0.635621 1.364577 -0.424709
v -0.540549 1.364577 -0.540552
v -0.424709 1.364576 -0.635622
v -0.292546 1.364577 -0.706263
v -0.149138 1.364577 -0.749766
v -0.000000 2.257730 -0.377592
v 0.073665 2.257730 -0.370336
v 0.144498 2.257730 -0.348849
v 0.209779 2.257730 -0.313956
v 0.266998 2.257730 -0.266998
v 0.313956 2.257730 -0.209779
v 0.348849 2.257730 -0.144498
v 0.370336 2.257730 -0.073665
v 0.377592 2.257730 -0.000000
v 0.370336 2.257730 0.073665
v 0.348849 2.257730 0.144498
v 0.313956 2.257730 0.209779
v 0.266998 2.257730 0.266998
v 0.209779 2.257730 0.313956
v 0.144498 2.257730 0.348849
v 0.073665 2.257730 0.370336
v -0.000000 2.257730 0.377592
v -0.073664 2.257730 0.370336
v -0.144498 2.257730 0.348849
v -0.209779 2.257730 0.313956
v -0.266998 2.257730 0.266998
v -0.313956 2.257730 0.209779
v -0.348849 2.257730 0.144498
v -0.370336 2.257730 0.073665
v -0.377592 2.257730 -0.000000
v -0.370336 2.257730 -0.073665
v -0.348849 2.257730 -0.144498
v -0.313956 2.257730 -0.209779
v -0.266998 2.257730 -0.266998
v -0.209779 2.257730 -0.313956
v -0.144498 2.257730 -0.348849
v -0.073664 2.257730 -0.370336
v -0.000000 2.851368 -0.294953
v 0.057542 2.851368 -0.289285
v 0.112873 2.851368 -0.272501
v 0.163867 2.851368 -0.245244
v 0.208563 2.851368 -0.208563
v 0.245244 2.851368 -0.163867
v 0.272501 2.851368 -0.112874
v 0.289285 2.851368 -0.057542
v 0.294953 2.851368 -0.000000
v 0.289285 2.851368 0.057542
v 0.272501 2.851368 0.112874
v 0.245244 2.851368 0.163867
v 0.208563 2.851368 0.208563
v 0.163867 2.851368 0.245244
v 0.112873 2.851368 0.272501
v 0.057542 2.851368 0.289285
v -0.000000 2.851368 0.294953
v -0.057542 2.851368 0.289285
v -0.112874 2.851368 0.272501
v -0.163867 2.851368 0.245244
v -0.208563 2.851368 0.208563
v -0.245244 2.851368 0.163867
v -0.272501 2.851368 0.112874
v -0.289285 2.851368 0.057542
v -0.294953 2.851368 -0.000000
v -0.289285 2.851368 -0.057542
v -0.272501 2.851368 -0.112874
v -0.245244 2.851368 -0.163867
v -0.208563 2.851368 -0.208563
v -0.163867 2.851368 -0.245244
v -0.112874 2.851368 -0.272501
v -0.057542 2.851368 -0.289285
v -0.000000 2.895474 -0.337506
v 0.065844 2.895474 -0.331021
v 0.129158 2.895474 -0.311815
v 0.187508 2.895474 -0.280626
v 0.238653 2.895474 -0.238653
v 0.280626 2.895474 -0.187508
v 0.311815 2.895474 -0.129158
v 0.331021 2.895474 -0.065844
v 0.337506 2.895474 -0.000000
v 0.331021 2.895474 0.065844
v 0.311815 2.895474 0.129158
v 0.280626 2.895474 0.187508
v 0.238653 2.895474 0.238653
v 0.187508 2.895474 0.280626
v 0.129158 2.895474 0.311815
v 0.065844 2.895474 0.331021
v -0.000000 2.895474 0.337506
v -0.065844 2.895474 0.331021
v -0.129158 2.895474 0.311815
v -0.187508 2.895474 0.280626
v -0.238653 2.895474 0.238653
v -0.280626 2.895474 0.187508
v -0.311815 2.895474 0.129158
v -0.331021 2.895474 0.065844
v -0.337506 2.895474 -0.000000
v -0.331021 2.895474 -0.065844
v -0.311815 2.895474 -0.129158
v -0.280626 2.895474 -0.187508
v -0.238653 2.895474 -0.238653
v -0.187508 2.895474 -0.280626
v -0.129158 2.895474 -0.311815
v -0.065844 2.895474 -0.331021
v -0.000000 2.982026 -0.236036
v 0.046048 2.982026 -0.231500
v 0.090327 2.982026 -0.218068
v 0.131134 2.982026 -0.196256
v 0.166902 2.982026 -0.166902
v 0.196256 2.982026 -0.131134
v 0.218068 2.982026 -0.090327
v 0.231500 2.982026 -0.046048
v 0.236036 2.982026 -0.000000
v 0.231500 2.982026 0.046048
v 0.218068 2.982026 0.090327
v 0.196256 2.982026 0.131134
v 0.166902 2.982026 0.166902
v 0.131134 2.982026 0.196256
v 0.090327 2.982026 0.218068
v 0.046048 2.982026 0.231500
v -0.000000 2.982026 0.236036
v -0.046048 2.982026 0.231500
v -0.090327 2.982026 0.218068
v -0.131134 2.982026 0.196256
v -0.166902 2.982026 0.166902
v -0.196256 2.982026 0.131134
v -0.218068 2.982026 0.090327
v -0.231500 2.982026 0.046048
v -0.236036 2.982026 -0.000000
v -0.231500 2.982026 -0.046048
v -0.218068 2.982026 -0.090327
v -0.196256 2.982026 -0.131134
v -0.166902 2.982026 -0.166902
v -0.131134 2.982026 -0.196256
v -0.090327 2.982026 -0.218068
v -0.046048 2.982026 -0.231500
v -0.000000 2.972372 -0.331547
v 0.064681 2.972372 -0.325176
v 0.126877 2.972372 -0.306309
v 0.184197 2.972372 -0.275671
v 0.234439 2.972372 -0.234439
v 0.275671 2.972372 -0.184197
v 0.306309 2.972372 -0.126877
v 0.325176 2.972372 -0.064682
v 0.331546 2.972372 -0.000000
v 0.325176 2.972372 0.064682
v 0.306309 2.972372 0.126877
v 0.275671 2.972372 0.184197
v 0.234439 2.972372 0.234439
v 0.184197 2.972372 0.275671
v 0.126877 2.972372 0.306309
v 0.064681 2.972372 0.325176
v -0.000000 2.972372 0.331547
v -0.064681 2.972372 0.325176
v -0.126877 2.972372 0.306309
v -0.184197 2.972372 0.275671
v -0.234439 2.972372 0.234439
v -0.275671 2.972372 0.184197
v -0.306309 2.972372 0.126877
v -0.325176 2.972372 0.064682
v -0.331547 2.972372 -0.000000
v -0.325176 2.972372 -0.064682
v -0.306309 2.972372 -0.126877
v -0.275671 2.972372 -0.184197
v -0.234439 2.972372 -0.234439
v -0.184197 2.972372 -0.275671
v -0.126877 2.972372 -0.306309
v -0.064681 2.972372 -0.325176
v 0.037482 1.460079 -0.561848
v -0.000000 1.433464 -0.639065
v -0.037482 1.460079 -0.561848
v 0.130327 1.475768 -0.462553
v 0.057009 1.475771 -0.478347
v 0.044537 1.503439 -0.421374
v 0.120078 1.503390 -0.405169
v 0.072885 1.459955 -0.558333
v 0.146364 1.459956 -0.543710
v 0.124682 1.433465 -0.626782
v 0.148674 1.475769 -0.456981
v 0.218006 1.475769 -0.428263
v 0.180376 1.459961 -0.533371
v 0.249605 1.459961 -0.504696
v 0.244557 1.433468 -0.590412
v 0.234919 1.475768 -0.419230
v 0.201591 1.503372 -0.371435
v 0.266514 1.503391 -0.329505
v 0.297931 1.475771 -0.378553
v 0.280966 1.459956 -0.487956
v 0.343264 1.459955 -0.446338
v 0.355039 1.433465 -0.531365
v 0.370783 1.460079 -0.423790
v 0.423790 1.460079 -0.370782
v 0.451887 1.433465 -0.451887
v 0.419203 1.475775 -0.234922
v 0.378460 1.475804 -0.297893
v 0.446339 1.459955 -0.343264
v 0.487956 1.459956 -0.280966
v 0.531365 1.433465 -0.355039
v 0.428285 1.475762 -0.218012
v 0.374041 1.503390 -0.196660
v 0.403546 1.503390 -0.125428
v 0.457001 1.475761 -0.148686
v 0.504696 1.459961 -0.249605
v 0.533371 1.459961 -0.180377
v 0.590411 1.433468 -0.244557
v 0.462537 1.475775 -0.130307
v 0.478254 1.475804 -0.056970
v 0.543710 1.459956 -0.146364
v 0.558333 1.459955 -0.072885
v 0.626782 1.433465 -0.124682
v 0.561868 1.460073 -0.037495
v 0.561874 1.460072 0.037457
v 0.639071 1.433461 -0.000007
v 0.558408 1.460066 0.072870
v 0.543788 1.460066 0.146370
v 0.626798 1.433459 0.124678
v 0.533438 1.460072 0.180415
v 0.504749 1.460073 0.249658
v 0.590422 1.433461 0.244568
v 0.378407 1.475808 0.297943
v 0.420120 1.475779 0.235679
v 0.372137 1.503492 0.202441
v 0.487965 1.459949 0.281002
v 0.446348 1.459949 0.343286
v 0.531367 1.433462 0.355048
v 0.423813 1.460073 0.370788
v 0.370819 1.460072 0.423791
v 0.451896 1.433462 0.451887
v 0.343305 1.460072 0.446372
v 0.280981 1.460073 0.488007
v 0.355043 1.433462 0.531372
v 0.149128 1.475810 0.457947
v 0.218368 1.475810 0.429267
v 0.249612 1.459949 0.504743
v 0.180405 1.459949 0.533409
v 0.244561 1.433462 0.590423
v 0.146390 1.460073 0.543757
v 0.072879 1.460072 0.558385
v 0.124683 1.433462 0.626790
v 0.037470 1.460066 0.561895
v -0.037470 1.460066 0.561895
v 0.000000 1.433458 0.639078
v -0.072870 1.460066 0.558408
v -0.146370 1.460066 0.543788
v -0.124678 1.433458 0.626798
v -0.180410 1.460066 0.533462
v -0.249646 1.460066 0.504784
v -0.244565 1.433458 0.590431
v -0.281017 1.460066 0.488016
v -0.343327 1.460066 0.446381
v -0.355053 1.433459 0.531374
v -0.370824 1.460066 0.423815
v -0.423815 1.460066 0.370824
v -0.451896 1.433459 0.451896
v -0.446381 1.460066 0.343327
v -0.488016 1.460066 0.281017
v -0.531374 1.433459 0.355053
v -0.504770 1.460072 0.249625
v -0.533447 1.460073 0.180377
v -0.590427 1.433461 0.244556
v -0.421414 1.503421 0.044420
v -0.478339 1.475777 0.056940
v -0.463717 1.475777 0.130446
v -0.406269 1.503475 0.120153
v -0.543741 1.459949 0.146345
v -0.558355 1.459949 0.072876
v -0.626790 1.433462 0.124676
v -0.561848 1.460079 0.037482
v -0.561847 1.460079 -0.037482
v -0.639065 1.433464 -0.000000
v -0.406384 1.503405 -0.120147
v -0.463719 1.475779 -0.130420
v -0.478252 1.475808 -0.056897
v -0.558355 1.459949 -0.072876
v -0.543741 1.459949 -0.146345
v -0.626790 1.433462 -0.124676
v -0.533423 1.460079 -0.180381
v -0.504736 1.460079 -0.249638
v -0.590419 1.433464 -0.244560
v -0.329472 1.503405 -0.266518
v -0.378511 1.475779 -0.297950
v -0.420074 1.475808 -0.235585
v -0.487965 1.459949 -0.281002
v -0.446348 1.459949 -0.343286
v -0.531367 1.433462 -0.355048
v -0.423790 1.460079 -0.370782
v -0.370782 1.460079 -0.423790
v -0.451887 1.433465 -0.451887
v -0.202341 1.503480 -0.372214
v -0.235679 1.475779 -0.420120
v -0.297943 1.475808 -0.378407
v -0.343286 1.459949 -0.446348
v -0.281002 1.459949 -0.487965
v -0.355048 1.433462 -0.531367
v -0.249638 1.460079 -0.504736
v -0.180381 1.460079 -0.533423
v -0.244560 1.433464 -0.590419
v -0.044520 1.503399 -0.421438
v -0.056966 1.475779 -0.478330
v -0.130453 1.475808 -0.463621
v -0.146345 1.459949 -0.543742
v -0.072876 1.459949 -0.558356
v -0.124676 1.433462 -0.626790
v -0.037569 1.475610 -0.480826
v 0.037569 1.475610 -0.480826
v 0.366520 1.475628 -0.313396
v 0.313433 1.475610 -0.366557
v 0.325647 1.503057 -0.271028
v 0.480751 1.475634 -0.037611
v 0.421871 1.503080 -0.038679
v 0.481881 1.475654 0.037469
v 0.465284 1.475658 0.130817
v 0.479943 1.475652 0.057226
v 0.422480 1.503090 0.044656
v 0.429811 1.475615 0.218759
v 0.459559 1.475645 0.149811
v 0.405582 1.503099 0.126397
v 0.366537 1.475634 0.313347
v 0.325504 1.503126 0.271033
v 0.314246 1.475654 0.367236
v 0.235809 1.475634 0.420634
v 0.298873 1.475645 0.379883
v 0.267098 1.503093 0.330362
v 0.202198 1.503118 0.372205
v 0.130678 1.475634 0.464176
v 0.120168 1.503107 0.406198
v 0.057261 1.475654 0.479931
v -0.037517 1.475651 0.481887
v 0.037517 1.475651 0.481887
v 0.038668 1.503103 0.423049
v -0.038598 1.503099 0.423062
v -0.130806 1.475659 0.465284
v -0.057208 1.475659 0.479924
v -0.219071 1.475651 0.430848
v -0.149749 1.475651 0.459563
v -0.126239 1.503100 0.405628
v -0.197557 1.503101 0.376085
v -0.298905 1.475659 0.379809
v -0.236512 1.475659 0.421499
v -0.367268 1.475658 0.314192
v -0.314224 1.475652 0.367265
v -0.271908 1.503089 0.326423
v -0.421518 1.475651 0.236528
v -0.379831 1.475651 0.298916
v -0.330336 1.503114 0.267078
v -0.373243 1.503096 0.202894
v -0.458602 1.475615 0.149247
v -0.430860 1.475653 0.219031
v -0.480773 1.475628 -0.037565
v -0.480825 1.475610 0.037565
v -0.421891 1.503082 -0.038450
v -0.429801 1.475628 -0.218689
v -0.458600 1.475610 -0.149299
v -0.375062 1.503082 -0.196974
v -0.313396 1.475628 -0.366520
v -0.366557 1.475610 -0.313433
v -0.271105 1.503101 -0.325495
v -0.149279 1.475628 -0.458552
v -0.218709 1.475610 -0.429849
v -0.125928 1.503101 -0.404459
v 0.376948 1.572468 0.000016
v 0.397004 1.523185 0.039279
v 0.369693 1.572522 0.073537
v -0.351751 1.523196 0.188201
v -0.348248 1.572468 0.144267
v -0.381365 1.522699 0.115983
v -0.369708 1.572468 0.073524
v 0.381785 1.523201 0.115695
v 0.348261 1.572468 0.144237
v -0.397052 1.523104 0.039396
v -0.376948 1.572468 0.000016
v 0.351610 1.522698 0.187782
v 0.313431 1.572411 0.209428
v 0.308027 1.522637 0.253073
v -0.396782 1.522621 -0.038737
v -0.369702 1.572468 -0.073554
v 0.252862 1.523181 0.308575
v 0.266531 1.572468 0.266554
v -0.381925 1.523082 -0.115533
v -0.348261 1.572468 -0.144237
v 0.209434 1.572467 0.313412
v -0.351755 1.522621 -0.187630
v -0.313412 1.572468 -0.209434
v 0.188081 1.522629 0.351507
v 0.144256 1.572411 0.348266
v 0.115541 1.522614 0.381563
v -0.039418 1.523081 -0.397066
v -0.000016 1.572468 -0.376948
v 0.038904 1.522668 -0.396730
v 0.073541 1.572410 -0.369717
v -0.308641 1.523082 -0.252895
v -0.266554 1.572468 -0.266531
v 0.038931 1.523195 0.397031
v 0.073523 1.572468 0.369708
v 0.115475 1.522523 -0.381652
v 0.144256 1.572411 -0.348266
v 0.188121 1.522510 -0.351582
v -0.253089 1.522626 -0.308024
v -0.209428 1.572411 -0.313431
v -0.187687 1.522678 -0.351677
v -0.039353 1.523205 0.396982
v -0.000000 1.572523 0.376935
v 0.209434 1.572467 -0.313412
v -0.144257 1.572410 -0.348266
v -0.073536 1.572522 0.369693
v 0.252899 1.523080 -0.308639
v 0.266531 1.572468 -0.266554
v -0.116139 1.522631 -0.381368
v -0.073523 1.572468 -0.369708
v -0.188277 1.523203 0.351706
v -0.115569 1.523204 0.381822
v -0.144247 1.572524 0.348243
v 0.308068 1.522586 -0.253081
v 0.313431 1.572411 -0.209428
v 0.351813 1.522508 -0.187692
v -0.253313 1.523192 0.308194
v -0.209414 1.572523 0.313410
v 0.348266 1.572410 -0.144257
v -0.308552 1.523217 0.252849
v -0.266534 1.572523 0.266533
v 0.381488 1.522508 -0.116051
v 0.369717 1.572411 -0.073541
v 0.396780 1.522601 -0.038895
v -0.313411 1.572522 0.209414
v -0.000000 2.982026 -0.236036
v 0.046048 2.982026 -0.231500
v 0.090327 2.982026 -0.218068
v 0.131134 2.982026 -0.196256
v 0.166902 2.982026 -0.166902
v 0.196256 2.982026 -0.131134
v 0.218068 2.982026 -0.090327
v 0.231500 2.982026 -0.046048
v 0.236036 2.982026 -0.000000
v 0.231500 2.982026 0.046048
v 0.218068 2.982026 0.090327
v 0.196256 2.982026 0.131134
v 0.166902 2.982026 0.166902
v 0.131134 2.982026 0.196256
v 0.090327 2.982026 0.218068
v 0.046048 2.982026 0.231500
v -0.000000 2.982026 0.236036
v -0.046048 2.982026 0.231500
v -0.090327 2.982026 0.218068
v -0.131134 2.982026 0.196256
v -0.166902 2.982026 0.166902
v -0.196256 2.982026 0.131134
v -0.218068 2.982026 0.090327
v -0.231500 2.982026 0.046048
v -0.236036 2.982026 -0.000000
v -0.231500 2.982026 -0.046048
v -0.218068 2.982026 -0.090327
v -0.196256 2.982026 -0.131134
v -0.166902 2.982026 -0.166902
v -0.131134 2.982026 -0.196256
v -0.090327 2.982026 -0.218068
v -0.046048 2.982026 -0.231500
v -0.000000 2.971161 -0.212931
v 0.041541 2.971161 -0.208839
v 0.081485 2.971161 -0.196722
v 0.118298 2.971161 -0.177045
v 0.150565 2.971161 -0.150565
v 0.177045 2.971161 -0.118298
v 0.196722 2.971161 -0.081485
v 0.208839 2.971161 -0.041541
v 0.212931 2.971161 -0.000000
v 0.208839 2.971161 0.041541
v 0.196722 2.971161 0.081485
v 0.177045 2.971161 0.118298
v 0.150565 2.971161 0.150565
v 0.118298 2.971161 0.177045
v 0.081485 2.971161 0.196722
v 0.041541 2.971161 0.208839
v -0.000000 2.971161 0.212931
v -0.041541 2.971161 0.208839
v -0.081485 2.971161 0.196722
v -0.118298 2.971161 0.177045
v -0.150565 2.971161 0.150565
v -0.177045 2.971161 0.118298
v -0.196722 2.971161 0.081485
v -0.208839 2.971161 0.041541
v -0.212931 2.971161 -0.000000
v -0.208839 2.971161 -0.041541
v -0.196722 2.971161 -0.081485
v -0.177045 2.971161 -0.118298
v -0.150565 2.971161 -0.150565
v -0.118298 2.971161 -0.177045
v -0.081485 2.971161 -0.196722
v -0.041541 2.971161 -0.208839
v 0.000000 2.255356 -0.282163
v 0.055047 2.255356 -0.276742
v 0.107979 2.255356 -0.260685
v 0.156762 2.255356 -0.234610
v 0.199520 2.255356 -0.199519
v 0.234610 2.255356 -0.156761
v 0.260685 2.255356 -0.107979
v 0.276742 2.255356 -0.055047
v 0.282163 2.255356 -0.000000
v 0.276742 2.255356 0.055047
v 0.260685 2.255356 0.107979
v 0.234610 2.255356 0.156761
v 0.199520 2.255356 0.199520
v 0.156762 2.255356 0.234610
v 0.107979 2.255356 0.260685
v 0.055047 2.255356 0.276742
v 0.000000 2.255356 0.282163
v -0.055047 2.255356 0.276742
v -0.107979 2.255356 0.260685
v -0.156761 2.255356 0.234610
v -0.199519 2.255356 0.199520
v -0.234610 2.255356 0.156761
v -0.260685 2.255356 0.107979
v -0.276741 2.255356 0.055047
v -0.282163 2.255356 -0.000000
v -0.276741 2.255356 -0.055047
v -0.260685 2.255356 -0.107979
v -0.234610 2.255356 -0.156761
v -0.199519 2.255356 -0.199520
v -0.156761 2.255356 -0.234610
v -0.107979 2.255356 -0.260685
v -0.055047 2.255356 -0.276742
v 0.000000 1.564713 -0.282510
v 0.055115 1.564713 -0.277082
v 0.108112 1.564713 -0.261006
v 0.156955 1.564713 -0.234899
v 0.199765 1.564713 -0.199765
v 0.234899 1.564713 -0.156954
v 0.261006 1.564713 -0.108112
v 0.277082 1.564713 -0.055115
v 0.282511 1.564713 0.000000
v 0.277082 1.564713 0.055115
v 0.261006 1.564713 0.108112
v 0.234899 1.564713 0.156954
v 0.199765 1.564713 0.199765
v 0.156955 1.564713 0.234899
v 0.108112 1.564713 0.261006
v 0.055115 1.564713 0.277082
v 0.000000 1.564713 0.282510
v -0.055115 1.564713 0.277082
v -0.108112 1.564713 0.261006
v -0.156954 1.564713 0.234899
v -0.199765 1.564713 0.199765
v -0.234899 1.564713 0.156954
v -0.261005 1.564713 0.108112
v -0.277082 1.564713 0.055115
v -0.282510 1.564713 -0.000000
v -0.277082 1.564713 -0.055115
v -0.261005 1.564713 -0.108112
v -0.234899 1.564713 -0.156954
v -0.199765 1.564713 -0.199765
v -0.156954 1.564713 -0.234899
v -0.108112 1.564713 -0.261005
v -0.055115 1.564713 -0.277082
v 0.000030 -2.426989 -1.029247
v 0.102267 -2.577363 -0.947022
v 0.200799 -2.427041 -1.009458
v 0.285010 -2.577380 -0.908871
v 0.393874 -2.427005 -0.950897
v 0.441242 -2.577364 -0.844164
v 0.571807 -2.427083 -0.855770
v 0.611077 -2.577352 -0.730695
v 0.727785 -2.427005 -0.727785
v 0.730636 -2.577367 -0.611125
v 0.855775 -2.427041 -0.571817
v 0.835827 -2.577360 -0.456847
v 0.950880 -2.427083 -0.393867
v 0.914030 -2.577364 -0.268060
v 1.009467 -2.427005 -0.200795
v 0.947047 -2.577352 -0.102139
v 1.029225 -2.427083 0.000000
v 0.947033 -2.577360 0.102199
v 1.009458 -2.427041 0.200799
v 0.908870 -2.577364 0.285068
v 0.950887 -2.427041 0.393876
v 0.835792 -2.577363 0.456906
v 0.855775 -2.427041 0.571817
v 0.730580 -2.577376 0.611178
v 0.727775 -2.427041 0.727783
v 0.597323 -2.577351 0.741984
v 0.571808 -2.427041 0.855781
v 0.441092 -2.577363 0.844245
v 0.393866 -2.427041 0.950891
v 0.267916 -2.577364 0.914073
v 0.200789 -2.427041 1.009460
v 0.084437 -2.577363 0.948779
v -0.000005 -2.427041 1.029235
v -0.102147 -2.577418 0.946978
v -0.200770 -2.426905 1.009495
v -0.393903 -2.426989 0.950889
v -0.456877 -2.577364 0.835806
v -0.571817 -2.427041 0.855775
v -0.611178 -2.577364 0.730596
v -0.727783 -2.427041 0.727775
v -0.741908 -2.577380 0.597368
v -0.855785 -2.427005 0.571817
v -0.835861 -2.577366 0.456772
v -0.950880 -2.427083 0.393867
v -0.914040 -2.577352 0.268070
v -1.009467 -2.427005 0.200795
v -0.947010 -2.577380 0.102222
v -1.029235 -2.427041 0.000005
v -0.948780 -2.577363 -0.084421
v -1.009460 -2.427041 -0.200789
v -0.914080 -2.577363 -0.267897
v -0.950891 -2.427041 -0.393866
v -0.844235 -2.577376 -0.441081
v -0.855781 -2.427041 -0.571808
v -0.741970 -2.577363 -0.597320
v -0.727783 -2.427041 -0.727775
v -0.611195 -2.577351 -0.730599
v -0.571817 -2.427041 -0.855775
v -0.456905 -2.577376 -0.835777
v -0.393876 -2.427041 -0.950887
v -0.285102 -2.577393 -0.908828
v -0.200834 -2.426935 -1.009475
v 0.083559 -2.646255 -0.794300
v 0.236945 -2.646279 -0.762642
v 0.381186 -2.646264 -0.701815
v 0.510742 -2.646262 -0.614002
v 0.613912 -2.646286 -0.510724
v 0.701817 -2.646266 -0.381167
v 0.765755 -2.646273 -0.226757
v 0.794246 -2.646271 -0.083556
v 0.795331 -2.646258 0.072997
v 0.762651 -2.646279 0.236910
v 0.706764 -2.646280 0.371813
v 0.613925 -2.646273 0.510779
v 0.502485 -2.646270 0.620744
v 0.381086 -2.646271 0.701840
v 0.226697 -2.646271 0.765777
v 0.083495 -2.646271 0.794251
v -0.083637 -2.646256 0.794287
v -0.268909 -2.573779 0.918225
v -0.236929 -2.646261 0.762709
v -0.371795 -2.646247 0.706897
v -0.510762 -2.646264 0.613976
v -0.613931 -2.646287 0.510695
v -0.706813 -2.646271 0.371782
v -0.762704 -2.646262 0.236935
v -0.794214 -2.646279 0.083608
v -0.795292 -2.646271 -0.072924
v -0.765784 -2.646271 -0.226677
v -0.706837 -2.646273 -0.371726
v -0.614008 -2.646271 -0.510685
v -0.510786 -2.646270 -0.613931
v -0.381194 -2.646273 -0.701777
v -0.226770 -2.646255 -0.765812
v -0.103009 -2.573779 -0.951231
v -0.073009 -2.646261 -0.795319
v 0.083082 -2.665625 -0.664603
v -0.000000 -2.677878 -0.505255
v -0.083066 -2.665625 -0.664604
v 0.211168 -2.665623 -0.635635
v 0.098570 -2.677879 -0.495541
v 0.331106 -2.665621 -0.582250
v 0.193351 -2.677879 -0.466789
v 0.280699 -2.677879 -0.420096
v 0.411225 -2.665622 -0.528705
v 0.357265 -2.677879 -0.357265
v 0.506437 -2.665626 -0.438305
v 0.598763 -2.665622 -0.300195
v 0.420105 -2.677878 -0.280705
v 0.466786 -2.677879 -0.193349
v 0.635652 -2.665622 -0.211122
v 0.668049 -2.665623 -0.048208
v 0.495547 -2.677878 -0.098571
v 0.505245 -2.677879 0.000000
v 0.668083 -2.665620 0.048184
v 0.495541 -2.677879 0.098569
v 0.645806 -2.665625 0.177580
v 0.582222 -2.665625 0.331086
v 0.466795 -2.677878 0.193353
v 0.506449 -2.665622 0.438341
v 0.420099 -2.677879 0.280701
v 0.411192 -2.665624 0.528711
v 0.357265 -2.677879 0.357265
v 0.300148 -2.665623 0.598777
v 0.280701 -2.677879 0.420100
v 0.177571 -2.665623 0.645828
v 0.193350 -2.677879 0.466789
v 0.048158 -2.665623 0.668060
v 0.098569 -2.677879 0.495541
v -0.083079 -2.665620 0.664646
v -0.000000 -2.677879 0.505249
v -0.098569 -2.677879 0.495537
v -0.177611 -2.665624 0.645807
v -0.331075 -2.665622 0.582250
v -0.193353 -2.677878 0.466795
v -0.280699 -2.677879 0.420096
v -0.411225 -2.665621 0.528716
v -0.357265 -2.677879 0.357265
v -0.506446 -2.665625 0.438305
v -0.598754 -2.665623 0.300192
v -0.420105 -2.677878 0.280705
v -0.466786 -2.677879 0.193349
v -0.635652 -2.665622 0.211144
v -0.495541 -2.677879 0.098570
v -0.664618 -2.665623 0.083105
v -0.505249 -2.677879 0.000000
v -0.668061 -2.665623 -0.048153
v -0.495541 -2.677879 -0.098569
v -0.645830 -2.665623 -0.177560
v -0.466789 -2.677879 -0.193350
v -0.598784 -2.665622 -0.300152
v -0.420099 -2.677879 -0.280701
v -0.528717 -2.665623 -0.411196
v -0.357265 -2.677879 -0.357264
v -0.438333 -2.665624 -0.506437
v -0.280702 -2.677879 -0.420099
v -0.331115 -2.665622 -0.582234
v -0.193351 -2.677879 -0.466789
v -0.211159 -2.665622 -0.635645
v -0.098570 -2.677879 -0.495541
v 0.000000 1.496696 -0.305971
v 0.059692 1.496696 -0.300092
v 0.117090 1.496696 -0.282681
v 0.169989 1.496696 -0.254406
v 0.216355 1.496696 -0.216354
v 0.254406 1.496696 -0.169989
v 0.282681 1.496696 -0.117090
v 0.300092 1.496696 -0.059692
v 0.305972 1.496696 -0.000000
v 0.300092 1.496696 0.059692
v 0.282681 1.496696 0.117090
v 0.254406 1.496696 0.169989
v 0.216355 1.496696 0.216354
v 0.169989 1.496696 0.254406
v 0.117090 1.496696 0.282681
v 0.059692 1.496696 0.300092
v 0.000000 1.496696 0.305971
v -0.059692 1.496696 0.300092
v -0.117090 1.496696 0.282681
v -0.169988 1.496696 0.254406
v -0.216354 1.496696 0.216354
v -0.254406 1.496696 0.169989
v -0.282680 1.496696 0.117090
v -0.300092 1.496696 0.059692
v -0.305971 1.496696 -0.000000
v -0.300092 1.496696 -0.059692
v -0.282680 1.496696 -0.117090
v -0.254406 1.496696 -0.169989
v -0.216354 1.496696 -0.216354
v -0.169988 1.496696 -0.254406
v -0.117090 1.496696 -0.282681
v -0.059692 1.496696 -0.300092
v 0.000000 1.454059 -0.349578
v 0.068200 1.454059 -0.342861
v 0.133778 1.454059 -0.322968
v 0.194216 1.454059 -0.290664
v 0.247189 1.454059 -0.247189
v 0.290664 1.454059 -0.194215
v 0.322968 1.454059 -0.133778
v 0.342861 1.454059 -0.068199
v 0.349578 1.454059 -0.000000
v 0.342861 1.454059 0.068199
v 0.322968 1.454059 0.133778
v 0.290664 1.454059 0.194215
v 0.247189 1.454059 0.247189
v 0.194216 1.454059 0.290664
v 0.133778 1.454059 0.322968
v 0.068200 1.454059 0.342861
v 0.000000 1.454059 0.349578
v -0.068199 1.454059 0.342861
v -0.133778 1.454059 0.322968
v -0.194215 1.454059 0.290664
v -0.247189 1.454059 0.247189
v -0.290663 1.454059 0.194215
v -0.322968 1.454059 0.133778
v -0.342861 1.454059 0.068199
v -0.349578 1.454059 -0.000000
v -0.342861 1.454059 -0.068199
v -0.322968 1.454059 -0.133778
v -0.290663 1.454059 -0.194215
v -0.247189 1.454059 -0.247189
v -0.194215 1.454059 -0.290664
v -0.133778 1.454059 -0.322968
v -0.068199 1.454059 -0.342861
v 0.000000 1.374902 -0.505116
v 0.098544 1.374902 -0.495410
v 0.193300 1.374902 -0.466666
v 0.280628 1.374902 -0.419988
v 0.357171 1.374902 -0.357171
v 0.419989 1.374902 -0.280627
v 0.466666 1.374902 -0.193300
v 0.495410 1.374902 -0.098543
v 0.505116 1.374902 -0.000000
v 0.495410 1.374902 0.098543
v 0.466666 1.374902 0.193300
v 0.419989 1.374902 0.280627
v 0.357171 1.374902 0.357171
v 0.280628 1.374902 0.419989
v 0.193300 1.374902 0.466666
v 0.098544 1.374902 0.495410
v 0.000000 1.374902 0.505116
v -0.098543 1.374902 0.495410
v -0.193299 1.374902 0.466666
v -0.280627 1.374902 0.419988
v -0.357171 1.374902 0.357171
v -0.419988 1.374902 0.280627
v -0.466666 1.374902 0.193300
v -0.495410 1.374902 0.098543
v -0.505116 1.374902 -0.000000
v -0.495410 1.374902 -0.098543
v -0.466666 1.374902 -0.193300
v -0.419988 1.374902 -0.280627
v -0.357171 1.374902 -0.357171
v -0.280627 1.374902 -0.419989
v -0.193299 1.374902 -0.466666
v -0.098543 1.374902 -0.495410
v 0.000000 1.316857 -0.671332
v 0.130971 1.316857 -0.658432
v 0.256908 1.316857 -0.620229
v 0.372972 1.316857 -0.558192
v 0.474703 1.316857 -0.474703
v 0.558192 1.316857 -0.372972
v 0.620230 1.316857 -0.256908
v 0.658432 1.316857 -0.130970
v 0.671332 1.316857 -0.000000
v 0.658432 1.316857 0.130970
v 0.620230 1.316857 0.256908
v 0.558192 1.316857 0.372972
v 0.474703 1.316857 0.474703
v 0.372972 1.316857 0.558192
v 0.256908 1.316857 0.620229
v 0.130971 1.316857 0.658432
v 0.000000 1.316857 0.671332
v -0.130970 1.316857 0.658432
v -0.256907 1.316857 0.620229
v -0.372972 1.316857 0.558192
v -0.474703 1.316857 0.474703
v -0.558192 1.316857 0.372972
v -0.620229 1.316857 0.256908
v -0.658432 1.316857 0.130970
v -0.671331 1.316857 -0.000000
v -0.658432 1.316857 -0.130970
v -0.620229 1.316857 -0.256908
v -0.558192 1.316857 -0.372972
v -0.474703 1.316857 -0.474703
v -0.372972 1.316857 -0.558192
v -0.256907 1.316857 -0.620229
v -0.130970 1.316857 -0.658432
v 0.000000 1.207366 -0.772630
v 0.150733 1.207366 -0.757784
v 0.295673 1.207366 -0.713817
v 0.429251 1.207366 -0.642418
v 0.546332 1.207366 -0.546332
v 0.642419 1.207366 -0.429250
v 0.713817 1.207366 -0.295673
v 0.757784 1.207366 -0.150733
v 0.772630 1.207366 -0.000000
v 0.757784 1.207366 0.150733
v 0.713817 1.207366 0.295673
v 0.642419 1.207366 0.429250
v 0.546332 1.207366 0.546332
v 0.429251 1.207366 0.642418
v 0.295673 1.207366 0.713817
v 0.150733 1.207366 0.757784
v 0.000000 1.207366 0.772630
v -0.150732 1.207366 0.757784
v -0.295673 1.207366 0.713817
v -0.429250 1.207366 0.642418
v -0.546332 1.207366 0.546332
v -0.642418 1.207366 0.429250
v -0.713817 1.207366 0.295673
v -0.757784 1.207366 0.150733
v -0.772630 1.207366 -0.000000
v -0.757784 1.207366 -0.150733
v -0.713817 1.207366 -0.295673
v -0.642418 1.207366 -0.429250
v -0.546332 1.207366 -0.546332
v -0.429250 1.207366 -0.642418
v -0.295673 1.207366 -0.713817
v -0.150732 1.207366 -0.757784
v 0.000000 1.069192 -0.836015
v 0.163099 1.069192 -0.819951
v 0.319929 1.069192 -0.772377
v 0.464466 1.069192 -0.695121
v 0.591152 1.069192 -0.591152
v 0.695121 1.069192 -0.464465
v 0.772377 1.069192 -0.319929
v 0.819951 1.069192 -0.163098
v 0.836015 1.069192 -0.000000
v 0.819951 1.069192 0.163099
v 0.772377 1.069192 0.319929
v 0.695121 1.069192 0.464465
v 0.591152 1.069192 0.591152
v 0.464466 1.069192 0.695121
v 0.319929 1.069192 0.772377
v 0.163099 1.069192 0.819951
v 0.000000 1.069192 0.836015
v -0.163098 1.069192 0.819951
v -0.319929 1.069192 0.772377
v -0.464465 1.069192 0.695121
v -0.591152 1.069192 0.591152
v -0.695121 1.069192 0.464465
v -0.772377 1.069192 0.319929
v -0.819951 1.069192 0.163098
v -0.836015 1.069192 -0.000000
v -0.819951 1.069192 -0.163098
v -0.772377 1.069192 -0.319929
v -0.695121 1.069192 -0.464465
v -0.591152 1.069192 -0.591152
v -0.464465 1.069192 -0.695121
v -0.319929 1.069192 -0.772377
v -0.163098 1.069192 -0.819951
v 0.000000 0.891696 -0.886287
v 0.172906 0.891696 -0.869258
v 0.339168 0.891696 -0.818823
v 0.492395 0.891696 -0.736921
v 0.626700 0.891696 -0.626700
v 0.736921 0.891696 -0.492395
v 0.818823 0.891696 -0.339168
v 0.869258 0.891696 -0.172906
v 0.886287 0.891696 -0.000000
v 0.869258 0.891696 0.172906
v 0.818823 0.891696 0.339168
v 0.736921 0.891696 0.492395
v 0.626700 0.891696 0.626700
v 0.492395 0.891696 0.736921
v 0.339168 0.891696 0.818823
v 0.172907 0.891696 0.869258
v 0.000000 0.891696 0.886287
v -0.172905 0.891696 0.869258
v -0.339167 0.891696 0.818823
v -0.492395 0.891696 0.736921
v -0.626699 0.891696 0.626700
v -0.736921 0.891696 0.492395
v -0.818822 0.891696 0.339168
v -0.869257 0.891696 0.172906
v -0.886287 0.891696 -0.000000
v -0.869257 0.891696 -0.172906
v -0.818822 0.891696 -0.339168
v -0.736921 0.891696 -0.492395
v -0.626699 0.891696 -0.626700
v -0.492395 0.891696 -0.736921
v -0.339167 0.891696 -0.818823
v -0.172905 0.891696 -0.869258
v 0.000000 -2.415936 -0.887442
v 0.173132 -2.415936 -0.870390
v 0.339609 -2.415936 -0.819889
v 0.493037 -2.415936 -0.737881
v 0.627516 -2.415936 -0.627516
v 0.737881 -2.415936 -0.493036
v 0.819889 -2.415936 -0.339610
v 0.870390 -2.415936 -0.173131
v 0.887442 -2.415936 -0.000000
v 0.870390 -2.415936 0.173131
v 0.819889 -2.415936 0.339609
v 0.737881 -2.415936 0.493036
v 0.627516 -2.415936 0.627516
v 0.493037 -2.415936 0.737881
v 0.339609 -2.415936 0.819889
v 0.173132 -2.415936 0.870390
v 0.000000 -2.415936 0.887442
v -0.173131 -2.415936 0.870390
v -0.339609 -2.415936 0.819889
v -0.493036 -2.415936 0.737881
v -0.627516 -2.415936 0.627516
v -0.737880 -2.415936 0.493036
v -0.819889 -2.415936 0.339610
v -0.870389 -2.415936 0.173131
v -0.887441 -2.415936 -0.000000
v -0.870389 -2.415936 -0.173131
v -0.819889 -2.415936 -0.339609
v -0.737880 -2.415936 -0.493036
v -0.627515 -2.415936 -0.627516
v -0.493036 -2.415936 -0.737881
v -0.339609 -2.415936 -0.819889
v -0.173131 -2.415936 -0.870390
v 0.000000 -2.530065 -0.804825
v 0.157014 -2.530065 -0.789361
v 0.307993 -2.530065 -0.743562
v 0.447137 -2.530065 -0.669188
v 0.569098 -2.530065 -0.569097
v 0.669188 -2.530065 -0.447137
v 0.743562 -2.530065 -0.307994
v 0.789361 -2.530065 -0.157014
v 0.804825 -2.530065 -0.000000
v 0.789361 -2.530065 0.157014
v 0.743562 -2.530065 0.307994
v 0.669188 -2.530065 0.447137
v 0.569098 -2.530065 0.569097
v 0.447137 -2.530065 0.669188
v 0.307993 -2.530065 0.743562
v 0.157014 -2.530065 0.789361
v 0.000000 -2.530065 0.804825
v -0.157013 -2.530065 0.789361
v -0.307993 -2.530065 0.743561
v -0.447137 -2.530065 0.669188
v -0.569097 -2.530065 0.569097
v -0.669188 -2.530065 0.447137
v -0.743561 -2.530065 0.307994
v -0.789360 -2.530065 0.157014
v -0.804825 -2.530065 -0.000000
v -0.789360 -2.530065 -0.157014
v -0.743561 -2.530065 -0.307994
v -0.669188 -2.530065 -0.447137
v -0.569097 -2.530065 -0.569097
v -0.447137 -2.530065 -0.669188
v -0.307993 -2.530065 -0.743561
v -0.157013 -2.530065 -0.789361
vn -0.0000 -0.0000 -1.0000
vn 0.1951 -0.0000 -0.9808
vn 0.3827 -0.0000 -0.9239
vn 0.5556 -0.0000 -0.8315
vn 0.7071 -0.0000 -0.7071
vn 0.8315 -0.0000 -0.5556
vn 0.9239 -0.0000 -0.3827
vn 0.9808 -0.0000 -0.1951
vn 1.0000 -0.0000 -0.0000
vn 0.9808 -0.0000 0.1951
vn 0.9239 -0.0000 0.3827
vn 0.8315 -0.0000 0.5556
vn 0.7071 -0.0000 0.7071
vn 0.5556 -0.0000 0.8315
vn 0.3827 -0.0000 0.9239
vn 0.1951 -0.0000 0.9808
vn -0.0000 -0.0000 1.0000
vn -0.1951 -0.0000 0.9808
vn -0.3827 -0.0000 0.9239
vn -0.5556 -0.0000 0.8315
vn -0.7071 -0.0000 0.7071
vn -0.8315 -0.0000 0.5556
vn -0.9239 -0.0000 0.3827
vn -0.9808 -0.0000 0.1951
vn -1.0000 -0.0000 -0.0000
vn -0.9808 -0.0000 -0.1951
vn -0.9239 -0.0000 -0.3827
vn -0.8315 -0.0000 -0.5556
vn -0.7071 -0.0000 -0.7071
vn -0.5556 -0.0000 -0.8315
vn -0.3827 -0.0000 -0.9239
vn -0.1951 -0.0000 -0.9808
vn 0.5827 0.5664 0.5827
vn 0.4579 0.5664 -0.6852
vn -0.1608 0.5664 -0.8083
vn -0.6852 0.5664 -0.4578
vn 0.3154 0.5664 -0.7614
vn -0.0000 0.0163 -0.9999
vn -0.0000 0.5661 -0.8243
vn -0.0000 0.1566 -0.9877
vn -0.0000 0.3580 -0.9337
vn 0.1608 0.5661 -0.8085
vn 0.1951 0.0163 -0.9807
vn 0.1822 0.3580 -0.9158
vn 0.1927 0.1566 -0.9687
vn 0.3826 0.0163 -0.9238
vn 0.3573 0.3581 -0.8626
vn 0.3780 0.1566 -0.9125
vn 0.5555 0.0163 -0.8314
vn 0.5187 0.3581 -0.7764
vn 0.5487 0.1566 -0.8212
vn 0.5829 0.5661 -0.5829
vn 0.7070 0.0163 -0.7070
vn 0.6602 0.3580 -0.6603
vn 0.6984 0.1566 -0.6984
vn 0.6854 0.5661 -0.4580
vn 0.8314 0.0163 -0.5555
vn 0.7764 0.3580 -0.5188
vn 0.8212 0.1566 -0.5487
vn 0.7616 0.5661 -0.3154
vn 0.9238 0.0163 -0.3826
vn 0.8627 0.3580 -0.3573
vn 0.9125 0.1566 -0.3780
vn 0.8085 0.5661 -0.1608
vn 0.9807 0.0163 -0.1951
vn 0.9158 0.3580 -0.1822
vn 0.9687 0.1566 -0.1927
vn 0.8243 0.5661 -0.0000
vn 0.9999 0.0163 -0.0000
vn 0.9337 0.3580 -0.0000
vn 0.9877 0.1566 -0.0000
vn 0.8085 0.5661 0.1608
vn 0.9807 0.0163 0.1951
vn 0.9158 0.3580 0.1822
vn 0.9687 0.1566 0.1927
vn 0.7616 0.5661 0.3154
vn 0.9238 0.0163 0.3826
vn 0.8627 0.3580 0.3573
vn 0.9125 0.1566 0.3780
vn 0.6854 0.5661 0.4579
vn 0.8314 0.0163 0.5555
vn 0.7763 0.3580 0.5188
vn 0.8212 0.1566 0.5487
vn 0.7070 0.0163 0.7070
vn 0.6602 0.3580 0.6602
vn 0.6984 0.1566 0.6984
vn 0.4579 0.5661 0.6854
vn 0.5555 0.0163 0.8314
vn 0.5188 0.3580 0.7763
vn 0.5487 0.1566 0.8212
vn 0.3154 0.5661 0.7616
vn 0.3826 0.0163 0.9238
vn 0.3573 0.3580 0.8627
vn 0.3780 0.1566 0.9125
vn 0.1608 0.5661 0.8085
vn 0.1951 0.0163 0.9807
vn 0.1822 0.3580 0.9158
vn 0.1927 0.1566 0.9687
vn -0.0000 0.5661 0.8243
vn -0.0000 0.0163 0.9999
vn -0.0000 0.3580 0.9337
vn -0.0000 0.1566 0.9877
vn -0.1608 0.5661 0.8085
vn -0.1951 0.0163 0.9807
vn -0.1822 0.3580 0.9158
vn -0.1927 0.1566 0.9687
vn -0.3154 0.5661 0.7616
vn -0.3826 0.0163 0.9238
vn -0.3573 0.3580 0.8627
vn -0.3780 0.1566 0.9125
vn -0.4580 0.5661 0.6854
vn -0.5555 0.0163 0.8314
vn -0.5188 0.3580 0.7764
vn -0.5487 0.1566 0.8212
vn -0.5829 0.5661 0.5829
vn -0.7070 0.0163 0.7070
vn -0.6602 0.3580 0.6602
vn -0.6984 0.1566 0.6984
vn -0.6854 0.5661 0.4580
vn -0.8314 0.0163 0.5555
vn -0.7764 0.3580 0.5188
vn -0.8212 0.1566 0.5487
vn -0.7616 0.5661 0.3154
vn -0.9238 0.0163 0.3826
vn -0.8627 0.3580 0.3573
vn -0.9125 0.1566 0.3780
vn -0.8085 0.5661 0.1608
vn -0.9807 0.0163 0.1951
vn -0.9158 0.3580 0.1822
vn -0.9687 0.1566 0.1927
vn -0.8243 0.5661 -0.0000
vn -0.9999 0.0163 -0.0000
vn -0.9337 0.3580 -0.0000
vn -0.9877 0.1566 -0.0000
vn -0.8085 0.5661 -0.1608
vn -0.9807 0.0163 -0.1951
vn -0.9158 0.3580 -0.1822
vn -0.9687 0.1566 -0.1927
vn -0.7616 0.5661 -0.3154
vn -0.9238 0.0163 -0.3826
vn -0.8626 0.3580 -0.3573
vn -0.9125 0.1566 -0.3780
vn -0.8314 0.0163 -0.5555
vn -0.7763 0.3580 -0.5187
vn -0.8212 0.1566 -0.5487
vn -0.5829 0.5661 -0.5829
vn -0.7070 0.0163 -0.7070
vn -0.6603 0.3580 -0.6602
vn -0.6984 0.1566 -0.6984
vn -0.4580 0.5661 -0.6854
vn -0.5555 0.0163 -0.8314
vn -0.5188 0.3580 -0.7764
vn -0.5487 0.1566 -0.8212
vn -0.3155 0.5661 -0.7616
vn -0.3826 0.0163 -0.9238
vn -0.3573 0.3580 -0.8627
vn -0.3780 0.1566 -0.9125
vn -0.1951 0.0163 -0.9807
vn -0.1822 0.3580 -0.9158
vn -0.1927 0.1566 -0.9687
vn 0.0001 0.7891 -0.6143
vn 0.1198 0.7891 -0.6025
vn 0.2350 0.7892 -0.5674
vn 0.3413 0.7892 -0.5106
vn 0.4344 0.7891 -0.4343
vn 0.5108 0.7891 -0.3413
vn 0.5675 0.7891 -0.2351
vn 0.6025 0.7891 -0.1198
vn 0.6143 0.7891 -0.0000
vn 0.6025 0.7891 0.1198
vn 0.5675 0.7891 0.2351
vn 0.5108 0.7891 0.3412
vn 0.4343 0.7891 0.4343
vn 0.3412 0.7891 0.5108
vn 0.2351 0.7891 0.5675
vn 0.1198 0.7891 0.6025
vn -0.0000 0.7891 0.6143
vn -0.1198 0.7891 0.6025
vn -0.2351 0.7891 0.5675
vn -0.3413 0.7891 0.5108
vn -0.4344 0.7891 0.4344
vn -0.5108 0.7891 0.3413
vn -0.5675 0.7891 0.2351
vn -0.6025 0.7891 0.1198
vn -0.6143 0.7891 -0.0000
vn -0.6025 0.7891 -0.1198
vn -0.5675 0.7891 -0.2350
vn -0.5107 0.7891 -0.3412
vn -0.4343 0.7891 -0.4344
vn -0.3413 0.7891 -0.5108
vn -0.2351 0.7891 -0.5675
vn -0.1198 0.7891 -0.6024
vn -0.0000 0.0666 -0.9978
vn 0.1947 0.0666 -0.9786
vn 0.3818 0.0666 -0.9218
vn 0.5543 0.0666 -0.8296
vn 0.7055 0.0666 -0.7055
vn 0.8296 0.0666 -0.5543
vn 0.9218 0.0666 -0.3818
vn 0.9786 0.0666 -0.1947
vn 0.9978 0.0666 -0.0000
vn 0.9786 0.0666 0.1947
vn 0.9218 0.0666 0.3818
vn 0.8296 0.0666 0.5543
vn 0.7055 0.0666 0.7055
vn 0.5543 0.0666 0.8296
vn 0.3818 0.0666 0.9218
vn 0.1947 0.0666 0.9786
vn -0.0000 0.0666 0.9978
vn -0.1947 0.0666 0.9786
vn -0.3818 0.0666 0.9218
vn -0.5543 0.0666 0.8296
vn -0.7055 0.0666 0.7055
vn -0.8296 0.0666 0.5543
vn -0.9218 0.0666 0.3818
vn -0.9786 0.0666 0.1947
vn -0.9978 0.0666 -0.0000
vn -0.9786 0.0666 -0.1947
vn -0.9218 0.0666 -0.3818
vn -0.8296 0.0666 -0.5543
vn -0.7055 0.0666 -0.7055
vn -0.5543 0.0666 -0.8296
vn -0.3818 0.0666 -0.9218
vn -0.1947 0.0666 -0.9786
vn -0.0000 -0.3133 -0.9497
vn 0.1853 -0.3133 -0.9314
vn 0.3634 -0.3133 -0.8774
vn 0.5276 -0.3133 -0.7896
vn 0.6715 -0.3133 -0.6715
vn 0.7896 -0.3133 -0.5276
vn 0.8774 -0.3133 -0.3634
vn 0.9314 -0.3133 -0.1853
vn 0.9497 -0.3133 -0.0000
vn 0.9314 -0.3133 0.1853
vn 0.8774 -0.3133 0.3634
vn 0.7896 -0.3133 0.5276
vn 0.6715 -0.3133 0.6715
vn 0.5276 -0.3133 0.7896
vn 0.3634 -0.3133 0.8774
vn 0.1853 -0.3133 0.9314
vn -0.0000 -0.3133 0.9497
vn -0.1853 -0.3133 0.9314
vn -0.3634 -0.3133 0.8774
vn -0.5276 -0.3133 0.7896
vn -0.6715 -0.3133 0.6715
vn -0.7896 -0.3133 0.5276
vn -0.8774 -0.3133 0.3634
vn -0.9314 -0.3133 0.1853
vn -0.9497 -0.3133 -0.0000
vn -0.9314 -0.3133 -0.1853
vn -0.8774 -0.3133 -0.3634
vn -0.7896 -0.3133 -0.5276
vn -0.6715 -0.3133 -0.6715
vn -0.5276 -0.3133 -0.7896
vn -0.3634 -0.3133 -0.8774
vn -0.1853 -0.3133 -0.9314
vn -0.0000 -0.3606 -0.9327
vn 0.1820 -0.3606 -0.9148
vn 0.3569 -0.3606 -0.8617
vn 0.5182 -0.3606 -0.7755
vn 0.6595 -0.3606 -0.6595
vn 0.7755 -0.3606 -0.5182
vn 0.8617 -0.3606 -0.3569
vn 0.9148 -0.3606 -0.1820
vn 0.9327 -0.3606 -0.0000
vn 0.9148 -0.3606 0.1820
vn 0.8617 -0.3606 0.3569
vn 0.7755 -0.3606 0.5182
vn 0.6595 -0.3606 0.6595
vn 0.5182 -0.3606 0.7755
vn 0.3569 -0.3606 0.8617
vn 0.1820 -0.3606 0.9148
vn -0.0000 -0.3606 0.9327
vn -0.1820 -0.3606 0.9148
vn -0.3569 -0.3606 0.8617
vn -0.5182 -0.3606 0.7755
vn -0.6595 -0.3606 0.6595
vn -0.7755 -0.3606 0.5182
vn -0.8617 -0.3606 0.3569
vn -0.9148 -0.3606 0.1820
vn -0.9327 -0.3606 -0.0000
vn -0.9148 -0.3606 -0.1820
vn -0.8617 -0.3606 -0.3569
vn -0.7755 -0.3606 -0.5182
vn -0.6595 -0.3606 -0.6595
vn -0.5182 -0.3606 -0.7755
vn -0.3569 -0.3606 -0.8617
vn -0.1820 -0.3606 -0.9148
vn -0.0000 1.0000 -0.0000
vn -0.0000 0.6857 -0.7279
vn 0.1420 0.6857 -0.7139
vn 0.2785 0.6857 -0.6725
vn 0.4044 0.6857 -0.6052
vn 0.5147 0.6857 -0.5147
vn 0.6052 0.6857 -0.4044
vn 0.6725 0.6857 -0.2785
vn 0.7139 0.6857 -0.1420
vn 0.7279 0.6857 -0.0000
vn 0.7139 0.6857 0.1420
vn 0.6725 0.6857 0.2785
vn 0.6052 0.6857 0.4044
vn 0.5147 0.6857 0.5147
vn 0.4044 0.6857 0.6052
vn 0.2785 0.6857 0.6725
vn 0.1420 0.6857 0.7139
vn -0.0000 0.6857 0.7279
vn -0.1420 0.6857 0.7139
vn -0.2785 0.6857 0.6725
vn -0.4044 0.6857 0.6052
vn -0.5147 0.6857 0.5147
vn -0.6052 0.6857 0.4044
vn -0.6725 0.6857 0.2785
vn -0.7139 0.6857 0.1420
vn -0.7279 0.6857 -0.0000
vn -0.7139 0.6857 -0.1420
vn -0.6725 0.6857 -0.2785
vn -0.6052 0.6857 -0.4044
vn -0.5147 0.6857 -0.5147
vn -0.4044 0.6857 -0.6052
vn -0.2785 0.6857 -0.6725
vn -0.1420 0.6857 -0.7139
vn 0.0163 0.9640 -0.2654
vn -0.0000 0.9109 -0.4127
vn -0.0163 0.9640 -0.2654
vn 0.0772 0.9508 -0.3000
vn 0.0492 0.9507 -0.3062
vn 0.0577 0.8488 -0.5255
vn 0.1559 0.8464 -0.5092
vn 0.0373 0.9640 -0.2632
vn 0.0674 0.9642 -0.2565
vn 0.0806 0.9110 -0.4044
vn 0.1043 0.9514 -0.2897
vn 0.1311 0.9514 -0.2786
vn 0.0867 0.9643 -0.2502
vn 0.1156 0.9643 -0.2383
vn 0.1578 0.9111 -0.3809
vn 0.1575 0.9508 -0.2667
vn 0.2497 0.8454 -0.4721
vn 0.3323 0.8479 -0.4130
vn 0.1817 0.9507 -0.2513
vn 0.1337 0.9642 -0.2290
vn 0.1597 0.9640 -0.2125
vn 0.2290 0.9110 -0.3430
vn 0.1761 0.9640 -0.1992
vn 0.1992 0.9640 -0.1761
vn 0.2918 0.9109 -0.2918
vn 0.2648 0.9513 -0.1577
vn 0.2491 0.9516 -0.1803
vn 0.2125 0.9640 -0.1597
vn 0.2290 0.9642 -0.1337
vn 0.3430 0.9110 -0.2290
vn 0.2791 0.9511 -0.1319
vn 0.4716 0.8462 -0.2482
vn 0.5090 0.8462 -0.1579
vn 0.2907 0.9511 -0.1041
vn 0.2383 0.9643 -0.1156
vn 0.2502 0.9643 -0.0867
vn 0.3809 0.9111 -0.1578
vn 0.2988 0.9513 -0.0757
vn 0.3036 0.9516 -0.0486
vn 0.2565 0.9642 -0.0674
vn 0.2632 0.9640 -0.0373
vn 0.4044 0.9110 -0.0806
vn 0.2657 0.9639 -0.0167
vn 0.2665 0.9637 0.0154
vn 0.4128 0.9108 -0.0001
vn 0.2648 0.9636 0.0366
vn 0.2586 0.9636 0.0675
vn 0.4050 0.9107 0.0806
vn 0.2521 0.9637 0.0878
vn 0.2391 0.9639 0.1171
vn 0.3814 0.9108 0.1581
vn 0.2488 0.9511 0.1831
vn 0.2646 0.9507 0.1617
vn 0.4609 0.8500 0.2551
vn 0.2294 0.9639 0.1351
vn 0.2126 0.9639 0.1602
vn 0.3430 0.9109 0.2292
vn 0.1997 0.9639 0.1761
vn 0.1776 0.9637 0.1993
vn 0.2920 0.9108 0.2918
vn 0.1608 0.9637 0.2130
vn 0.1338 0.9639 0.2302
vn 0.2293 0.9108 0.3433
vn 0.1057 0.9515 0.2891
vn 0.1297 0.9515 0.2791
vn 0.1157 0.9639 0.2397
vn 0.0877 0.9639 0.2513
vn 0.1579 0.9109 0.3811
vn 0.0682 0.9639 0.2574
vn 0.0369 0.9637 0.2644
vn 0.0807 0.9108 0.4049
vn 0.0158 0.9636 0.2668
vn -0.0158 0.9636 0.2668
vn -0.0000 0.9107 0.4130
vn -0.0366 0.9636 0.2648
vn -0.0675 0.9636 0.2586
vn -0.0806 0.9107 0.4050
vn -0.0875 0.9636 0.2525
vn -0.1167 0.9636 0.2405
vn -0.1580 0.9107 0.3815
vn -0.1351 0.9636 0.2306
vn -0.1613 0.9636 0.2131
vn -0.2294 0.9107 0.3434
vn -0.1775 0.9636 0.1998
vn -0.1998 0.9636 0.1775
vn -0.2920 0.9107 0.2920
vn -0.2131 0.9636 0.1613
vn -0.2306 0.9636 0.1351
vn -0.3434 0.9107 0.2294
vn -0.2403 0.9637 0.1162
vn -0.2519 0.9639 0.0863
vn -0.3815 0.9108 0.1579
vn -0.5260 0.8488 0.0539
vn -0.3074 0.9504 0.0473
vn -0.3021 0.9504 0.0739
vn -0.5064 0.8492 0.1499
vn -0.2577 0.9639 0.0667
vn -0.2636 0.9639 0.0370
vn -0.4046 0.9109 0.0805
vn -0.2654 0.9640 0.0163
vn -0.2654 0.9640 -0.0163
vn -0.4127 0.9109 -0.0000
vn -0.5076 0.8485 -0.1496
vn -0.3014 0.9507 -0.0728
vn -0.3054 0.9511 -0.0464
vn -0.2636 0.9639 -0.0370
vn -0.2577 0.9639 -0.0667
vn -0.4046 0.9109 -0.0805
vn -0.2514 0.9640 -0.0865
vn -0.2390 0.9640 -0.1166
vn -0.3813 0.9109 -0.1579
vn -0.4117 0.8485 -0.3325
vn -0.2506 0.9507 -0.1826
vn -0.2644 0.9511 -0.1598
vn -0.2294 0.9639 -0.1351
vn -0.2126 0.9639 -0.1602
vn -0.3430 0.9109 -0.2292
vn -0.1992 0.9640 -0.1761
vn -0.1761 0.9640 -0.1992
vn -0.2918 0.9109 -0.2918
vn -0.2520 0.8501 -0.4624
vn -0.1617 0.9507 -0.2646
vn -0.1831 0.9511 -0.2488
vn -0.1602 0.9639 -0.2126
vn -0.1351 0.9639 -0.2294
vn -0.2292 0.9109 -0.3430
vn -0.1166 0.9640 -0.2390
vn -0.0865 0.9640 -0.2514
vn -0.1579 0.9109 -0.3813
vn -0.0562 0.8485 -0.5262
vn -0.0481 0.9507 -0.3063
vn -0.0740 0.9511 -0.2999
vn -0.0667 0.9639 -0.2577
vn -0.0370 0.9639 -0.2636
vn -0.0805 0.9109 -0.4046
vn -0.0159 0.9518 -0.3063
vn 0.0159 0.9518 -0.3063
vn 0.2274 0.9522 -0.2040
vn 0.2054 0.9519 -0.2276
vn 0.4098 0.8484 -0.3350
vn 0.3053 0.9521 -0.0180
vn 0.5256 0.8490 -0.0546
vn 0.3059 0.9520 0.0128
vn 0.2981 0.9516 0.0744
vn 0.3038 0.9516 0.0456
vn 0.5222 0.8513 0.0518
vn 0.2769 0.9515 0.1340
vn 0.2883 0.9517 0.1052
vn 0.4999 0.8515 0.1585
vn 0.2285 0.9521 0.2031
vn 0.4069 0.8498 0.3350
vn 0.2073 0.9520 0.2254
vn 0.1545 0.9519 0.2644
vn 0.1810 0.9518 0.2476
vn 0.3301 0.8516 0.4073
vn 0.2464 0.8497 0.4662
vn 0.0772 0.9521 0.2959
vn 0.1542 0.8495 0.5045
vn 0.0472 0.9520 0.3025
vn -0.0150 0.9515 0.3073
vn 0.0150 0.9515 0.3073
vn 0.0521 0.8514 0.5218
vn -0.0495 0.8511 0.5226
vn -0.0739 0.9518 0.2977
vn -0.0456 0.9518 0.3033
vn -0.1314 0.9515 0.2782
vn -0.1038 0.9515 0.2896
vn -0.1542 0.8512 0.5017
vn -0.2457 0.8512 0.4637
vn -0.1822 0.9518 0.2468
vn -0.1582 0.9518 0.2628
vn -0.2275 0.9516 0.2065
vn -0.2067 0.9516 0.2273
vn -0.3354 0.8510 0.4041
vn -0.2638 0.9515 0.1583
vn -0.2472 0.9515 0.1832
vn -0.4074 0.8513 0.3307
vn -0.4628 0.8514 0.2468
vn -0.2899 0.9517 0.1013
vn -0.2779 0.9519 0.1292
vn -0.3050 0.9522 -0.0165
vn -0.3062 0.9519 0.0157
vn -0.5272 0.8484 -0.0484
vn -0.2755 0.9522 -0.1320
vn -0.2889 0.9519 -0.1026
vn -0.4685 0.8484 -0.2465
vn -0.2040 0.9522 -0.2274
vn -0.2276 0.9519 -0.2054
vn -0.3370 0.8493 -0.4064
vn -0.1015 0.9522 -0.2881
vn -0.1317 0.9519 -0.2768
vn -0.1573 0.8493 -0.5040
vn 0.9768 0.2140 -0.0012
vn 0.7885 0.6105 0.0742
vn 0.9576 0.2161 0.1905
vn -0.6999 0.6113 0.3694
vn -0.9029 0.2140 0.3727
vn -0.7585 0.6092 0.2314
vn -0.9578 0.2140 0.1918
vn 0.7564 0.6115 0.2320
vn 0.9020 0.2140 0.3749
vn -0.7894 0.6090 0.0768
vn -0.9768 0.2140 -0.0012
vn 0.6976 0.6096 0.3765
vn 0.8126 0.2120 0.5429
vn 0.6151 0.6084 0.5015
vn -0.7913 0.6066 -0.0773
vn -0.9583 0.2140 -0.1894
vn 0.5029 0.6104 0.6120
vn 0.6916 0.2140 0.6899
vn -0.7602 0.6075 -0.2302
vn -0.9020 0.2140 -0.3749
vn 0.5417 0.2141 0.8129
vn -0.7014 0.6066 -0.3743
vn -0.8129 0.2140 -0.5417
vn 0.3700 0.6075 0.7029
vn 0.3740 0.2120 0.9029
vn 0.2346 0.6067 0.7596
vn -0.0781 0.6075 -0.7905
vn 0.0012 0.2140 -0.9768
vn 0.0793 0.6071 -0.7906
vn 0.1906 0.2121 -0.9585
vn -0.6142 0.6075 -0.5036
vn -0.6899 0.2140 -0.6916
vn 0.0815 0.6114 0.7871
vn 0.1917 0.2140 0.9578
vn 0.2339 0.6040 -0.7619
vn 0.3740 0.2120 -0.9029
vn 0.3716 0.6031 -0.7058
vn -0.5026 0.6075 -0.6151
vn -0.5429 0.2120 -0.8126
vn -0.3738 0.6084 -0.7001
vn -0.0795 0.6115 0.7873
vn -0.0000 0.2160 0.9764
vn 0.5417 0.2141 -0.8129
vn -0.3740 0.2122 -0.9028
vn -0.1905 0.2161 0.9576
vn 0.5037 0.6072 -0.6145
vn 0.6916 0.2140 -0.6899
vn -0.2330 0.6073 -0.7595
vn -0.1918 0.2140 -0.9578
vn -0.3747 0.6116 0.6968
vn -0.2279 0.6115 0.7577
vn -0.3737 0.2158 0.9021
vn 0.6183 0.6046 -0.5022
vn 0.8126 0.2120 -0.5429
vn 0.7032 0.6033 -0.3763
vn -0.5021 0.6108 0.6123
vn -0.5425 0.2160 0.8118
vn 0.9028 0.2122 -0.3740
vn -0.6108 0.6124 0.5018
vn -0.6904 0.2160 0.6904
vn 0.7633 0.6033 -0.2311
vn 0.9585 0.2120 -0.1907
vn 0.7915 0.6056 -0.0829
vn -0.8118 0.2161 0.5424
vn -0.0000 0.6667 0.7453
vn -0.1454 0.6667 0.7310
vn -0.2852 0.6667 0.6886
vn -0.4141 0.6667 0.6197
vn -0.5270 0.6667 0.5270
vn -0.6197 0.6667 0.4141
vn -0.6886 0.6667 0.2852
vn -0.7310 0.6667 0.1454
vn -0.7453 0.6667 -0.0000
vn -0.7310 0.6667 -0.1454
vn -0.6886 0.6667 -0.2852
vn -0.6197 0.6667 -0.4141
vn -0.5270 0.6667 -0.5270
vn -0.4141 0.6667 -0.6197
vn -0.2852 0.6667 -0.6886
vn -0.1454 0.6667 -0.7310
vn -0.0000 0.6667 -0.7453
vn 0.1454 0.6667 -0.7310
vn 0.2852 0.6667 -0.6886
vn 0.4141 0.6667 -0.6197
vn 0.5270 0.6667 -0.5270
vn 0.6197 0.6667 -0.4141
vn 0.6886 0.6667 -0.2852
vn 0.7310 0.6667 -0.1454
vn 0.7453 0.6667 -0.0000
vn 0.7310 0.6667 0.1454
vn 0.6886 0.6667 0.2852
vn 0.6197 0.6667 0.4141
vn 0.5270 0.6667 0.5270
vn 0.4141 0.6667 0.6197
vn 0.2852 0.6667 0.6886
vn 0.1454 0.6667 0.7310
vn -0.0000 -0.0543 0.9985
vn -0.1948 -0.0543 0.9793
vn -0.3821 -0.0543 0.9225
vn -0.5548 -0.0543 0.8302
vn -0.7061 -0.0543 0.7061
vn -0.8302 -0.0543 0.5548
vn -0.9225 -0.0543 0.3821
vn -0.9793 -0.0543 0.1948
vn -0.9985 -0.0543 -0.0000
vn -0.9793 -0.0543 -0.1948
vn -0.9225 -0.0543 -0.3821
vn -0.8302 -0.0543 -0.5548
vn -0.7061 -0.0543 -0.7061
vn -0.5548 -0.0543 -0.8302
vn -0.3821 -0.0543 -0.9225
vn -0.1948 -0.0543 -0.9793
vn -0.0000 -0.0543 -0.9985
vn 0.1948 -0.0543 -0.9793
vn 0.3821 -0.0543 -0.9225
vn 0.5548 -0.0543 -0.8302
vn 0.7061 -0.0543 -0.7061
vn 0.8302 -0.0543 -0.5548
vn 0.9225 -0.0543 -0.3821
vn 0.9793 -0.0543 -0.1948
vn 0.9985 -0.0543 -0.0000
vn 0.9793 -0.0543 0.1948
vn 0.9225 -0.0543 0.3821
vn 0.8302 -0.0543 0.5548
vn 0.7061 -0.0543 0.7061
vn 0.5548 -0.0543 0.8302
vn 0.3821 -0.0543 0.9225
vn 0.1948 -0.0543 0.9793
vn -0.0000 -0.1643 0.9864
vn -0.1924 -0.1643 0.9675
vn -0.3775 -0.1643 0.9113
vn -0.5480 -0.1643 0.8202
vn -0.6975 -0.1643 0.6975
vn -0.8202 -0.1643 0.5480
vn -0.9113 -0.1643 0.3775
vn -0.9675 -0.1643 0.1924
vn -0.9864 -0.1643 -0.0000
vn -0.9675 -0.1643 -0.1924
vn -0.9113 -0.1643 -0.3775
vn -0.8202 -0.1643 -0.5480
vn -0.6975 -0.1643 -0.6975
vn -0.5480 -0.1643 -0.8202
vn -0.3775 -0.1643 -0.9113
vn -0.1924 -0.1643 -0.9675
vn -0.0000 -0.1643 -0.9864
vn 0.1924 -0.1643 -0.9675
vn 0.3775 -0.1643 -0.9113
vn 0.5480 -0.1643 -0.8202
vn 0.6975 -0.1643 -0.6975
vn 0.8202 -0.1643 -0.5480
vn 0.9113 -0.1643 -0.3775
vn 0.9675 -0.1643 -0.1924
vn 0.9864 -0.1643 -0.0000
vn 0.9675 -0.1643 0.1924
vn 0.9113 -0.1643 0.3775
vn 0.8202 -0.1643 0.5480
vn 0.6975 -0.1643 0.6975
vn 0.5480 -0.1643 0.8202
vn 0.3775 -0.1643 0.9113
vn 0.1924 -0.1643 0.9675
vn 0.0020 -0.2230 -0.9748
vn 0.0729 -0.7192 -0.6910
vn 0.1904 -0.2245 -0.9557
vn 0.2056 -0.7192 -0.6636
vn 0.3730 -0.2232 -0.9006
vn 0.3260 -0.7191 -0.6137
vn 0.5412 -0.2262 -0.8099
vn 0.4424 -0.7188 -0.5362
vn 0.6893 -0.2231 -0.6893
vn 0.5348 -0.7190 -0.4438
vn 0.8101 -0.2245 -0.5416
vn 0.6110 -0.7191 -0.3311
vn 0.8999 -0.2262 -0.3728
vn 0.6655 -0.7191 -0.2002
vn 0.9561 -0.2232 -0.1902
vn 0.6917 -0.7188 -0.0700
vn 0.9741 -0.2262 -0.0000
vn 0.6912 -0.7191 0.0723
vn 0.9557 -0.2245 0.1904
vn 0.6634 -0.7190 0.2071
vn 0.9002 -0.2245 0.3732
vn 0.6099 -0.7190 0.3332
vn 0.8101 -0.2245 0.5416
vn 0.5333 -0.7193 0.4452
vn 0.6889 -0.2245 0.6892
vn 0.4365 -0.7188 0.5411
vn 0.5412 -0.2245 0.8104
vn 0.3220 -0.7190 0.6159
vn 0.3727 -0.2245 0.9004
vn 0.1964 -0.7190 0.6667
vn 0.1899 -0.2245 0.9558
vn 0.0618 -0.7190 0.6922
vn -0.0003 -0.2245 0.9745
vn -0.0707 -0.7202 0.6902
vn -0.1883 -0.2198 0.9572
vn -0.3749 -0.2230 0.8999
vn -0.3319 -0.7193 0.6103
vn -0.5416 -0.2245 0.8101
vn -0.4452 -0.7190 0.5337
vn -0.6892 -0.2245 0.6889
vn -0.5397 -0.7193 0.4374
vn -0.8105 -0.2232 0.5416
vn -0.6117 -0.7191 0.3297
vn -0.8999 -0.2262 0.3728
vn -0.6658 -0.7189 0.1998
vn -0.9561 -0.2232 0.1902
vn -0.6910 -0.7192 0.0722
vn -0.9745 -0.2245 0.0003
vn -0.6922 -0.7190 -0.0620
vn -0.9558 -0.2245 -0.1899
vn -0.6668 -0.7190 -0.1959
vn -0.9004 -0.2245 -0.3727
vn -0.6154 -0.7193 -0.3223
vn -0.8104 -0.2245 -0.5412
vn -0.5412 -0.7190 -0.4359
vn -0.6892 -0.2245 -0.6889
vn -0.4456 -0.7188 -0.5337
vn -0.5416 -0.2245 -0.8101
vn -0.3326 -0.7193 -0.6099
vn -0.3732 -0.2245 -0.9002
vn -0.2081 -0.7198 -0.6623
vn -0.1925 -0.2210 -0.9561
vn 0.0278 -0.9589 -0.2825
vn 0.0835 -0.9593 -0.2697
vn 0.1356 -0.9590 -0.2488
vn 0.1800 -0.9591 -0.2187
vn 0.2173 -0.9595 -0.1793
vn 0.2490 -0.9591 -0.1347
vn 0.2706 -0.9592 -0.0817
vn 0.2812 -0.9592 -0.0285
vn 0.2826 -0.9589 0.0266
vn 0.2696 -0.9594 0.0831
vn 0.2491 -0.9594 0.1326
vn 0.2176 -0.9592 0.1807
vn 0.1781 -0.9592 0.2197
vn 0.1334 -0.9592 0.2494
vn 0.0809 -0.9592 0.2710
vn 0.0278 -0.9592 0.2814
vn -0.0298 -0.9589 0.2822
vn -0.2020 -0.7096 0.6750
vn -0.0852 -0.9585 0.2723
vn -0.1316 -0.9587 0.2520
vn -0.1805 -0.9591 0.2181
vn -0.2174 -0.9595 0.1793
vn -0.2499 -0.9592 0.1325
vn -0.2706 -0.9590 0.0840
vn -0.2808 -0.9593 0.0292
vn -0.2816 -0.9592 -0.0256
vn -0.2712 -0.9592 -0.0800
vn -0.2502 -0.9592 -0.1319
vn -0.2186 -0.9592 -0.1795
vn -0.1807 -0.9592 -0.2175
vn -0.1348 -0.9592 -0.2486
vn -0.0806 -0.9588 -0.2724
vn -0.0734 -0.7097 -0.7006
vn -0.0260 -0.9584 -0.2842
vn 0.0129 -0.9936 -0.1120
vn -0.0000 -0.9992 -0.0393
vn -0.0128 -0.9936 -0.1120
vn 0.0353 -0.9936 -0.1072
vn 0.0076 -0.9992 -0.0383
vn 0.0549 -0.9936 -0.0988
vn 0.0150 -0.9992 -0.0361
vn 0.0216 -0.9992 -0.0324
vn 0.0703 -0.9936 -0.0884
vn 0.0276 -0.9992 -0.0277
vn 0.0859 -0.9936 -0.0728
vn 0.1003 -0.9936 -0.0524
vn 0.0327 -0.9992 -0.0219
vn 0.0360 -0.9992 -0.0149
vn 0.1078 -0.9936 -0.0339
vn 0.1124 -0.9936 -0.0101
vn 0.0386 -0.9992 -0.0077
vn 0.0389 -0.9992 -0.0000
vn 0.1128 -0.9936 0.0094
vn 0.0383 -0.9992 0.0076
vn 0.1085 -0.9936 0.0308
vn 0.0985 -0.9936 0.0550
vn 0.0363 -0.9992 0.0151
vn 0.0858 -0.9936 0.0737
vn 0.0325 -0.9992 0.0217
vn 0.0695 -0.9936 0.0888
vn 0.0276 -0.9992 0.0277
vn 0.0507 -0.9936 0.1009
vn 0.0217 -0.9992 0.0325
vn 0.0305 -0.9936 0.1087
vn 0.0149 -0.9992 0.0361
vn 0.0083 -0.9936 0.1127
vn 0.0076 -0.9992 0.0383
vn -0.0128 -0.9936 0.1125
vn -0.0000 -0.9992 0.0391
vn -0.0076 -0.9992 0.0382
vn -0.0318 -0.9936 0.1083
vn -0.0543 -0.9936 0.0991
vn -0.0151 -0.9992 0.0363
vn -0.0216 -0.9992 0.0324
vn -0.0703 -0.9936 0.0887
vn -0.0276 -0.9992 0.0277
vn -0.0861 -0.9936 0.0728
vn -0.0999 -0.9936 0.0526
vn -0.0327 -0.9992 0.0219
vn -0.0360 -0.9992 0.0149
vn -0.1076 -0.9936 0.0343
vn -0.0383 -0.9992 0.0076
vn -0.1121 -0.9936 0.0137
vn -0.0391 -0.9992 -0.0000
vn -0.1126 -0.9936 -0.0084
vn -0.0383 -0.9992 -0.0076
vn -0.1088 -0.9936 -0.0302
vn -0.0361 -0.9992 -0.0149
vn -0.1009 -0.9936 -0.0510
vn -0.0325 -0.9992 -0.0217
vn -0.0891 -0.9936 -0.0695
vn -0.0277 -0.9992 -0.0276
vn -0.0735 -0.9936 -0.0855
vn -0.0217 -0.9992 -0.0325
vn -0.0555 -0.9936 -0.0985
vn -0.0150 -0.9992 -0.0361
vn -0.0354 -0.9936 -0.1074
vn -0.0076 -0.9992 -0.0383
vn -0.0000 -0.5439 0.8392
vn -0.1637 -0.5439 0.8230
vn -0.3211 -0.5439 0.7753
vn -0.4662 -0.5439 0.6977
vn -0.5934 -0.5439 0.5934
vn -0.6977 -0.5439 0.4662
vn -0.7753 -0.5439 0.3211
vn -0.8230 -0.5439 0.1637
vn -0.8392 -0.5439 -0.0000
vn -0.8230 -0.5439 -0.1637
vn -0.7753 -0.5439 -0.3211
vn -0.6977 -0.5439 -0.4662
vn -0.5934 -0.5439 -0.5934
vn -0.4662 -0.5439 -0.6977
vn -0.3211 -0.5439 -0.7753
vn -0.1637 -0.5439 -0.8230
vn -0.0000 -0.5439 -0.8392
vn 0.1637 -0.5439 -0.8230
vn 0.3211 -0.5439 -0.7753
vn 0.4662 -0.5439 -0.6977
vn 0.5934 -0.5439 -0.5934
vn 0.6977 -0.5439 -0.4662
vn 0.7753 -0.5439 -0.3211
vn 0.8230 -0.5439 -0.1637
vn 0.8392 -0.5439 -0.0000
vn 0.8230 -0.5439 0.1637
vn 0.7753 -0.5439 0.3211
vn 0.6977 -0.5439 0.4662
vn 0.5934 -0.5439 0.5934
vn 0.4662 -0.5439 0.6977
vn 0.3211 -0.5439 0.7753
vn 0.1637 -0.5439 0.8230
vn -0.0000 -0.8203 0.5719
vn -0.1116 -0.8203 0.5609
vn -0.2188 -0.8203 0.5283
vn -0.3177 -0.8203 0.4755
vn -0.4044 -0.8203 0.4044
vn -0.4755 -0.8203 0.3177
vn -0.5283 -0.8203 0.2188
vn -0.5609 -0.8203 0.1116
vn -0.5719 -0.8203 -0.0000
vn -0.5609 -0.8203 -0.1116
vn -0.5283 -0.8203 -0.2188
vn -0.4755 -0.8203 -0.3177
vn -0.4044 -0.8203 -0.4044
vn -0.3177 -0.8203 -0.4755
vn -0.2188 -0.8203 -0.5283
vn -0.1116 -0.8203 -0.5609
vn -0.0000 -0.8203 -0.5719
vn 0.1116 -0.8203 -0.5609
vn 0.2188 -0.8203 -0.5283
vn 0.3177 -0.8203 -0.4755
vn 0.4044 -0.8203 -0.4044
vn 0.4755 -0.8203 -0.3177
vn 0.5283 -0.8203 -0.2188
vn 0.5609 -0.8203 -0.1116
vn 0.5719 -0.8203 -0.0000
vn 0.5609 -0.8203 0.1116
vn 0.5283 -0.8203 0.2188
vn 0.4755 -0.8203 0.3177
vn 0.4044 -0.8203 0.4044
vn 0.3177 -0.8203 0.4755
vn 0.2188 -0.8203 0.5283
vn 0.1116 -0.8203 0.5609
vn -0.0000 -0.9205 0.3907
vn -0.0762 -0.9205 0.3832
vn -0.1495 -0.9205 0.3610
vn -0.2171 -0.9205 0.3249
vn -0.2763 -0.9205 0.2763
vn -0.3249 -0.9205 0.2171
vn -0.3610 -0.9205 0.1495
vn -0.3832 -0.9205 0.0762
vn -0.3907 -0.9205 -0.0000
vn -0.3832 -0.9205 -0.0762
vn -0.3610 -0.9205 -0.1495
vn -0.3249 -0.9205 -0.2171
vn -0.2763 -0.9205 -0.2763
vn -0.2171 -0.9205 -0.3249
vn -0.1495 -0.9205 -0.3610
vn -0.0762 -0.9205 -0.3832
vn -0.0000 -0.9205 -0.3907
vn 0.0762 -0.9205 -0.3832
vn 0.1495 -0.9205 -0.3610
vn 0.2171 -0.9205 -0.3249
vn 0.2763 -0.9205 -0.2763
vn 0.3249 -0.9205 -0.2171
vn 0.3610 -0.9205 -0.1495
vn 0.3832 -0.9205 -0.0762
vn 0.3907 -0.9205 -0.0000
vn 0.3832 -0.9205 0.0762
vn 0.3610 -0.9205 0.1495
vn 0.3249 -0.9205 0.2171
vn 0.2763 -0.9205 0.2763
vn 0.2171 -0.9205 0.3249
vn 0.1495 -0.9205 0.3610
vn 0.0762 -0.9205 0.3832
vn -0.0000 -0.8288 0.5595
vn -0.1092 -0.8288 0.5488
vn -0.2141 -0.8288 0.5169
vn -0.3108 -0.8288 0.4652
vn -0.3956 -0.8288 0.3956
vn -0.4652 -0.8288 0.3108
vn -0.5169 -0.8288 0.2141
vn -0.5488 -0.8288 0.1092
vn -0.5595 -0.8288 -0.0000
vn -0.5488 -0.8288 -0.1092
vn -0.5169 -0.8288 -0.2141
vn -0.4652 -0.8288 -0.3108
vn -0.3956 -0.8288 -0.3956
vn -0.3108 -0.8288 -0.4652
vn -0.2141 -0.8288 -0.5169
vn -0.1092 -0.8288 -0.5488
vn -0.0000 -0.8288 -0.5595
vn 0.1092 -0.8288 -0.5488
vn 0.2141 -0.8288 -0.5169
vn 0.3108 -0.8288 -0.4652
vn 0.3956 -0.8288 -0.3956
vn 0.4652 -0.8288 -0.3108
vn 0.5169 -0.8288 -0.2141
vn 0.5488 -0.8288 -0.1092
vn 0.5595 -0.8288 -0.0000
vn 0.5488 -0.8288 0.1092
vn 0.5169 -0.8288 0.2141
vn 0.4652 -0.8288 0.3108
vn 0.3956 -0.8288 0.3956
vn 0.3108 -0.8288 0.4652
vn 0.2141 -0.8288 0.5169
vn 0.1092 -0.8288 0.5488
vn -0.0000 -0.5521 0.8338
vn -0.1627 -0.5521 0.8177
vn -0.3191 -0.5521 0.7703
vn -0.4632 -0.5521 0.6932
vn -0.5896 -0.5521 0.5896
vn -0.6932 -0.5521 0.4632
vn -0.7703 -0.5521 0.3191
vn -0.8177 -0.5521 0.1627
vn -0.8338 -0.5521 -0.0000
vn -0.8177 -0.5521 -0.1627
vn -0.7703 -0.5521 -0.3191
vn -0.6932 -0.5521 -0.4632
vn -0.5896 -0.5521 -0.5896
vn -0.4632 -0.5521 -0.6932
vn -0.3191 -0.5521 -0.7703
vn -0.1627 -0.5521 -0.8177
vn -0.0000 -0.5521 -0.8338
vn 0.1627 -0.5521 -0.8177
vn 0.3191 -0.5521 -0.7703
vn 0.4632 -0.5521 -0.6932
vn 0.5896 -0.5521 -0.5896
vn 0.6932 -0.5521 -0.4632
vn 0.7703 -0.5521 -0.3191
vn 0.8177 -0.5521 -0.1627
vn 0.8338 -0.5521 -0.0000
vn 0.8177 -0.5521 0.1627
vn 0.7703 -0.5521 0.3191
vn 0.6932 -0.5521 0.4632
vn 0.5896 -0.5521 0.5896
vn 0.4632 -0.5521 0.6932
vn 0.3191 -0.5521 0.7703
vn 0.1627 -0.5521 0.8177
vn -0.0000 -0.3445 0.9388
vn -0.1832 -0.3445 0.9208
vn -0.3593 -0.3445 0.8673
vn -0.5216 -0.3445 0.7806
vn -0.6638 -0.3445 0.6638
vn -0.7806 -0.3445 0.5216
vn -0.8673 -0.3445 0.3593
vn -0.9208 -0.3445 0.1832
vn -0.9388 -0.3445 -0.0000
vn -0.9208 -0.3445 -0.1832
vn -0.8673 -0.3445 -0.3593
vn -0.7806 -0.3445 -0.5216
vn -0.6638 -0.3445 -0.6638
vn -0.5216 -0.3445 -0.7806
vn -0.3593 -0.3445 -0.8673
vn -0.1832 -0.3445 -0.9208
vn -0.0000 -0.3445 -0.9388
vn 0.1832 -0.3445 -0.9208
vn 0.3593 -0.3445 -0.8673
vn 0.5216 -0.3445 -0.7806
vn 0.6638 -0.3445 -0.6638
vn 0.7806 -0.3445 -0.5216
vn 0.8673 -0.3445 -0.3593
vn 0.9208 -0.3445 -0.1832
vn 0.9388 -0.3445 -0.0000
vn 0.9208 -0.3445 0.1832
vn 0.8673 -0.3445 0.3593
vn 0.7806 -0.3445 0.5216
vn 0.6638 -0.3445 0.6638
vn 0.5216 -0.3445 0.7806
vn 0.3593 -0.3445 0.8673
vn 0.1832 -0.3445 0.9208
vn -0.0000 -0.1359 0.9907
vn -0.1933 -0.1359 0.9717
vn -0.3791 -0.1359 0.9153
vn -0.5504 -0.1359 0.8238
vn -0.7005 -0.1359 0.7005
vn -0.8238 -0.1359 0.5504
vn -0.9153 -0.1359 0.3791
vn -0.9717 -0.1359 0.1933
vn -0.9907 -0.1359 -0.0000
vn -0.9717 -0.1359 -0.1933
vn -0.9153 -0.1359 -0.3791
vn -0.8238 -0.1359 -0.5504
vn -0.7005 -0.1359 -0.7005
vn -0.5504 -0.1359 -0.8238
vn -0.3791 -0.1359 -0.9153
vn -0.1933 -0.1359 -0.9717
vn -0.0000 -0.1359 -0.9907
vn 0.1933 -0.1359 -0.9717
vn 0.3791 -0.1359 -0.9153
vn 0.5504 -0.1359 -0.8238
vn 0.7005 -0.1359 -0.7005
vn 0.8238 -0.1359 -0.5504
vn 0.9153 -0.1359 -0.3791
vn 0.9717 -0.1359 -0.1933
vn 0.9907 -0.1359 -0.0000
vn 0.9717 -0.1359 0.1933
vn 0.9153 -0.1359 0.3791
vn 0.8238 -0.1359 0.5504
vn 0.7005 -0.1359 0.7005
vn 0.5504 -0.1359 0.8238
vn 0.3791 -0.1359 0.9153
vn 0.1933 -0.1359 0.9717
vn -0.0000 0.3066 0.9518
vn -0.1857 0.3066 0.9335
vn -0.3643 0.3066 0.8794
vn -0.5288 0.3066 0.7914
vn -0.6730 0.3066 0.6730
vn -0.7914 0.3066 0.5288
vn -0.8794 0.3066 0.3643
vn -0.9335 0.3066 0.1857
vn -0.9518 0.3066 -0.0000
vn -0.9335 0.3066 -0.1857
vn -0.8794 0.3066 -0.3643
vn -0.7914 0.3066 -0.5288
vn -0.6730 0.3066 -0.6730
vn -0.5288 0.3066 -0.7914
vn -0.3643 0.3066 -0.8794
vn -0.1857 0.3066 -0.9335
vn -0.0000 0.3066 -0.9518
vn 0.1857 0.3066 -0.9335
vn 0.3643 0.3066 -0.8794
vn 0.5288 0.3066 -0.7914
vn 0.6730 0.3066 -0.6730
vn 0.7914 0.3066 -0.5288
vn 0.8794 0.3066 -0.3643
vn 0.9335 0.3066 -0.1857
vn 0.9518 0.3066 -0.0000
vn 0.9335 0.3066 0.1857
vn 0.8794 0.3066 0.3643
vn 0.7914 0.3066 0.5288
vn 0.6730 0.3066 0.6730
vn 0.5288 0.3066 0.7914
vn 0.3643 0.3066 0.8794
vn 0.1857 0.3066 0.9335
vn -0.0000 0.8811 0.4728
vn -0.0922 0.8811 0.4638
vn -0.1809 0.8811 0.4368
vn -0.2627 0.8811 0.3932
vn -0.3343 0.8811 0.3343
vn -0.3932 0.8811 0.2627
vn -0.4368 0.8811 0.1809
vn -0.4638 0.8811 0.0922
vn -0.4728 0.8811 -0.0000
vn -0.4638 0.8811 -0.0922
vn -0.4368 0.8811 -0.1809
vn -0.3932 0.8811 -0.2627
vn -0.3343 0.8811 -0.3343
vn -0.2627 0.8811 -0.3932
vn -0.1809 0.8811 -0.4368
vn -0.0922 0.8811 -0.4638
vn -0.0000 0.8811 -0.4728
vn 0.0922 0.8811 -0.4638
vn 0.1809 0.8811 -0.4368
vn 0.2627 0.8811 -0.3932
vn 0.3343 0.8811 -0.3343
vn 0.3932 0.8811 -0.2627
vn 0.4368 0.8811 -0.1809
vn 0.4638 0.8811 -0.0922
vn 0.4728 0.8811 -0.0000
vn 0.4638 0.8811 0.0922
vn 0.4368 0.8811 0.1809
vn 0.3932 0.8811 0.2627
vn 0.3343 0.8811 0.3343
vn 0.2627 0.8811 0.3932
vn 0.1809 0.8811 0.4368
vn 0.0922 0.8811 0.4638
vn -0.0000 0.0004 1.0000
vn -0.1951 0.0004 0.9808
vn -0.3827 0.0004 0.9239
vn -0.5556 0.0004 0.8315
vn -0.7071 0.0004 0.7071
vn -0.8315 0.0004 0.5556
vn -0.9239 0.0004 0.3827
vn -0.9808 0.0004 0.1951
vn -1.0000 0.0004 -0.0000
vn -0.9808 0.0004 -0.1951
vn -0.9239 0.0004 -0.3827
vn -0.8315 0.0004 -0.5556
vn -0.7071 0.0004 -0.7071
vn -0.5556 0.0004 -0.8315
vn -0.3827 0.0004 -0.9239
vn -0.1951 0.0004 -0.9808
vn -0.0000 0.0004 -1.0000
vn 0.1951 0.0004 -0.9808
vn 0.3827 0.0004 -0.9239
vn 0.5556 0.0004 -0.8315
vn 0.7071 0.0004 -0.7071
vn 0.8315 0.0004 -0.5556
vn 0.9239 0.0004 -0.3827
vn 0.9808 0.0004 -0.1951
vn 1.0000 0.0004 -0.0000
vn 0.9808 0.0004 0.1951
vn 0.9239 0.0004 0.3827
vn 0.8315 0.0004 0.5556
vn 0.7071 0.0004 0.7071
vn 0.5556 0.0004 0.8315
vn 0.3827 0.0004 0.9239
vn 0.1951 0.0004 0.9808
vn -0.5825 -0.5668 -0.5825
vn -0.4577 -0.5668 0.6850
vn 0.1607 -0.5668 0.8080
vn 0.6850 -0.5668 0.4577
vn -0.3153 -0.5668 0.7611
vn -0.0000 -0.0165 0.9999
vn -0.0000 -0.5665 0.8241
vn -0.0000 -0.1565 0.9877
vn -0.0000 -0.3583 0.9336
vn -0.1607 -0.5665 0.8082
vn -0.1951 -0.0165 0.9807
vn -0.1822 -0.3583 0.9157
vn -0.1927 -0.1565 0.9687
vn -0.3826 -0.0165 0.9238
vn -0.3573 -0.3583 0.8625
vn -0.3780 -0.1565 0.9125
vn -0.5555 -0.0165 0.8314
vn -0.5187 -0.3583 0.7763
vn -0.5487 -0.1565 0.8212
vn -0.5827 -0.5665 0.5827
vn -0.7070 -0.0165 0.7070
vn -0.6601 -0.3583 0.6602
vn -0.6984 -0.1565 0.6984
vn -0.6852 -0.5665 0.4578
vn -0.8314 -0.0165 0.5555
vn -0.7763 -0.3582 0.5187
vn -0.8212 -0.1565 0.5487
vn -0.7613 -0.5665 0.3153
vn -0.9238 -0.0165 0.3826
vn -0.8626 -0.3582 0.3573
vn -0.9125 -0.1565 0.3780
vn -0.8082 -0.5665 0.1608
vn -0.9807 -0.0165 0.1951
vn -0.9157 -0.3582 0.1821
vn -0.9687 -0.1565 0.1927
vn -0.8240 -0.5665 -0.0000
vn -0.9999 -0.0165 -0.0000
vn -0.9336 -0.3582 -0.0000
vn -0.9877 -0.1565 -0.0000
vn -0.8082 -0.5665 -0.1608
vn -0.9807 -0.0165 -0.1951
vn -0.9157 -0.3582 -0.1821
vn -0.9687 -0.1565 -0.1927
vn -0.7613 -0.5665 -0.3153
vn -0.9238 -0.0165 -0.3826
vn -0.8626 -0.3582 -0.3573
vn -0.9125 -0.1565 -0.3780
vn -0.6852 -0.5665 -0.4578
vn -0.8314 -0.0165 -0.5555
vn -0.7763 -0.3583 -0.5187
vn -0.8212 -0.1565 -0.5487
vn -0.7070 -0.0165 -0.7070
vn -0.6602 -0.3583 -0.6602
vn -0.6984 -0.1565 -0.6984
vn -0.4578 -0.5665 -0.6852
vn -0.5555 -0.0165 -0.8314
vn -0.5187 -0.3583 -0.7763
vn -0.5487 -0.1565 -0.8212
vn -0.3153 -0.5665 -0.7613
vn -0.3826 -0.0165 -0.9238
vn -0.3573 -0.3582 -0.8626
vn -0.3780 -0.1565 -0.9125
vn -0.1608 -0.5665 -0.8082
vn -0.1951 -0.0165 -0.9807
vn -0.1821 -0.3582 -0.9157
vn -0.1927 -0.1565 -0.9687
vn -0.0000 -0.5665 -0.8240
vn -0.0000 -0.0165 -0.9999
vn -0.0000 -0.3582 -0.9336
vn -0.0000 -0.1565 -0.9877
vn 0.1608 -0.5665 -0.8082
vn 0.1951 -0.0165 -0.9807
vn 0.1821 -0.3582 -0.9157
vn 0.1927 -0.1565 -0.9687
vn 0.3153 -0.5665 -0.7613
vn 0.3826 -0.0165 -0.9238
vn 0.3573 -0.3582 -0.8626
vn 0.3780 -0.1565 -0.9125
vn 0.4578 -0.5665 -0.6852
vn 0.5555 -0.0165 -0.8314
vn 0.5187 -0.3582 -0.7763
vn 0.5487 -0.1565 -0.8212
vn 0.5827 -0.5665 -0.5827
vn 0.7070 -0.0165 -0.7070
vn 0.6602 -0.3582 -0.6602
vn 0.6984 -0.1565 -0.6984
vn 0.6852 -0.5665 -0.4578
vn 0.8314 -0.0165 -0.5555
vn 0.7763 -0.3582 -0.5187
vn 0.8212 -0.1565 -0.5487
vn 0.7613 -0.5665 -0.3153
vn 0.9238 -0.0165 -0.3826
vn 0.8626 -0.3582 -0.3573
vn 0.9125 -0.1565 -0.3780
vn 0.8082 -0.5665 -0.1608
vn 0.9807 -0.0165 -0.1951
vn 0.9157 -0.3582 -0.1821
vn 0.9687 -0.1565 -0.1927
vn 0.8240 -0.5665 -0.0000
vn 0.9999 -0.0165 -0.0000
vn 0.9336 -0.3582 -0.0000
vn 0.9877 -0.1565 -0.0000
vn 0.8082 -0.5665 0.1608
vn 0.9807 -0.0165 0.1951
vn 0.9157 -0.3582 0.1821
vn 0.9687 -0.1565 0.1927
vn 0.7613 -0.5665 0.3153
vn 0.9238 -0.0165 0.3826
vn 0.8625 -0.3583 0.3573
vn 0.9125 -0.1565 0.3780
vn 0.8314 -0.0165 0.5555
vn 0.7763 -0.3583 0.5187
vn 0.8212 -0.1565 0.5487
vn 0.5827 -0.5665 0.5827
vn 0.7070 -0.0165 0.7070
vn 0.6602 -0.3583 0.6601
vn 0.6984 -0.1565 0.6984
vn 0.4578 -0.5665 0.6852
vn 0.5555 -0.0165 0.8314
vn 0.5187 -0.3582 0.7763
vn 0.5487 -0.1565 0.8212
vn 0.3154 -0.5665 0.7613
vn 0.3826 -0.0165 0.9238
vn 0.3573 -0.3583 0.8626
vn 0.3780 -0.1565 0.9125
vn 0.1951 -0.0165 0.9807
vn 0.1821 -0.3583 0.9157
vn 0.1927 -0.1565 0.9687
vn -0.0001 -0.7883 0.6152
vn -0.1200 -0.7883 0.6034
vn -0.2354 -0.7884 0.5684
vn -0.3418 -0.7884 0.5114
vn -0.4351 -0.7883 0.4350
vn -0.5116 -0.7883 0.3418
vn -0.5684 -0.7883 0.2355
vn -0.6035 -0.7883 0.1200
vn -0.6153 -0.7883 -0.0000
vn -0.6035 -0.7883 -0.1200
vn -0.5684 -0.7883 -0.2355
vn -0.5116 -0.7883 -0.3418
vn -0.4350 -0.7884 -0.4350
vn -0.3418 -0.7883 -0.5116
vn -0.2355 -0.7883 -0.5684
vn -0.1200 -0.7883 -0.6035
vn -0.0000 -0.7883 -0.6153
vn 0.1200 -0.7883 -0.6035
vn 0.2355 -0.7883 -0.5685
vn 0.3418 -0.7883 -0.5116
vn 0.4351 -0.7883 -0.4351
vn 0.5116 -0.7883 -0.3418
vn 0.5684 -0.7883 -0.2355
vn 0.6035 -0.7883 -0.1200
vn 0.6153 -0.7883 -0.0000
vn 0.6035 -0.7883 0.1200
vn 0.5684 -0.7883 0.2354
vn 0.5115 -0.7884 0.3418
vn 0.4350 -0.7883 0.4351
vn 0.3418 -0.7883 0.5116
vn 0.2355 -0.7883 0.5684
vn 0.1200 -0.7884 0.6034
vn -0.0000 -0.0683 0.9977
vn -0.1946 -0.0683 0.9785
vn -0.3818 -0.0683 0.9217
vn -0.5543 -0.0683 0.8295
vn -0.7054 -0.0683 0.7055
vn -0.8295 -0.0683 0.5543
vn -0.9217 -0.0683 0.3818
vn -0.9785 -0.0683 0.1946
vn -0.9977 -0.0683 -0.0000
vn -0.9785 -0.0683 -0.1946
vn -0.9217 -0.0683 -0.3817
vn -0.8295 -0.0683 -0.5543
vn -0.7054 -0.0683 -0.7055
vn -0.5543 -0.0683 -0.8295
vn -0.3818 -0.0683 -0.9217
vn -0.1946 -0.0683 -0.9785
vn -0.0000 -0.0683 -0.9977
vn 0.1946 -0.0683 -0.9785
vn 0.3818 -0.0683 -0.9217
vn 0.5543 -0.0683 -0.8295
vn 0.7055 -0.0683 -0.7055
vn 0.8295 -0.0683 -0.5543
vn 0.9217 -0.0683 -0.3818
vn 0.9785 -0.0683 -0.1946
vn 0.9977 -0.0683 -0.0000
vn 0.9785 -0.0683 0.1946
vn 0.9217 -0.0683 0.3818
vn 0.8295 -0.0683 0.5543
vn 0.7055 -0.0683 0.7054
vn 0.5543 -0.0683 0.8295
vn 0.3818 -0.0683 0.9217
vn 0.1946 -0.0683 0.9785
vn -0.0000 0.3178 0.9482
vn -0.1850 0.3178 0.9300
vn -0.3628 0.3178 0.8760
vn -0.5268 0.3178 0.7884
vn -0.6705 0.3178 0.6705
vn -0.7884 0.3178 0.5268
vn -0.8760 0.3178 0.3628
vn -0.9300 0.3178 0.1850
vn -0.9482 0.3178 -0.0000
vn -0.9300 0.3178 -0.1850
vn -0.8760 0.3178 -0.3629
vn -0.7884 0.3178 -0.5268
vn -0.6705 0.3178 -0.6705
vn -0.5268 0.3178 -0.7884
vn -0.3629 0.3178 -0.8760
vn -0.1850 0.3178 -0.9300
vn -0.0000 0.3178 -0.9482
vn 0.1850 0.3178 -0.9300
vn 0.3628 0.3178 -0.8760
vn 0.5268 0.3178 -0.7884
vn 0.6705 0.3178 -0.6705
vn 0.7884 0.3178 -0.5268
vn 0.8760 0.3178 -0.3628
vn 0.9300 0.3178 -0.1850
vn 0.9482 0.3178 -0.0000
vn 0.9300 0.3178 0.1850
vn 0.8760 0.3178 0.3628
vn 0.7884 0.3178 0.5268
vn 0.6705 0.3178 0.6705
vn 0.5268 0.3178 0.7884
vn 0.3629 0.3178 0.8760
vn 0.1850 0.3178 0.9300
vn -0.0000 0.3304 0.9438
vn -0.1841 0.3304 0.9257
vn -0.3612 0.3304 0.8720
vn -0.5244 0.3304 0.7848
vn -0.6674 0.3304 0.6674
vn -0.7848 0.3304 0.5244
vn -0.8720 0.3304 0.3612
vn -0.9257 0.3304 0.1841
vn -0.9438 0.3304 -0.0000
vn -0.9257 0.3304 -0.1841
vn -0.8720 0.3304 -0.3612
vn -0.7848 0.3304 -0.5244
vn -0.6674 0.3304 -0.6674
vn -0.5244 0.3304 -0.7848
vn -0.3612 0.3304 -0.8720
vn -0.1841 0.3304 -0.9257
vn -0.0000 0.3304 -0.9438
vn 0.1841 0.3304 -0.9257
vn 0.3612 0.3304 -0.8720
vn 0.5244 0.3304 -0.7848
vn 0.6674 0.3304 -0.6674
vn 0.7848 0.3304 -0.5244
vn 0.8720 0.3304 -0.3612
vn 0.9257 0.3304 -0.1841
vn 0.9438 0.3304 -0.0000
vn 0.9257 0.3304 0.1841
vn 0.8720 0.3304 0.3612
vn 0.7848 0.3304 0.5244
vn 0.6674 0.3304 0.6674
vn 0.5244 0.3304 0.7848
vn 0.3612 0.3304 0.8720
vn 0.1841 0.3304 0.9257
vn -0.0000 -0.9986 0.0535
vn -0.1948 0.0540 0.9794
vn -0.1259 -0.9444 0.3038
vn -0.0297 -0.9986 0.0445
vn -0.0378 -0.9986 0.0378
vn -0.0445 -0.9986 0.0297
vn -0.0494 -0.9986 0.0205
vn -0.0509 -0.9987 0.0101
vn -0.0535 -0.9986 -0.0000
vn -0.0986 -0.9949 -0.0196
vn -0.9225 0.0540 -0.3821
vn -0.8303 0.0539 -0.5548
vn -0.0484 -0.9977 -0.0484
vn -0.0352 -0.9980 -0.0527
vn -0.3821 0.0542 -0.9225
vn -0.1948 0.0540 -0.9794
vn -0.0000 -0.9986 -0.0535
vn 0.0108 -0.9985 -0.0541
vn 0.1259 -0.9444 -0.3038
vn 0.0297 -0.9986 -0.0445
vn 0.0378 -0.9986 -0.0378
vn 0.0836 -0.9949 -0.0559
vn 0.9225 0.0540 -0.3821
vn 0.0986 -0.9949 -0.0196
vn 0.0535 -0.9986 -0.0000
vn 0.0986 -0.9949 0.0196
vn 0.8160 -0.4690 0.3380
vn 0.8303 0.0539 0.5548
vn 0.7061 0.0540 0.7061
vn 0.1334 -0.9707 0.1997
vn 0.0193 -0.9987 0.0465
vn 0.0098 -0.9987 0.0494
vn -0.0000 -0.6793 0.7338
vn -0.1432 -0.6793 0.7197
vn -0.2808 -0.6793 0.6780
vn -0.4077 -0.6793 0.6101
vn -0.5189 -0.6793 0.5189
vn -0.6101 -0.6793 0.4077
vn -0.6780 -0.6793 0.2808
vn -0.7197 -0.6793 0.1432
vn -0.7338 -0.6793 -0.0000
vn -0.7197 -0.6793 -0.1432
vn -0.6780 -0.6793 -0.2808
vn -0.6101 -0.6793 -0.4077
vn -0.5189 -0.6793 -0.5189
vn -0.4077 -0.6793 -0.6101
vn -0.2808 -0.6793 -0.6780
vn -0.1432 -0.6793 -0.7197
vn -0.0000 -0.6793 -0.7338
vn 0.1432 -0.6793 -0.7197
vn 0.2808 -0.6793 -0.6780
vn 0.4077 -0.6793 -0.6101
vn 0.5189 -0.6793 -0.5189
vn 0.6101 -0.6793 -0.4077
vn 0.6780 -0.6793 -0.2808
vn 0.7197 -0.6793 -0.1432
vn 0.7338 -0.6793 -0.0000
vn 0.7197 -0.6793 0.1432
vn 0.6780 -0.6793 0.2808
vn 0.6101 -0.6793 0.4077
vn 0.5189 -0.6793 0.5189
vn 0.4077 -0.6793 0.6101
vn 0.2808 -0.6793 0.6780
vn 0.1432 -0.6793 0.7197
vn -0.0162 -0.9642 0.2646
vn -0.0000 -0.9103 0.4140
vn 0.0161 -0.9642 0.2646
vn -0.0768 -0.9512 0.2987
vn -0.0491 -0.9511 0.3048
vn -0.0571 -0.8552 0.5151
vn -0.1526 -0.8529 0.4993
vn -0.0373 -0.9642 0.2624
vn -0.0671 -0.9644 0.2558
vn -0.0808 -0.9104 0.4057
vn -0.1040 -0.9519 0.2883
vn -0.1303 -0.9519 0.2774
vn -0.0866 -0.9645 0.2495
vn -0.1152 -0.9645 0.2376
vn -0.1583 -0.9105 0.3821
vn -0.1569 -0.9513 0.2655
vn -0.2454 -0.8517 0.4631
vn -0.3255 -0.8542 0.4054
vn -0.1808 -0.9512 0.2502
vn -0.1335 -0.9644 0.2283
vn -0.1592 -0.9642 0.2120
vn -0.2297 -0.9104 0.3440
vn -0.1757 -0.9642 0.1986
vn -0.1985 -0.9642 0.1758
vn -0.2927 -0.9103 0.2927
vn -0.2635 -0.9518 0.1572
vn -0.2480 -0.9520 0.1793
vn -0.2120 -0.9642 0.1592
vn -0.2284 -0.9644 0.1334
vn -0.3440 -0.9104 0.2297
vn -0.2779 -0.9516 0.1312
vn -0.4627 -0.8525 0.2431
vn -0.4991 -0.8525 0.1554
vn -0.2893 -0.9516 0.1037
vn -0.2376 -0.9645 0.1152
vn -0.2495 -0.9645 0.0866
vn -0.3821 -0.9105 0.1583
vn -0.2975 -0.9518 0.0752
vn -0.3022 -0.9520 0.0485
vn -0.2558 -0.9644 0.0671
vn -0.2625 -0.9642 0.0373
vn -0.4057 -0.9104 0.0808
vn -0.2651 -0.9641 0.0165
vn -0.2658 -0.9639 -0.0152
vn -0.4141 -0.9102 0.0001
vn -0.2641 -0.9638 -0.0366
vn -0.2580 -0.9638 -0.0673
vn -0.4063 -0.9101 -0.0808
vn -0.2513 -0.9639 -0.0876
vn -0.2385 -0.9641 -0.1167
vn -0.3826 -0.9102 -0.1586
vn -0.2479 -0.9515 -0.1823
vn -0.2635 -0.9511 -0.1610
vn -0.4513 -0.8565 -0.2505
vn -0.2287 -0.9641 -0.1348
vn -0.2121 -0.9641 -0.1597
vn -0.3441 -0.9103 -0.2299
vn -0.1991 -0.9641 -0.1757
vn -0.1771 -0.9639 -0.1987
vn -0.2929 -0.9102 -0.2928
vn -0.1603 -0.9639 -0.2125
vn -0.1335 -0.9641 -0.2296
vn -0.2300 -0.9102 -0.3444
vn -0.1053 -0.9519 -0.2878
vn -0.1290 -0.9519 -0.2780
vn -0.1153 -0.9641 -0.2392
vn -0.0876 -0.9641 -0.2507
vn -0.1584 -0.9103 -0.3823
vn -0.0679 -0.9641 -0.2567
vn -0.0369 -0.9639 -0.2636
vn -0.0809 -0.9102 -0.4062
vn -0.0156 -0.9638 -0.2661
vn 0.0156 -0.9638 -0.2661
vn -0.0000 -0.9101 -0.4143
vn 0.0366 -0.9638 -0.2641
vn 0.0673 -0.9638 -0.2580
vn 0.0808 -0.9101 -0.4063
vn 0.0874 -0.9638 -0.2518
vn 0.1163 -0.9638 -0.2399
vn 0.1585 -0.9101 -0.3827
vn 0.1348 -0.9638 -0.2300
vn 0.1609 -0.9638 -0.2126
vn 0.2302 -0.9101 -0.3445
vn 0.1771 -0.9638 -0.1992
vn 0.1992 -0.9638 -0.1771
vn 0.2929 -0.9101 -0.2929
vn 0.2126 -0.9638 -0.1608
vn 0.2300 -0.9638 -0.1349
vn 0.3445 -0.9101 -0.2302
vn 0.2397 -0.9639 -0.1158
vn 0.2512 -0.9641 -0.0861
vn 0.3827 -0.9102 -0.1584
vn 0.5156 -0.8552 -0.0532
vn 0.3062 -0.9508 -0.0472
vn 0.3010 -0.9508 -0.0736
vn 0.4965 -0.8556 -0.1464
vn 0.2570 -0.9641 -0.0664
vn 0.2629 -0.9641 -0.0370
vn 0.4059 -0.9103 -0.0807
vn 0.2646 -0.9642 -0.0162
vn 0.2647 -0.9642 0.0161
vn 0.4140 -0.9103 -0.0000
vn 0.4981 -0.8547 0.1463
vn 0.3000 -0.9512 0.0724
vn 0.3041 -0.9515 0.0464
vn 0.2629 -0.9641 0.0370
vn 0.2570 -0.9641 0.0664
vn 0.4059 -0.9103 0.0807
vn 0.2507 -0.9642 0.0863
vn 0.2384 -0.9642 0.1162
vn 0.3825 -0.9103 0.1584
vn 0.4042 -0.8547 0.3257
vn 0.2495 -0.9512 0.1817
vn 0.2632 -0.9515 0.1592
vn 0.2287 -0.9641 0.1348
vn 0.2120 -0.9641 0.1597
vn 0.3441 -0.9103 0.2299
vn 0.1985 -0.9642 0.1757
vn 0.1758 -0.9642 0.1985
vn 0.2927 -0.9103 0.2927
vn 0.2474 -0.8566 0.4528
vn 0.1610 -0.9511 0.2634
vn 0.1823 -0.9515 0.2479
vn 0.1597 -0.9641 0.2121
vn 0.1348 -0.9641 0.2287
vn 0.2299 -0.9103 0.3441
vn 0.1162 -0.9642 0.2383
vn 0.0864 -0.9642 0.2507
vn 0.1584 -0.9103 0.3825
vn 0.0556 -0.8547 0.5161
vn 0.0479 -0.9512 0.3049
vn 0.0735 -0.9515 0.2987
vn 0.0664 -0.9641 0.2571
vn 0.0370 -0.9641 0.2629
vn 0.0807 -0.9103 0.4059
vn 0.0156 -0.9522 0.3050
vn -0.0156 -0.9522 0.3051
vn -0.2262 -0.9527 0.2031
vn -0.2046 -0.9523 0.2264
vn -0.4019 -0.8545 0.3290
vn -0.3039 -0.9525 0.0178
vn -0.5156 -0.8552 0.0533
vn -0.3045 -0.9524 -0.0125
vn -0.2969 -0.9521 -0.0739
vn -0.3024 -0.9521 -0.0455
vn -0.5120 -0.8574 -0.0512
vn -0.2759 -0.9519 -0.1333
vn -0.2870 -0.9522 -0.1048
vn -0.4899 -0.8577 -0.1559
vn -0.2275 -0.9525 -0.2024
vn -0.3984 -0.8563 -0.3287
vn -0.2065 -0.9524 -0.2242
vn -0.1539 -0.9524 -0.2632
vn -0.1801 -0.9523 -0.2465
vn -0.3232 -0.8579 -0.3995
vn -0.2418 -0.8561 -0.4568
vn -0.0767 -0.9525 -0.2946
vn -0.1509 -0.8558 -0.4948
vn -0.0471 -0.9524 -0.3012
vn 0.0148 -0.9519 -0.3059
vn -0.0148 -0.9519 -0.3060
vn -0.0507 -0.8577 -0.5116
vn 0.0481 -0.8573 -0.5126
vn 0.0734 -0.9522 -0.2964
vn 0.0456 -0.9522 -0.3020
vn 0.1308 -0.9519 -0.2770
vn 0.1034 -0.9519 -0.2883
vn 0.1517 -0.8573 -0.4919
vn 0.2405 -0.8574 -0.4550
vn 0.1813 -0.9522 -0.2458
vn 0.1577 -0.9522 -0.2615
vn 0.2264 -0.9521 -0.2058
vn 0.2058 -0.9521 -0.2262
vn 0.3294 -0.8570 -0.3962
vn 0.2626 -0.9519 -0.1577
vn 0.2462 -0.9519 -0.1823
vn 0.3997 -0.8575 -0.3239
vn 0.4536 -0.8576 -0.2424
vn 0.2886 -0.9521 -0.1011
vn 0.2768 -0.9523 -0.1284
vn 0.3036 -0.9526 0.0163
vn 0.3048 -0.9523 -0.0154
vn 0.5172 -0.8546 0.0471
vn 0.2743 -0.9527 0.1313
vn 0.2875 -0.9523 0.1024
vn 0.4598 -0.8546 0.2414
vn 0.2032 -0.9526 0.2262
vn 0.2265 -0.9523 0.2046
vn 0.3308 -0.8556 0.3981
vn 0.1011 -0.9526 0.2868
vn 0.1309 -0.9523 0.2758
vn 0.1545 -0.8557 0.4940
vn -0.9773 -0.2118 0.0013
vn -0.7807 -0.6206 -0.0732
vn -0.9581 -0.2138 -0.1906
vn 0.6930 -0.6215 -0.3654
vn 0.9035 -0.2117 -0.3728
vn 0.7509 -0.6192 -0.2296
vn 0.9583 -0.2117 -0.1921
vn -0.7490 -0.6217 -0.2290
vn -0.9024 -0.2116 -0.3753
vn 0.7814 -0.6195 -0.0756
vn 0.9773 -0.2118 0.0013
vn -0.6909 -0.6199 -0.3721
vn -0.8130 -0.2095 -0.5432
vn -0.6090 -0.6187 -0.4963
vn 0.7837 -0.6164 0.0770
vn 0.9588 -0.2119 0.1893
vn -0.4982 -0.6207 -0.6055
vn -0.6920 -0.2117 -0.6902
vn 0.7525 -0.6177 0.2284
vn 0.9024 -0.2119 0.3752
vn -0.5419 -0.2118 -0.8133
vn 0.6945 -0.6164 0.3710
vn 0.8134 -0.2119 0.5418
vn -0.3662 -0.6176 -0.6961
vn -0.3742 -0.2096 -0.9034
vn -0.2326 -0.6165 -0.7522
vn 0.0769 -0.6177 0.7827
vn -0.0014 -0.2117 0.9773
vn -0.0779 -0.6172 0.7830
vn -0.1906 -0.2098 0.9590
vn 0.6078 -0.6177 0.4990
vn 0.6901 -0.2118 0.6920
vn -0.0811 -0.6216 -0.7791
vn -0.1919 -0.2117 -0.9583
vn -0.2319 -0.6142 0.7543
vn -0.3742 -0.2098 0.9033
vn -0.3679 -0.6130 0.6992
vn 0.4973 -0.6177 0.6092
vn 0.5432 -0.2095 0.8130
vn 0.3695 -0.6187 0.6933
vn 0.0792 -0.6213 -0.7795
vn -0.0000 -0.2137 -0.9769
vn -0.5418 -0.2121 0.8133
vn 0.3742 -0.2098 0.9033
vn 0.1906 -0.2139 -0.9581
vn -0.4991 -0.6175 0.6080
vn -0.6920 -0.2118 0.6901
vn 0.2302 -0.6175 0.7521
vn 0.1921 -0.2118 0.9583
vn 0.3715 -0.6215 -0.6897
vn 0.2252 -0.6214 -0.7504
vn 0.3738 -0.2136 -0.9026
vn -0.6127 -0.6143 0.4972
vn -0.8130 -0.2097 0.5432
vn -0.6961 -0.6134 0.3731
vn 0.4969 -0.6205 -0.6067
vn 0.5427 -0.2138 -0.8122
vn -0.9033 -0.2101 0.3741
vn 0.6044 -0.6226 -0.4971
vn 0.6908 -0.2138 -0.6907
vn -0.7561 -0.6133 0.2284
vn -0.9590 -0.2097 0.1907
vn -0.7840 -0.6153 0.0823
vn 0.8122 -0.2139 -0.5427
vn -0.0000 0.2060 -0.9785
vn 0.1909 0.2060 -0.9597
vn 0.0929 -0.9701 -0.2243
vn 0.1139 -0.9788 -0.1704
vn 0.1449 -0.9788 -0.1449
vn 0.1704 -0.9788 -0.1139
vn 0.1894 -0.9788 -0.0784
vn 0.2075 -0.9774 -0.0413
vn 0.2050 -0.9788 -0.0000
vn 0.4174 -0.9049 0.0830
vn 0.9041 0.2060 0.3745
vn 0.8136 0.2060 0.5436
vn 0.5308 -0.6607 0.5308
vn 0.4830 -0.4943 0.7228
vn 0.3745 0.2060 0.9041
vn 0.1909 0.2060 0.9597
vn -0.0000 0.2060 0.9785
vn -0.1948 0.0547 0.9793
vn -0.0929 -0.9701 0.2243
vn -0.1139 -0.9788 0.1704
vn -0.1449 -0.9788 0.1449
vn -0.3538 -0.9049 0.2364
vn -0.9041 0.2060 0.3745
vn -0.4174 -0.9049 0.0830
vn -0.2050 -0.9788 -0.0000
vn -0.4173 -0.9049 -0.0830
vn -0.8675 0.3440 -0.3593
vn -0.8136 0.2060 -0.5436
vn -0.6919 0.2060 -0.6919
vn -0.1455 -0.9651 -0.2178
vn -0.0837 -0.9758 -0.2020
vn -0.0426 -0.9758 -0.2144
vn -0.0000 -0.5107 -0.8597
vn 0.1677 -0.5107 -0.8432
vn 0.3290 -0.5107 -0.7943
vn 0.4776 -0.5107 -0.7148
vn 0.6079 -0.5107 -0.6079
vn 0.7148 -0.5107 -0.4776
vn 0.7943 -0.5107 -0.3290
vn 0.8432 -0.5107 -0.1677
vn 0.8597 -0.5107 -0.0000
vn 0.8432 -0.5107 0.1677
vn 0.7943 -0.5107 0.3290
vn 0.7148 -0.5107 0.4776
vn 0.6079 -0.5107 0.6079
vn 0.4776 -0.5107 0.7148
vn 0.3290 -0.5107 0.7943
vn 0.1677 -0.5107 0.8432
vn -0.0000 -0.5107 0.8597
vn -0.1677 -0.5107 0.8432
vn -0.3290 -0.5107 0.7943
vn -0.4776 -0.5107 0.7148
vn -0.6079 -0.5107 0.6079
vn -0.7148 -0.5107 0.4776
vn -0.7943 -0.5107 0.3290
vn -0.8432 -0.5107 0.1677
vn -0.8597 -0.5107 -0.0000
vn -0.8432 -0.5107 -0.1677
vn -0.7943 -0.5107 -0.3290
vn -0.7148 -0.5107 -0.4776
vn -0.6079 -0.5107 -0.6079
vn -0.4776 -0.5107 -0.7148
vn -0.3290 -0.5107 -0.7943
vn -0.1677 -0.5107 -0.8432
vn -0.0000 0.0483 -0.9988
vn 0.1949 0.0483 -0.9796
vn 0.3822 0.0483 -0.9228
vn 0.5549 0.0483 -0.8305
vn 0.7063 0.0483 -0.7063
vn 0.8305 0.0483 -0.5549
vn 0.9228 0.0483 -0.3822
vn 0.9796 0.0483 -0.1949
vn 0.9988 0.0483 -0.0000
vn 0.9796 0.0483 0.1949
vn 0.9228 0.0483 0.3822
vn 0.8305 0.0483 0.5549
vn 0.7063 0.0483 0.7063
vn 0.5549 0.0483 0.8305
vn 0.3822 0.0483 0.9228
vn 0.1949 0.0483 0.9796
vn -0.0000 0.0483 0.9988
vn -0.1949 0.0483 0.9796
vn -0.3822 0.0483 0.9228
vn -0.5549 0.0483 0.8305
vn -0.7063 0.0483 0.7063
vn -0.8305 0.0483 0.5549
vn -0.9228 0.0483 0.3822
vn -0.9796 0.0483 0.1949
vn -0.9988 0.0483 -0.0000
vn -0.9796 0.0483 -0.1949
vn -0.9228 0.0483 -0.3822
vn -0.8305 0.0483 -0.5549
vn -0.7063 0.0483 -0.7063
vn -0.5549 0.0483 -0.8305
vn -0.3822 0.0483 -0.9228
vn -0.1949 0.0483 -0.9796
vn -0.0000 0.1673 -0.9859
vn 0.1923 0.1673 -0.9670
vn 0.3773 0.1673 -0.9109
vn 0.5477 0.1673 -0.8198
vn 0.6971 0.1673 -0.6971
vn 0.8198 0.1673 -0.5477
vn 0.9109 0.1673 -0.3773
vn 0.9670 0.1673 -0.1923
vn 0.9859 0.1673 -0.0000
vn 0.9670 0.1673 0.1923
vn 0.9109 0.1673 0.3773
vn 0.8198 0.1673 0.5477
vn 0.6971 0.1673 0.6971
vn 0.5477 0.1673 0.8198
vn 0.3773 0.1673 0.9109
vn 0.1923 0.1673 0.9670
vn -0.0000 0.1673 0.9859
vn -0.1923 0.1673 0.9670
vn -0.3773 0.1673 0.9109
vn -0.5477 0.1673 0.8198
vn -0.6971 0.1673 0.6971
vn -0.8198 0.1673 0.5477
vn -0.9109 0.1673 0.3773
vn -0.9670 0.1673 0.1923
vn -0.9859 0.1673 -0.0000
vn -0.9670 0.1673 -0.1923
vn -0.9109 0.1673 -0.3773
vn -0.8198 0.1673 -0.5477
vn -0.6971 0.1673 -0.6971
vn -0.5477 0.1673 -0.8198
vn -0.3773 0.1673 -0.9109
vn -0.1923 0.1673 -0.9670
vn -0.0019 0.2252 0.9743
vn -0.0731 0.7178 0.6924
vn -0.1902 0.2269 0.9552
vn -0.2060 0.7178 0.6651
vn -0.3728 0.2256 0.9001
vn -0.3269 0.7175 0.6150
vn -0.5409 0.2283 0.8095
vn -0.4434 0.7173 0.5375
vn -0.6889 0.2256 0.6889
vn -0.5361 0.7175 0.4448
vn -0.8097 0.2268 0.5413
vn -0.6124 0.7175 0.3318
vn -0.8995 0.2283 0.3726
vn -0.6669 0.7175 0.2008
vn -0.9555 0.2256 0.1901
vn -0.6933 0.7173 0.0700
vn -0.9736 0.2283 -0.0000
vn -0.6927 0.7176 -0.0724
vn -0.9552 0.2268 -0.1902
vn -0.6649 0.7175 -0.2076
vn -0.8997 0.2268 -0.3729
vn -0.6113 0.7175 -0.3339
vn -0.8097 0.2268 -0.5413
vn -0.5345 0.7178 -0.4463
vn -0.6885 0.2268 -0.6888
vn -0.4375 0.7172 -0.5424
vn -0.5409 0.2268 -0.8099
vn -0.3227 0.7175 -0.6173
vn -0.3725 0.2268 -0.8999
vn -0.1968 0.7175 -0.6682
vn -0.1898 0.2268 -0.9553
vn -0.0620 0.7175 -0.6938
vn 0.0002 0.2269 -0.9739
vn 0.0707 0.7188 -0.6916
vn 0.1882 0.2224 -0.9566
vn 0.3746 0.2252 -0.8994
vn 0.3326 0.7178 -0.6116
vn 0.5413 0.2268 -0.8097
vn 0.4462 0.7175 -0.5349
vn 0.6888 0.2268 -0.6885
vn 0.5409 0.7178 -0.4384
vn 0.8100 0.2256 -0.5413
vn 0.6132 0.7176 -0.3303
vn 0.8995 0.2283 -0.3726
vn 0.6673 0.7173 -0.2004
vn 0.9555 0.2256 -0.1900
vn 0.6925 0.7178 -0.0723
vn 0.9739 0.2268 -0.0002
vn 0.6938 0.7175 0.0621
vn 0.9553 0.2268 0.1898
vn 0.6683 0.7175 0.1963
vn 0.8999 0.2268 0.3725
vn 0.6168 0.7178 0.3230
vn 0.8099 0.2268 0.5409
vn 0.5424 0.7175 0.4369
vn 0.6888 0.2268 0.6885
vn 0.4466 0.7172 0.5349
vn 0.5413 0.2268 0.8097
vn 0.3334 0.7177 0.6113
vn 0.3729 0.2269 0.8997
vn 0.2086 0.7184 0.6637
vn 0.1923 0.2234 0.9556
vn -0.0283 0.9570 0.2886
vn -0.0853 0.9575 0.2755
vn -0.1384 0.9572 0.2542
vn -0.1839 0.9572 0.2234
vn -0.2220 0.9577 0.1832
vn -0.2545 0.9572 0.1376
vn -0.2764 0.9574 0.0835
vn -0.2873 0.9574 0.0291
vn -0.2887 0.9570 -0.0273
vn -0.2755 0.9575 -0.0849
vn -0.2545 0.9575 -0.1356
vn -0.2223 0.9573 -0.1846
vn -0.1819 0.9574 -0.2245
vn -0.1362 0.9573 -0.2549
vn -0.0826 0.9573 -0.2769
vn -0.0283 0.9574 -0.2875
vn 0.0305 0.9570 -0.2884
vn 0.2025 0.7082 -0.6764
vn 0.0869 0.9566 -0.2781
vn 0.1345 0.9569 -0.2574
vn 0.1844 0.9572 -0.2229
vn 0.2222 0.9577 -0.1831
vn 0.2552 0.9573 -0.1354
vn 0.2765 0.9572 -0.0857
vn 0.2869 0.9575 -0.0299
vn 0.2878 0.9573 0.0261
vn 0.2771 0.9573 0.0817
vn 0.2556 0.9573 0.1347
vn 0.2234 0.9573 0.1833
vn 0.1847 0.9574 0.2222
vn 0.1377 0.9573 0.2540
vn 0.0825 0.9570 0.2782
vn 0.0734 0.7083 0.7021
vn 0.0267 0.9566 0.2902
vn -0.0130 0.9935 0.1132
vn -0.0000 0.9992 0.0393
vn 0.0129 0.9935 0.1133
vn -0.0357 0.9935 0.1084
vn -0.0077 0.9992 0.0383
vn -0.0555 0.9935 0.0999
vn -0.0150 0.9992 0.0361
vn -0.0217 0.9992 0.0324
vn -0.0711 0.9935 0.0893
vn -0.0276 0.9992 0.0277
vn -0.0868 0.9935 0.0735
vn -0.1013 0.9934 0.0530
vn -0.0327 0.9992 0.0219
vn -0.0360 0.9992 0.0149
vn -0.1089 0.9935 0.0342
vn -0.1136 0.9935 0.0102
vn -0.0386 0.9992 0.0077
vn -0.0390 0.9992 -0.0000
vn -0.1140 0.9934 -0.0096
vn -0.0384 0.9992 -0.0076
vn -0.1097 0.9935 -0.0311
vn -0.0996 0.9935 -0.0555
vn -0.0364 0.9992 -0.0151
vn -0.0867 0.9935 -0.0744
vn -0.0325 0.9992 -0.0217
vn -0.0703 0.9935 -0.0897
vn -0.0276 0.9992 -0.0277
vn -0.0513 0.9935 -0.1020
vn -0.0217 0.9992 -0.0325
vn -0.0308 0.9935 -0.1098
vn -0.0149 0.9992 -0.0361
vn -0.0084 0.9935 -0.1138
vn -0.0076 0.9992 -0.0384
vn 0.0129 0.9934 -0.1137
vn -0.0000 0.9992 -0.0391
vn 0.0076 0.9992 -0.0382
vn 0.0322 0.9935 -0.1094
vn 0.0548 0.9935 -0.1002
vn 0.0151 0.9992 -0.0364
vn 0.0217 0.9992 -0.0324
vn 0.0710 0.9934 -0.0896
vn 0.0276 0.9992 -0.0277
vn 0.0870 0.9935 -0.0735
vn 0.1009 0.9935 -0.0531
vn 0.0327 0.9992 -0.0219
vn 0.0360 0.9992 -0.0149
vn 0.1087 0.9935 -0.0347
vn 0.0384 0.9992 -0.0077
vn 0.1132 0.9935 -0.0139
vn 0.0391 0.9992 -0.0000
vn 0.1138 0.9935 0.0085
vn 0.0384 0.9992 0.0076
vn 0.1099 0.9935 0.0305
vn 0.0361 0.9992 0.0149
vn 0.1019 0.9935 0.0516
vn 0.0325 0.9992 0.0217
vn 0.0900 0.9935 0.0702
vn 0.0277 0.9992 0.0276
vn 0.0742 0.9935 0.0864
vn 0.0217 0.9992 0.0325
vn 0.0561 0.9935 0.0995
vn 0.0150 0.9992 0.0361
vn 0.0357 0.9934 0.1086
vn 0.0077 0.9992 0.0383
vn -0.0000 0.5415 -0.8407
vn 0.1640 0.5415 -0.8245
vn 0.3217 0.5415 -0.7767
vn 0.4671 0.5415 -0.6990
vn 0.5945 0.5415 -0.5945
vn 0.6990 0.5415 -0.4671
vn 0.7767 0.5415 -0.3217
vn 0.8245 0.5415 -0.1640
vn 0.8407 0.5415 -0.0000
vn 0.8245 0.5415 0.1640
vn 0.7767 0.5415 0.3217
vn 0.6990 0.5415 0.4671
vn 0.5945 0.5415 0.5945
vn 0.4671 0.5415 0.6990
vn 0.3217 0.5415 0.7767
vn 0.1640 0.5415 0.8245
vn -0.0000 0.5415 0.8407
vn -0.1640 0.5415 0.8245
vn -0.3217 0.5415 0.7767
vn -0.4671 0.5415 0.6990
vn -0.5945 0.5415 0.5945
vn -0.6990 0.5415 0.4671
vn -0.7767 0.5415 0.3217
vn -0.8245 0.5415 0.1640
vn -0.8407 0.5415 -0.0000
vn -0.8245 0.5415 -0.1640
vn -0.7767 0.5415 -0.3217
vn -0.6990 0.5415 -0.4671
vn -0.5945 0.5415 -0.5945
vn -0.4671 0.5415 -0.6990
vn -0.3217 0.5415 -0.7767
vn -0.1640 0.5415 -0.8245
vn -0.0000 0.8169 -0.5767
vn 0.1125 0.8169 -0.5657
vn 0.2207 0.8169 -0.5328
vn 0.3204 0.8169 -0.4795
vn 0.4078 0.8169 -0.4078
vn 0.4795 0.8169 -0.3204
vn 0.5328 0.8169 -0.2207
vn 0.5657 0.8169 -0.1125
vn 0.5767 0.8169 -0.0000
vn 0.5657 0.8169 0.1125
vn 0.5328 0.8169 0.2207
vn 0.4795 0.8169 0.3204
vn 0.4078 0.8169 0.4078
vn 0.3204 0.8169 0.4795
vn 0.2207 0.8169 0.5328
vn 0.1125 0.8169 0.5657
vn -0.0000 0.8169 0.5767
vn -0.1125 0.8169 0.5657
vn -0.2207 0.8169 0.5328
vn -0.3204 0.8169 0.4795
vn -0.4078 0.8169 0.4078
vn -0.4795 0.8169 0.3204
vn -0.5328 0.8169 0.2207
vn -0.5657 0.8169 0.1125
vn -0.5767 0.8169 -0.0000
vn -0.5657 0.8169 -0.1125
vn -0.5328 0.8169 -0.2207
vn -0.4795 0.8169 -0.3204
vn -0.4078 0.8169 -0.4078
vn -0.3204 0.8169 -0.4795
vn -0.2207 0.8169 -0.5328
vn -0.1125 0.8169 -0.5657
vn -0.0000 0.9213 -0.3889
vn 0.0759 0.9213 -0.3815
vn 0.1488 0.9213 -0.3593
vn 0.2161 0.9213 -0.3234
vn 0.2750 0.9213 -0.2750
vn 0.3234 0.9213 -0.2161
vn 0.3593 0.9213 -0.1488
vn 0.3815 0.9213 -0.0759
vn 0.3889 0.9213 -0.0000
vn 0.3815 0.9213 0.0759
vn 0.3593 0.9213 0.1488
vn 0.3234 0.9213 0.2161
vn 0.2750 0.9213 0.2750
vn 0.2161 0.9213 0.3234
vn 0.1488 0.9213 0.3593
vn 0.0759 0.9213 0.3815
vn -0.0000 0.9213 0.3889
vn -0.0759 0.9213 0.3815
vn -0.1488 0.9213 0.3593
vn -0.2161 0.9213 0.3234
vn -0.2750 0.9213 0.2750
vn -0.3234 0.9213 0.2161
vn -0.3593 0.9213 0.1488
vn -0.3815 0.9213 0.0759
vn -0.3889 0.9213 -0.0000
vn -0.3815 0.9213 -0.0759
vn -0.3593 0.9213 -0.1488
vn -0.3234 0.9213 -0.2161
vn -0.2750 0.9213 -0.2750
vn -0.2161 0.9213 -0.3234
vn -0.1488 0.9213 -0.3593
vn -0.0759 0.9213 -0.3815
vn -0.0000 0.8295 -0.5585
vn 0.1090 0.8295 -0.5478
vn 0.2137 0.8295 -0.5160
vn 0.3103 0.8295 -0.4644
vn 0.3949 0.8295 -0.3949
vn 0.4644 0.8295 -0.3103
vn 0.5160 0.8295 -0.2137
vn 0.5478 0.8295 -0.1090
vn 0.5585 0.8295 -0.0000
vn 0.5478 0.8295 0.1090
vn 0.5160 0.8295 0.2137
vn 0.4644 0.8295 0.3103
vn 0.3949 0.8295 0.3949
vn 0.3103 0.8295 0.4644
vn 0.2137 0.8295 0.5160
vn 0.1090 0.8295 0.5478
vn -0.0000 0.8295 0.5585
vn -0.1090 0.8295 0.5478
vn -0.2137 0.8295 0.5160
vn -0.3103 0.8295 0.4644
vn -0.3949 0.8295 0.3949
vn -0.4644 0.8295 0.3103
vn -0.5160 0.8295 0.2137
vn -0.5478 0.8295 0.1090
vn -0.5585 0.8295 -0.0000
vn -0.5478 0.8295 -0.1090
vn -0.5160 0.8295 -0.2137
vn -0.4644 0.8295 -0.3103
vn -0.3949 0.8295 -0.3949
vn -0.3103 0.8295 -0.4644
vn -0.2137 0.8295 -0.5160
vn -0.1090 0.8295 -0.5478
vn -0.0000 0.5505 -0.8349
vn 0.1629 0.5505 -0.8188
vn 0.3195 0.5505 -0.7713
vn 0.4638 0.5505 -0.6942
vn 0.5903 0.5505 -0.5903
vn 0.6942 0.5505 -0.4638
vn 0.7713 0.5505 -0.3195
vn 0.8188 0.5505 -0.1629
vn 0.8349 0.5505 -0.0000
vn 0.8188 0.5505 0.1629
vn 0.7713 0.5505 0.3195
vn 0.6942 0.5505 0.4638
vn 0.5903 0.5505 0.5903
vn 0.4638 0.5505 0.6942
vn 0.3195 0.5505 0.7713
vn 0.1629 0.5505 0.8188
vn -0.0000 0.5505 0.8349
vn -0.1629 0.5505 0.8188
vn -0.3195 0.5505 0.7713
vn -0.4638 0.5505 0.6942
vn -0.5903 0.5505 0.5903
vn -0.6942 0.5505 0.4638
vn -0.7713 0.5505 0.3195
vn -0.8188 0.5505 0.1629
vn -0.8349 0.5505 -0.0000
vn -0.8188 0.5505 -0.1629
vn -0.7713 0.5505 -0.3195
vn -0.6942 0.5505 -0.4638
vn -0.5903 0.5505 -0.5903
vn -0.4638 0.5505 -0.6942
vn -0.3195 0.5505 -0.7713
vn -0.1629 0.5505 -0.8188
vn -0.0000 0.3442 -0.9389
vn 0.1832 0.3442 -0.9209
vn 0.3593 0.3442 -0.8674
vn 0.5216 0.3442 -0.7807
vn 0.6639 0.3442 -0.6639
vn 0.7807 0.3442 -0.5216
vn 0.8674 0.3442 -0.3593
vn 0.9209 0.3442 -0.1832
vn 0.9389 0.3442 -0.0000
vn 0.9209 0.3442 0.1832
vn 0.8674 0.3442 0.3593
vn 0.7807 0.3442 0.5216
vn 0.6639 0.3442 0.6639
vn 0.5216 0.3442 0.7807
vn 0.3593 0.3442 0.8674
vn 0.1832 0.3442 0.9209
vn -0.0000 0.3442 0.9389
vn -0.1832 0.3442 0.9209
vn -0.3593 0.3442 0.8674
vn -0.5216 0.3442 0.7807
vn -0.6639 0.3442 0.6639
vn -0.7807 0.3442 0.5216
vn -0.8674 0.3442 0.3593
vn -0.9209 0.3442 0.1832
vn -0.9389 0.3442 -0.0000
vn -0.9209 0.3442 -0.1832
vn -0.8674 0.3442 -0.3593
vn -0.7807 0.3442 -0.5216
vn -0.6639 0.3442 -0.6639
vn -0.5216 0.3442 -0.7807
vn -0.3593 0.3442 -0.8674
vn -0.1832 0.3442 -0.9209
vn -0.0000 0.1366 -0.9906
vn 0.1933 0.1366 -0.9716
vn 0.3791 0.1366 -0.9152
vn 0.5504 0.1366 -0.8237
vn 0.7005 0.1366 -0.7005
vn 0.8237 0.1366 -0.5504
vn 0.9152 0.1366 -0.3791
vn 0.9716 0.1366 -0.1933
vn 0.9906 0.1366 -0.0000
vn 0.9716 0.1366 0.1933
vn 0.9152 0.1366 0.3791
vn 0.8237 0.1366 0.5504
vn 0.7005 0.1366 0.7005
vn 0.5504 0.1366 0.8237
vn 0.3791 0.1366 0.9152
vn 0.1933 0.1366 0.9716
vn -0.0000 0.1366 0.9906
vn -0.1933 0.1366 0.9716
vn -0.3791 0.1366 0.9152
vn -0.5504 0.1366 0.8237
vn -0.7005 0.1366 0.7005
vn -0.8237 0.1366 0.5504
vn -0.9152 0.1366 0.3791
vn -0.9716 0.1366 0.1933
vn -0.9906 0.1366 -0.0000
vn -0.9716 0.1366 -0.1933
vn -0.9152 0.1366 -0.3791
vn -0.8237 0.1366 -0.5504
vn -0.7005 0.1366 -0.7005
vn -0.5504 0.1366 -0.8237
vn -0.3791 0.1366 -0.9152
vn -0.1933 0.1366 -0.9716
vn -0.0000 -0.3025 -0.9531
vn 0.1859 -0.3025 -0.9348
vn 0.3648 -0.3025 -0.8806
vn 0.5295 -0.3025 -0.7925
vn 0.6740 -0.3025 -0.6740
vn 0.7925 -0.3025 -0.5295
vn 0.8806 -0.3025 -0.3648
vn 0.9348 -0.3025 -0.1859
vn 0.9531 -0.3025 -0.0000
vn 0.9348 -0.3025 0.1859
vn 0.8806 -0.3025 0.3648
vn 0.7925 -0.3025 0.5295
vn 0.6740 -0.3025 0.6740
vn 0.5295 -0.3025 0.7925
vn 0.3648 -0.3025 0.8806
vn 0.1859 -0.3025 0.9348
vn -0.0000 -0.3025 0.9531
vn -0.1859 -0.3025 0.9348
vn -0.3648 -0.3025 0.8806
vn -0.5295 -0.3025 0.7925
vn -0.6740 -0.3025 0.6740
vn -0.7925 -0.3025 0.5295
vn -0.8806 -0.3025 0.3648
vn -0.9348 -0.3025 0.1859
vn -0.9531 -0.3025 -0.0000
vn -0.9348 -0.3025 -0.1859
vn -0.8806 -0.3025 -0.3648
vn -0.7925 -0.3025 -0.5295
vn -0.6740 -0.3025 -0.6740
vn -0.5295 -0.3025 -0.7925
vn -0.3648 -0.3025 -0.8806
vn -0.1859 -0.3025 -0.9348
vn -0.0000 -0.8791 -0.4767
vn 0.0930 -0.8791 -0.4676
vn 0.1824 -0.8791 -0.4404
vn 0.2649 -0.8791 -0.3964
vn 0.3371 -0.8791 -0.3371
vn 0.3964 -0.8791 -0.2649
vn 0.4404 -0.8791 -0.1824
vn 0.4676 -0.8791 -0.0930
vn 0.4767 -0.8791 -0.0000
vn 0.4676 -0.8791 0.0930
vn 0.4404 -0.8791 0.1824
vn 0.3964 -0.8791 0.2649
vn 0.3371 -0.8791 0.3371
vn 0.2649 -0.8791 0.3964
vn 0.1824 -0.8791 0.4404
vn 0.0930 -0.8791 0.4676
vn -0.0000 -0.8791 0.4767
vn -0.0930 -0.8791 0.4676
vn -0.1824 -0.8791 0.4404
vn -0.2649 -0.8791 0.3964
vn -0.3371 -0.8791 0.3371
vn -0.3964 -0.8791 0.2649
vn -0.4404 -0.8791 0.1824
vn -0.4676 -0.8791 0.0930
vn -0.4767 -0.8791 -0.0000
vn -0.4676 -0.8791 -0.0930
vn -0.4404 -0.8791 -0.1824
vn -0.3964 -0.8791 -0.2649
vn -0.3371 -0.8791 -0.3371
vn -0.2649 -0.8791 -0.3964
vn -0.1824 -0.8791 -0.4404
vn -0.0930 -0.8791 -0.4676
vt 0.915961 0.039804
vt 0.915968 0.003834
vt 0.919740 0.003778
vt 0.919734 0.039748
vt 0.171708 0.116498
vt 0.170291 0.116498
vt 0.170291 0.102163
vt 0.171708 0.102163
vt 0.931805 0.039752
vt 0.931812 0.003783
vt 0.935570 0.003841
vt 0.935564 0.039811
vt 0.865735 0.039758
vt 0.865735 0.003782
vt 0.869732 0.003808
vt 0.869732 0.039783
vt 0.507512 0.522065
vt 0.507512 0.976444
vt 0.455831 0.976444
vt 0.455831 0.522066
vt 0.572213 -0.021485
vt 0.572206 0.649675
vt 0.501963 0.650595
vt 0.501971 -0.020566
vt 0.909668 0.039991
vt 0.909675 0.004021
vt 0.912569 0.003916
vt 0.912562 0.039886
vt 0.847621 0.039994
vt 0.847621 0.004018
vt 0.850505 0.003928
vt 0.850505 0.039903
vt 0.901872 0.039783
vt 0.901873 0.003807
vt 0.905639 0.003856
vt 0.905639 0.039832
vt 0.927811 0.039721
vt 0.927817 0.003752
vt 0.861659 0.039758
vt 0.861659 0.003782
vt 0.558204 0.523011
vt 0.558204 0.977389
vt 0.635424 -0.022819
vt 0.635418 0.648343
vt 0.876885 0.039904
vt 0.876885 0.003928
vt 0.879766 0.004019
vt 0.879766 0.039994
vt 0.991742 0.040135
vt 0.991742 0.004300
vt 0.995131 0.004087
vt 0.995131 0.039922
vt 0.897874 0.039758
vt 0.897875 0.003782
vt 0.923735 0.039720
vt 0.923741 0.003751
vt 0.857661 0.039783
vt 0.857661 0.003807
vt 0.605953 0.524865
vt 0.605953 0.979245
vt 0.879767 0.039994
vt 0.879767 0.004019
vt 0.882648 0.003928
vt 0.882648 0.039903
vt 0.873497 0.039833
vt 0.873497 0.003857
vt 0.405142 0.523012
vt 0.405142 0.977391
vt 0.357396 0.979247
vt 0.357396 0.524868
vt 0.427396 -0.020099
vt 0.427388 0.651063
vt 0.351348 0.651063
vt 0.351356 -0.020099
vt 0.853894 0.039832
vt 0.853894 0.003856
vt 0.648930 0.527560
vt 0.648930 0.981938
vt 0.938950 0.003926
vt 0.938943 0.039895
vt 0.909029 0.003928
vt 0.909028 0.039903
vt 0.081889 0.027951
vt 0.077888 0.027978
vt 0.078006 0.015613
vt 0.081929 0.015586
vt 0.078322 0.011882
vt 0.082033 0.011856
vt 0.078754 0.008829
vt 0.082175 0.008805
vt 0.085965 0.027952
vt 0.085926 0.015587
vt 0.085814 0.011857
vt 0.085660 0.008801
vt 0.089959 0.027983
vt 0.089842 0.015617
vt 0.089518 0.011885
vt 0.089074 0.008827
vt 0.093718 0.028041
vt 0.093528 0.015675
vt 0.093005 0.011940
vt 0.092289 0.008883
vt 0.097097 0.028126
vt 0.096842 0.015758
vt 0.096139 0.012018
vt 0.095179 0.008955
vt 0.040795 0.028127
vt 0.037914 0.028218
vt 0.038227 0.015845
vt 0.041052 0.015756
vt 0.039080 0.012096
vt 0.041752 0.012011
vt 0.040245 0.009020
vt 0.042708 0.008942
vt 0.044184 0.028056
vt 0.044374 0.015686
vt 0.044895 0.011945
vt 0.045606 0.008881
vt 0.047949 0.028007
vt 0.048066 0.015637
vt 0.048387 0.011900
vt 0.048825 0.008839
vt 0.051946 0.027982
vt 0.051986 0.015613
vt 0.052095 0.011876
vt 0.052243 0.008817
vt 0.056022 0.027982
vt 0.055983 0.015613
vt 0.055875 0.011876
vt 0.055728 0.008817
vt 0.060020 0.028007
vt 0.059903 0.015637
vt 0.059583 0.011900
vt 0.059146 0.008839
vt 0.063786 0.028056
vt 0.063596 0.015686
vt 0.063077 0.011945
vt 0.062365 0.008875
vt 0.067176 0.028127
vt 0.066920 0.015756
vt 0.066221 0.012011
vt 0.065265 0.008942
vt 0.130287 0.028500
vt 0.126897 0.028288
vt 0.127154 0.015925
vt 0.130477 0.016134
vt 0.127853 0.012089
vt 0.130997 0.012286
vt 0.128809 0.008885
vt 0.131707 0.009067
vt 0.134053 0.028646
vt 0.134170 0.016277
vt 0.134490 0.012422
vt 0.134927 0.009192
vt 0.138050 0.028721
vt 0.138090 0.016350
vt 0.138198 0.012491
vt 0.138345 0.009256
vt 0.142126 0.028721
vt 0.142087 0.016350
vt 0.141978 0.012491
vt 0.141831 0.009256
vt 0.146124 0.028646
vt 0.146007 0.016277
vt 0.145686 0.012421
vt 0.145249 0.009192
vt 0.149889 0.028500
vt 0.149699 0.016133
vt 0.149179 0.012286
vt 0.148468 0.009067
vt 0.153278 0.028287
vt 0.153022 0.015925
vt 0.152322 0.012089
vt 0.151366 0.008885
vt 0.156160 0.028017
vt 0.155848 0.015660
vt 0.154995 0.011838
vt 0.153830 0.008654
vt 0.012042 0.028056
vt 0.008652 0.028128
vt 0.008908 0.015756
vt 0.012232 0.015686
vt 0.009607 0.012011
vt 0.012752 0.011945
vt 0.010563 0.008942
vt 0.013461 0.008881
vt 0.015808 0.028007
vt 0.015925 0.015638
vt 0.016245 0.011900
vt 0.016682 0.008839
vt 0.019806 0.027982
vt 0.019845 0.015613
vt 0.019953 0.011877
vt 0.020100 0.008817
vt 0.023882 0.027982
vt 0.023842 0.015613
vt 0.023734 0.011877
vt 0.023585 0.008818
vt 0.027879 0.028007
vt 0.027762 0.015638
vt 0.027441 0.011900
vt 0.027003 0.008839
vt 0.031644 0.028057
vt 0.031454 0.015686
vt 0.030933 0.011945
vt 0.030221 0.008875
vt 0.035033 0.028128
vt 0.034776 0.015756
vt 0.034076 0.012012
vt 0.033120 0.008942
vt 0.037914 0.028218
vt 0.037601 0.015845
vt 0.036748 0.012096
vt 0.035583 0.009019
vt 0.070716 0.028116
vt 0.067822 0.028221
vt 0.068135 0.015851
vt 0.070974 0.015749
vt 0.068986 0.012107
vt 0.071671 0.012010
vt 0.070147 0.009036
vt 0.072622 0.008947
vt 0.074115 0.028034
vt 0.074306 0.015668
vt 0.074823 0.011933
vt 0.075530 0.008871
vt 0.160269 0.142255
vt 0.160269 0.145740
vt 0.158013 0.145518
vt 0.158013 0.142477
vt 0.154112 0.143636
vt 0.154113 0.144360
vt 0.152404 0.144192
vt 0.152392 0.143805
vt 0.153962 0.145893
vt 0.153820 0.146603
vt 0.152166 0.146102
vt 0.152253 0.145725
vt 0.082388 0.006519
vt 0.085428 0.006520
vt 0.157419 0.139495
vt 0.155544 0.142721
vt 0.155045 0.140215
vt 0.158252 0.135619
vt 0.159585 0.138838
vt 0.156256 0.136686
vt 0.154068 0.137855
vt 0.156319 0.132719
vt 0.154566 0.134158
vt 0.152416 0.132008
vt 0.152649 0.135731
vt 0.150843 0.133925
vt 0.153855 0.130255
vt 0.150477 0.135585
vt 0.150990 0.136096
vt 0.149663 0.137185
vt 0.149381 0.136921
vt 0.150957 0.128319
vt 0.149888 0.130318
vt 0.148719 0.132506
vt 0.147737 0.126985
vt 0.147079 0.129155
vt 0.146359 0.131529
vt 0.144319 0.126305
vt 0.144097 0.128561
vt 0.141056 0.128561
vt 0.143853 0.131030
vt 0.141299 0.131030
vt 0.140834 0.126305
vt 0.142214 0.132462
vt 0.142938 0.132462
vt 0.142772 0.134147
vt 0.142380 0.134147
vt 0.138074 0.129155
vt 0.138794 0.131529
vt 0.052466 0.006519
vt 0.055507 0.006519
vt 0.139971 0.132754
vt 0.140681 0.132612
vt 0.140847 0.134298
vt 0.140462 0.134374
vt 0.135265 0.130318
vt 0.136434 0.132506
vt 0.134196 0.128319
vt 0.137416 0.126985
vt 0.137827 0.133479
vt 0.138496 0.133201
vt 0.138995 0.134844
vt 0.138642 0.135003
vt 0.131300 0.130258
vt 0.132736 0.132008
vt 0.130586 0.134158
vt 0.134310 0.133925
vt 0.132504 0.135731
vt 0.128834 0.132719
vt 0.134163 0.136096
vt 0.134675 0.135584
vt 0.135749 0.136893
vt 0.135472 0.137171
vt 0.128897 0.136686
vt 0.131085 0.137855
vt 0.126897 0.135617
vt 0.132784 0.137890
vt 0.133185 0.137287
vt 0.134512 0.138376
vt 0.134308 0.138704
vt 0.132776 0.006519
vt 0.135585 0.006628
vt 0.127140 0.142477
vt 0.127733 0.139495
vt 0.130107 0.140215
vt 0.129609 0.142721
vt 0.138567 0.006684
vt 0.131191 0.142102
vt 0.131332 0.141392
vt 0.132953 0.141884
vt 0.132876 0.142268
vt 0.127140 0.145518
vt 0.129609 0.145275
vt 0.141608 0.006684
vt 0.131040 0.144360
vt 0.131040 0.143636
vt 0.132725 0.143802
vt 0.132725 0.144194
vt 0.127733 0.148500
vt 0.130107 0.147780
vt 0.144590 0.006628
vt 0.131332 0.146604
vt 0.131191 0.145893
vt 0.132876 0.145727
vt 0.132953 0.146112
vt 0.128897 0.151310
vt 0.131085 0.150140
vt 0.147399 0.006519
vt 0.132057 0.148747
vt 0.131780 0.148078
vt 0.133400 0.147586
vt 0.133550 0.147949
vt 0.130586 0.153838
vt 0.132504 0.152264
vt 0.128834 0.155276
vt 0.126897 0.152378
vt 0.133185 0.150708
vt 0.132783 0.150106
vt 0.134277 0.149308
vt 0.134495 0.149634
vt 0.132736 0.155988
vt 0.134310 0.154070
vt 0.131298 0.157740
vt 0.134675 0.152411
vt 0.134163 0.151899
vt 0.135472 0.150825
vt 0.135749 0.151102
vt 0.135265 0.157677
vt 0.136434 0.155489
vt 0.134196 0.159677
vt 0.136468 0.153791
vt 0.135866 0.153389
vt 0.136940 0.152079
vt 0.137267 0.152297
vt 0.138074 0.158841
vt 0.138794 0.156467
vt 0.137416 0.161010
vt 0.138496 0.154794
vt 0.137827 0.154517
vt 0.138636 0.153003
vt 0.138998 0.153140
vt 0.140834 0.161690
vt 0.141056 0.159434
vt 0.144097 0.159434
vt 0.141299 0.156965
vt 0.143854 0.156965
vt 0.020322 0.006519
vt 0.023362 0.006519
vt 0.142938 0.155534
vt 0.142214 0.155534
vt 0.142382 0.153826
vt 0.142769 0.153814
vt 0.147737 0.161010
vt 0.144319 0.161690
vt 0.147079 0.158841
vt 0.149888 0.157677
vt 0.146359 0.156467
vt 0.148719 0.155489
vt 0.150955 0.159673
vt 0.147325 0.154517
vt 0.146657 0.154794
vt 0.146158 0.153152
vt 0.146511 0.152993
vt 0.153855 0.157740
vt 0.152416 0.155988
vt 0.154566 0.153838
vt 0.150843 0.154070
vt 0.152649 0.152264
vt 0.156319 0.155276
vt 0.150989 0.151899
vt 0.150478 0.152411
vt 0.149389 0.151084
vt 0.149654 0.150803
vt 0.158255 0.152378
vt 0.156256 0.151310
vt 0.157419 0.148500
vt 0.154068 0.150140
vt 0.155045 0.147780
vt 0.159585 0.149157
vt 0.153373 0.148078
vt 0.153096 0.148747
vt 0.151582 0.147938
vt 0.151719 0.147576
vt 0.155544 0.145275
vt 0.174408 0.102189
vt 0.173098 0.102172
vt 0.172608 0.089661
vt 0.173611 0.089674
vt 0.113269 0.147574
vt 0.111879 0.147583
vt 0.111879 0.133249
vt 0.113269 0.133240
vt 0.110569 0.147600
vt 0.109391 0.147625
vt 0.109391 0.133291
vt 0.110569 0.133266
vt 0.173098 0.116506
vt 0.114686 0.147574
vt 0.114686 0.133240
vt 0.174408 0.116523
vt 0.116075 0.147583
vt 0.116075 0.133249
vt 0.175586 0.116548
vt 0.175586 0.102214
vt 0.117384 0.147600
vt 0.117384 0.133266
vt 0.162367 0.153365
vt 0.161188 0.153292
vt 0.161188 0.139013
vt 0.162367 0.139087
vt 0.118562 0.147625
vt 0.118562 0.133291
vt 0.103601 0.147570
vt 0.102184 0.147565
vt 0.102233 0.133233
vt 0.103650 0.133238
vt 0.163676 0.153416
vt 0.163676 0.139138
vt 0.100793 0.147570
vt 0.099481 0.147585
vt 0.099531 0.133253
vt 0.100842 0.133238
vt 0.119564 0.147656
vt 0.119564 0.133322
vt 0.165066 0.153442
vt 0.165066 0.139164
vt 0.104989 0.147585
vt 0.105039 0.133253
vt 0.098300 0.147610
vt 0.097293 0.147643
vt 0.097343 0.133311
vt 0.098349 0.133278
vt 0.166483 0.153442
vt 0.166483 0.139164
vt 0.106296 0.147610
vt 0.106346 0.133278
vt 0.167873 0.153416
vt 0.167873 0.139138
vt 0.107471 0.147643
vt 0.107520 0.133311
vt 0.169182 0.153365
vt 0.169182 0.139087
vt 0.166415 0.116548
vt 0.165413 0.116580
vt 0.165413 0.102246
vt 0.166415 0.102214
vt 0.170360 0.153292
vt 0.170360 0.139013
vt 0.167593 0.116524
vt 0.167593 0.102189
vt 0.108388 0.147656
vt 0.108388 0.133322
vt 0.168902 0.116506
vt 0.168902 0.102172
vt 0.033894 0.095114
vt 0.034405 0.096071
vt 0.033658 0.096570
vt 0.033063 0.095457
vt 0.114519 0.120730
vt 0.115584 0.120737
vt 0.174513 0.089693
vt 0.116586 0.120750
vt 0.162261 0.126377
vt 0.163164 0.126434
vt 0.101370 0.120739
vt 0.102435 0.120735
vt 0.117489 0.120769
vt 0.164167 0.126473
vt 0.103521 0.120739
vt 0.118256 0.120793
vt 0.165231 0.126493
vt 0.104584 0.120751
vt 0.098689 0.120795
vt 0.099460 0.120769
vt 0.166317 0.126493
vt 0.105585 0.120769
vt 0.100365 0.120751
vt 0.167381 0.126473
vt 0.106485 0.120795
vt 0.168384 0.126434
vt 0.166721 0.089717
vt 0.167488 0.089693
vt 0.169286 0.126377
vt 0.168391 0.089674
vt 0.171362 0.138919
vt 0.170054 0.126305
vt 0.169393 0.089661
vt 0.110464 0.120769
vt 0.111366 0.120750
vt 0.170458 0.089654
vt 0.112369 0.120737
vt 0.171543 0.089654
vt 0.113434 0.120730
vt 0.065777 0.089775
vt 0.065800 0.091012
vt 0.064852 0.091012
vt 0.064829 0.089774
vt 0.102354 0.119746
vt 0.103616 0.119751
vt 0.066221 0.090023
vt 0.066115 0.088943
vt 0.066996 0.088767
vt 0.067120 0.090023
vt 0.033579 0.094075
vt 0.032697 0.094250
vt 0.104852 0.119764
vt 0.066115 0.091103
vt 0.066996 0.091278
vt 0.033472 0.092995
vt 0.032573 0.092995
vt 0.106015 0.119786
vt 0.065800 0.092142
vt 0.066630 0.092485
vt 0.033579 0.091915
vt 0.032697 0.091739
vt 0.036827 0.090055
vt 0.037038 0.091119
vt 0.036179 0.091380
vt 0.035933 0.090143
vt 0.099948 0.119764
vt 0.101116 0.119751
vt 0.033894 0.090876
vt 0.033063 0.090532
vt 0.036827 0.088969
vt 0.035933 0.088881
vt 0.034405 0.089919
vt 0.033658 0.089419
vt 0.037038 0.087905
vt 0.036179 0.087644
vt 0.035094 0.089080
vt 0.034458 0.088444
vt 0.167967 0.088693
vt 0.169132 0.088678
vt 0.035933 0.088391
vt 0.035433 0.087644
vt 0.170369 0.088670
vt 0.110943 0.119769
vt 0.112109 0.119754
vt 0.171631 0.088670
vt 0.113346 0.119746
vt 0.172868 0.088677
vt 0.114608 0.119746
vt 0.174034 0.088693
vt 0.115845 0.119754
vt 0.035094 0.096910
vt 0.035933 0.097598
vt 0.035433 0.098345
vt 0.034458 0.097545
vt 0.117010 0.119769
vt 0.065800 0.087904
vt 0.066630 0.087560
vt 0.065800 0.087560
vt 0.107061 0.119816
vt 0.106019 0.118835
vt 0.107064 0.118864
vt 0.099952 0.118813
vt 0.101119 0.118799
vt 0.065732 0.088609
vt 0.064784 0.088609
vt 0.166918 0.088715
vt 0.166026 0.088743
vt 0.166026 0.087791
vt 0.166918 0.087763
vt 0.065666 0.087560
vt 0.064718 0.087560
vt 0.167967 0.087741
vt 0.109894 0.119791
vt 0.109001 0.119819
vt 0.109001 0.118868
vt 0.109894 0.118840
vt 0.169132 0.087726
vt 0.110943 0.118818
vt 0.170369 0.087718
vt 0.112109 0.118802
vt 0.171631 0.087718
vt 0.113346 0.118795
vt 0.172868 0.087726
vt 0.114608 0.118795
vt 0.174034 0.087741
vt 0.115845 0.118802
vt 0.175083 0.088715
vt 0.175083 0.087763
vt 0.117010 0.118818
vt 0.065732 0.094676
vt 0.065666 0.095725
vt 0.064718 0.095725
vt 0.064784 0.094676
vt 0.102358 0.118795
vt 0.118059 0.119791
vt 0.118059 0.118840
vt 0.065777 0.093511
vt 0.064829 0.093511
vt 0.103619 0.118799
vt 0.118950 0.119819
vt 0.118950 0.118868
vt 0.065800 0.092273
vt 0.064852 0.092273
vt 0.104855 0.118813
vt 0.098896 0.119786
vt 0.098000 0.119816
vt 0.098004 0.118864
vt 0.098900 0.118835
vt 0.097656 0.157633
vt 0.098190 0.158432
vt 0.097010 0.159402
vt 0.096309 0.158353
vt 0.098871 0.159113
vt 0.097902 0.160294
vt 0.099671 0.159647
vt 0.098951 0.160994
vt 0.100560 0.160015
vt 0.100116 0.161477
vt 0.101503 0.160203
vt 0.101353 0.161723
vt 0.102465 0.160203
vt 0.102615 0.161723
vt 0.103409 0.160015
vt 0.103852 0.161477
vt 0.104298 0.159647
vt 0.105018 0.160994
vt 0.105098 0.159113
vt 0.106067 0.160294
vt 0.105778 0.158432
vt 0.106959 0.159402
vt 0.106312 0.157633
vt 0.107660 0.158353
vt 0.106681 0.156744
vt 0.108142 0.157187
vt 0.106868 0.155800
vt 0.108388 0.155950
vt 0.106868 0.154838
vt 0.108388 0.154688
vt 0.106681 0.153894
vt 0.108142 0.153451
vt 0.106312 0.153006
vt 0.107660 0.152286
vt 0.105778 0.152206
vt 0.106959 0.151237
vt 0.105098 0.151525
vt 0.106067 0.150345
vt 0.104298 0.150991
vt 0.105018 0.149644
vt 0.103409 0.150623
vt 0.103852 0.149161
vt 0.102465 0.150435
vt 0.102615 0.148915
vt 0.101503 0.150435
vt 0.101353 0.148915
vt 0.100560 0.150623
vt 0.100116 0.149161
vt 0.099671 0.150991
vt 0.098951 0.149644
vt 0.098871 0.151525
vt 0.097902 0.150345
vt 0.098190 0.152206
vt 0.097010 0.151237
vt 0.097656 0.153006
vt 0.096309 0.152286
vt 0.097288 0.153894
vt 0.095826 0.153451
vt 0.097100 0.154838
vt 0.095580 0.154688
vt 0.097100 0.155800
vt 0.095580 0.155950
vt 0.097288 0.156744
vt 0.095826 0.157187
vt 0.144472 0.132612
vt 0.145182 0.132754
vt 0.144680 0.134408
vt 0.144303 0.134321
vt 0.146656 0.133202
vt 0.147325 0.133479
vt 0.146500 0.135023
vt 0.146148 0.134878
vt 0.148684 0.134205
vt 0.149286 0.134607
vt 0.148175 0.135961
vt 0.147859 0.135750
vt 0.151967 0.137287
vt 0.152369 0.137890
vt 0.150845 0.138704
vt 0.150640 0.138376
vt 0.153095 0.139249
vt 0.153373 0.139918
vt 0.151696 0.140426
vt 0.151551 0.140074
vt 0.152370 0.150106
vt 0.151967 0.150708
vt 0.150631 0.149611
vt 0.150856 0.149297
vt 0.153820 0.141392
vt 0.153961 0.142102
vt 0.152218 0.142274
vt 0.152144 0.141901
vt 0.131780 0.139918
vt 0.132057 0.139249
vt 0.133581 0.140063
vt 0.133422 0.140416
vt 0.149287 0.153389
vt 0.148684 0.153791
vt 0.147870 0.152267
vt 0.148198 0.152062
vt 0.145182 0.155242
vt 0.144472 0.155382
vt 0.144302 0.153663
vt 0.144684 0.153599
vt 0.135866 0.134607
vt 0.136468 0.134205
vt 0.137283 0.135729
vt 0.136955 0.135934
vt 0.140681 0.155383
vt 0.139971 0.155241
vt 0.140472 0.153588
vt 0.140849 0.153675
vt 0.151049 0.143937
vt 0.150872 0.142408
vt 0.150357 0.140711
vt 0.149655 0.139341
vt 0.148611 0.138052
vt 0.147220 0.136942
vt 0.145863 0.136217
vt 0.144167 0.135677
vt 0.137818 0.136989
vt 0.139278 0.136193
vt 0.134726 0.140814
vt 0.135568 0.139239
vt 0.140864 0.152296
vt 0.139390 0.151849
vt 0.144170 0.152320
vt 0.142514 0.152469
vt 0.147233 0.151077
vt 0.145760 0.151848
vt 0.149587 0.148756
vt 0.148522 0.150032
vt 0.150875 0.145711
vt 0.150378 0.147297
vt 0.142512 0.135500
vt 0.140855 0.135676
vt 0.136522 0.138034
vt 0.134229 0.142403
vt 0.134079 0.143934
vt 0.134254 0.145719
vt 0.134701 0.147190
vt 0.135546 0.148772
vt 0.136613 0.150052
vt 0.137802 0.151028
vt 0.168027 0.117764
vt 0.169485 0.117740
vt 0.170994 0.117735
vt 0.109644 0.148854
vt 0.110993 0.148840
vt 0.112452 0.148817
vt 0.172512 0.117750
vt 0.113971 0.148822
vt 0.173984 0.117764
vt 0.115492 0.148817
vt 0.175333 0.117777
vt 0.116950 0.148840
vt 0.161445 0.154635
vt 0.160269 0.154536
vt 0.118301 0.148854
vt 0.162801 0.154703
vt 0.099902 0.148813
vt 0.101366 0.148811
vt 0.102885 0.148811
vt 0.119476 0.148893
vt 0.164260 0.154736
vt 0.104414 0.148822
vt 0.096400 0.148915
vt 0.097381 0.148875
vt 0.165780 0.154750
vt 0.105865 0.148834
vt 0.098556 0.148844
vt 0.167289 0.154736
vt 0.107204 0.148875
vt 0.168761 0.154694
vt 0.108388 0.148915
vt 0.170107 0.154627
vt 0.165501 0.117817
vt 0.166671 0.117786
vt 0.171287 0.154536
vt 0.108471 0.148884
vt 0.141051 0.151638
vt 0.139592 0.151186
vt 0.138247 0.137530
vt 0.139603 0.136805
vt 0.144091 0.151640
vt 0.142570 0.151781
vt 0.146900 0.150479
vt 0.145549 0.151191
vt 0.135383 0.141025
vt 0.136108 0.139668
vt 0.150211 0.142485
vt 0.150360 0.144004
vt 0.149765 0.141014
vt 0.149051 0.148317
vt 0.148076 0.149506
vt 0.149057 0.139674
vt 0.150217 0.145523
vt 0.149765 0.146982
vt 0.146895 0.137523
vt 0.148084 0.138498
vt 0.145561 0.136809
vt 0.144089 0.136363
vt 0.171362 0.153197
vt 0.141062 0.136355
vt 0.142571 0.136207
vt 0.137064 0.138493
vt 0.134934 0.142483
vt 0.134785 0.144003
vt 0.134934 0.145512
vt 0.135381 0.146984
vt 0.136101 0.148331
vt 0.137071 0.149511
vt 0.138243 0.150473
vt 0.174409 0.040446
vt 0.175092 0.040424
vt 0.176261 0.054907
vt 0.175357 0.054936
vt 0.171870 0.054977
vt 0.173119 0.054972
vt 0.173069 0.069256
vt 0.171820 0.069260
vt 0.121977 0.148893
vt 0.122940 0.148893
vt 0.123094 0.163133
vt 0.121822 0.163133
vt 0.110540 0.148913
vt 0.111428 0.148927
vt 0.110925 0.163418
vt 0.109749 0.163398
vt 0.173606 0.040463
vt 0.174296 0.054958
vt 0.121034 0.148911
vt 0.120574 0.163157
vt 0.109739 0.148893
vt 0.108691 0.163373
vt 0.172716 0.040473
vt 0.120145 0.148946
vt 0.119399 0.163202
vt 0.124772 0.148946
vt 0.125572 0.148996
vt 0.126575 0.163269
vt 0.125517 0.163202
vt 0.171772 0.040477
vt 0.119345 0.148996
vt 0.118341 0.163269
vt 0.123883 0.148911
vt 0.124342 0.163157
vt 0.170810 0.040473
vt 0.170598 0.054972
vt 0.164600 0.040445
vt 0.165281 0.040424
vt 0.166503 0.054899
vt 0.165603 0.054928
vt 0.169867 0.040463
vt 0.169351 0.054958
vt 0.163800 0.040462
vt 0.164545 0.054950
vt 0.168980 0.040446
vt 0.168178 0.054936
vt 0.162911 0.040474
vt 0.163370 0.054965
vt 0.168182 0.040424
vt 0.167123 0.054907
vt 0.161967 0.040479
vt 0.162122 0.054973
vt 0.115966 0.148913
vt 0.116646 0.148893
vt 0.117824 0.163373
vt 0.116925 0.163398
vt 0.161005 0.040479
vt 0.160850 0.054973
vt 0.115166 0.148927
vt 0.115867 0.163418
vt 0.160062 0.040474
vt 0.159602 0.054965
vt 0.114278 0.148936
vt 0.114692 0.163429
vt 0.159173 0.040462
vt 0.158427 0.054950
vt 0.113334 0.148939
vt 0.113445 0.163433
vt 0.158373 0.040445
vt 0.157369 0.054928
vt 0.112372 0.148936
vt 0.112172 0.163429
vt 0.157693 0.040424
vt 0.156470 0.054899
vt 0.156470 0.069186
vt 0.157370 0.069214
vt 0.157115 0.070408
vt 0.156160 0.070378
vt 0.119399 0.177433
vt 0.118341 0.177499
vt 0.125517 0.177433
vt 0.124342 0.177387
vt 0.170548 0.069256
vt 0.166503 0.069186
vt 0.165604 0.069214
vt 0.123094 0.177364
vt 0.169302 0.069242
vt 0.164546 0.069236
vt 0.168128 0.069220
vt 0.163370 0.069252
vt 0.167074 0.069190
vt 0.162122 0.069259
vt 0.117780 0.177659
vt 0.116881 0.177685
vt 0.160850 0.069259
vt 0.115823 0.177704
vt 0.159602 0.069252
vt 0.114648 0.177715
vt 0.158427 0.069236
vt 0.113400 0.177719
vt 0.112128 0.177715
vt 0.110880 0.177704
vt 0.176211 0.069190
vt 0.175308 0.069220
vt 0.121822 0.177364
vt 0.109705 0.177685
vt 0.174247 0.069242
vt 0.120574 0.177387
vt 0.108647 0.177659
vt 0.126575 0.177499
vt 0.138050 0.064556
vt 0.142126 0.064556
vt 0.142126 0.085036
vt 0.138050 0.085036
vt 0.077881 0.063948
vt 0.081882 0.063920
vt 0.081878 0.084477
vt 0.077877 0.084505
vt 0.089952 0.063952
vt 0.093711 0.064011
vt 0.093707 0.084568
vt 0.089948 0.084509
vt 0.070710 0.064086
vt 0.074108 0.064004
vt 0.074105 0.084561
vt 0.070706 0.084643
vt 0.146124 0.064481
vt 0.146124 0.084961
vt 0.097090 0.064095
vt 0.097086 0.084652
vt 0.149889 0.064335
vt 0.149889 0.084815
vt 0.037914 0.064194
vt 0.040795 0.064103
vt 0.040795 0.084664
vt 0.037914 0.084755
vt 0.153278 0.064122
vt 0.153278 0.084602
vt 0.044183 0.064032
vt 0.044183 0.084592
vt 0.005769 0.064194
vt 0.008652 0.064103
vt 0.008652 0.084664
vt 0.005769 0.084755
vt 0.047948 0.063983
vt 0.047948 0.084543
vt 0.012042 0.064032
vt 0.012042 0.084593
vt 0.051946 0.063957
vt 0.051946 0.084518
vt 0.015808 0.063983
vt 0.015808 0.084544
vt 0.056022 0.063957
vt 0.056022 0.084518
vt 0.019806 0.063958
vt 0.019806 0.084519
vt 0.060020 0.063983
vt 0.060019 0.084543
vt 0.023882 0.063958
vt 0.023882 0.084519
vt 0.063786 0.064032
vt 0.063786 0.084592
vt 0.027879 0.063983
vt 0.027879 0.084544
vt 0.067176 0.064103
vt 0.067176 0.084664
vt 0.031644 0.064032
vt 0.031644 0.084593
vt 0.126897 0.064123
vt 0.130287 0.064335
vt 0.130287 0.084815
vt 0.126897 0.084603
vt 0.035033 0.064104
vt 0.035033 0.084664
vt 0.134053 0.064481
vt 0.134053 0.084961
vt 0.085958 0.063921
vt 0.085954 0.084478
vt 0.037914 0.064194
vt 0.037914 0.084755
vt 0.067815 0.064191
vt 0.067811 0.084748
vt 0.142144 0.116694
vt 0.140332 0.115726
vt 0.138744 0.114423
vt 0.137441 0.112834
vt 0.136472 0.111023
vt 0.135876 0.109057
vt 0.135674 0.107012
vt 0.135876 0.104967
vt 0.136472 0.103001
vt 0.137441 0.101189
vt 0.138744 0.099601
vt 0.140332 0.098298
vt 0.142144 0.097330
vt 0.144110 0.096733
vt 0.146154 0.096532
vt 0.148199 0.096733
vt 0.150165 0.097330
vt 0.151977 0.098298
vt 0.153565 0.099601
vt 0.154868 0.101189
vt 0.155837 0.103001
vt 0.156433 0.104967
vt 0.156635 0.107012
vt 0.156433 0.109057
vt 0.155837 0.111023
vt 0.154868 0.112834
vt 0.153565 0.114423
vt 0.151977 0.115726
vt 0.150165 0.116694
vt 0.148199 0.117291
vt 0.146154 0.117492
vt 0.144110 0.117291
vt 0.080309 0.087354
vt 0.076283 0.087326
vt 0.084093 0.087343
vt 0.087508 0.087357
vt 0.091484 0.087402
vt 0.094505 0.087463
vt 0.097452 0.087551
vt 0.040161 0.087560
vt 0.043376 0.087477
vt 0.046403 0.087426
vt 0.050385 0.087388
vt 0.054167 0.087377
vt 0.057942 0.087390
vt 0.061566 0.087426
vt 0.064898 0.087483
vt 0.067811 0.087560
vt 0.129479 0.087421
vt 0.132845 0.087586
vt 0.136489 0.087686
vt 0.140271 0.087718
vt 0.143696 0.087626
vt 0.147669 0.087573
vt 0.151001 0.087402
vt 0.153913 0.087173
vt 0.008275 0.087552
vt 0.010929 0.087484
vt 0.014600 0.087422
vt 0.017885 0.087391
vt 0.021660 0.087378
vt 0.025443 0.087389
vt 0.029086 0.087422
vt 0.032451 0.087477
vt 0.035408 0.087552
vt 0.037843 0.087644
vt 0.070060 0.087551
vt 0.072982 0.087463
vt 0.138314 0.121447
vt 0.141281 0.122700
vt 0.140692 0.125681
vt 0.136863 0.124007
vt 0.133726 0.121868
vt 0.135648 0.119640
vt 0.131299 0.119441
vt 0.133387 0.117348
vt 0.128987 0.115981
vt 0.131616 0.114658
vt 0.127673 0.112809
vt 0.130467 0.111886
vt 0.126897 0.109092
vt 0.129818 0.108732
vt 0.126897 0.104931
vt 0.129818 0.105292
vt 0.127567 0.101564
vt 0.130403 0.102349
vt 0.129160 0.097720
vt 0.131616 0.099365
vt 0.131299 0.094583
vt 0.133526 0.096506
vt 0.134009 0.091923
vt 0.135648 0.094383
vt 0.137186 0.089844
vt 0.138508 0.092473
vt 0.140708 0.088424
vt 0.141492 0.091260
vt 0.144439 0.087718
vt 0.144435 0.090675
vt 0.148236 0.087754
vt 0.147874 0.090675
vt 0.151953 0.088530
vt 0.150818 0.091260
vt 0.155447 0.090016
vt 0.153995 0.092576
vt 0.158347 0.091854
vt 0.156661 0.094383
vt 0.161244 0.094866
vt 0.158783 0.096506
vt 0.163323 0.098042
vt 0.160694 0.099365
vt 0.164743 0.101564
vt 0.161842 0.102138
vt 0.165413 0.104931
vt 0.162513 0.105511
vt 0.165413 0.109092
vt 0.162513 0.108512
vt 0.164743 0.112459
vt 0.161906 0.111675
vt 0.163323 0.115981
vt 0.160694 0.114658
vt 0.161244 0.119158
vt 0.158923 0.117348
vt 0.158584 0.121868
vt 0.156661 0.119640
vt 0.155447 0.124007
vt 0.153801 0.121551
vt 0.151953 0.125493
vt 0.151029 0.122700
vt 0.148236 0.126269
vt 0.147874 0.123349
vt 0.144439 0.126305
vt 0.144435 0.123349
vt 0.139304 0.119056
vt 0.142482 0.120372
vt 0.137086 0.117488
vt 0.135217 0.115518
vt 0.134111 0.113862
vt 0.133006 0.111381
vt 0.132335 0.108007
vt 0.132335 0.106016
vt 0.133006 0.102643
vt 0.133768 0.100803
vt 0.135217 0.098506
vt 0.137649 0.096074
vt 0.139946 0.094625
vt 0.142482 0.093652
vt 0.145159 0.093192
vt 0.147874 0.093263
vt 0.150523 0.093863
vt 0.153005 0.094968
vt 0.154660 0.096074
vt 0.157092 0.098506
vt 0.158199 0.100162
vt 0.159303 0.102643
vt 0.159974 0.106016
vt 0.159974 0.108007
vt 0.159515 0.110685
vt 0.158542 0.113220
vt 0.157092 0.115518
vt 0.155223 0.117488
vt 0.153005 0.119056
vt 0.150523 0.120161
vt 0.147874 0.120761
vt 0.145159 0.120832
vt 0.114272 0.108882
vt 0.115520 0.108365
vt 0.115870 0.109020
vt 0.114488 0.109592
vt 0.112085 0.178912
vt 0.110760 0.178899
vt 0.176516 0.070384
vt 0.175557 0.070416
vt 0.123133 0.178505
vt 0.121783 0.178505
vt 0.109512 0.178879
vt 0.174430 0.070439
vt 0.120458 0.178530
vt 0.108388 0.178852
vt 0.173180 0.070454
vt 0.119210 0.178579
vt 0.126830 0.178649
vt 0.125706 0.178579
vt 0.171854 0.070459
vt 0.118087 0.178649
vt 0.124458 0.178530
vt 0.170503 0.070454
vt 0.166814 0.070378
vt 0.165858 0.070408
vt 0.169179 0.070439
vt 0.164735 0.070431
vt 0.167934 0.070416
vt 0.163486 0.070448
vt 0.166814 0.070384
vt 0.162161 0.070456
vt 0.118087 0.178852
vt 0.117132 0.178879
vt 0.160810 0.070456
vt 0.116009 0.178899
vt 0.159486 0.070448
vt 0.114761 0.178912
vt 0.158238 0.070431
vt 0.113436 0.178916
vt 0.118173 0.097445
vt 0.117114 0.096387
vt 0.119092 0.093978
vt 0.120582 0.095468
vt 0.114272 0.095693
vt 0.112947 0.095430
vt 0.113020 0.094691
vt 0.114488 0.094983
vt 0.106945 0.106659
vt 0.107900 0.107614
vt 0.107429 0.108188
vt 0.106371 0.107130
vt 0.115520 0.096210
vt 0.115870 0.095556
vt 0.106195 0.105536
vt 0.105540 0.105886
vt 0.116644 0.096961
vt 0.105678 0.104288
vt 0.104967 0.104504
vt 0.117599 0.097916
vt 0.105414 0.102963
vt 0.104675 0.103036
vt 0.118349 0.099039
vt 0.119004 0.098689
vt 0.105414 0.101612
vt 0.104675 0.101540
vt 0.118866 0.100287
vt 0.119577 0.100072
vt 0.105678 0.100287
vt 0.104967 0.100072
vt 0.119130 0.101612
vt 0.119868 0.101540
vt 0.106195 0.099039
vt 0.105540 0.098689
vt 0.119130 0.102963
vt 0.119868 0.103036
vt 0.106945 0.097916
vt 0.106371 0.097445
vt 0.118866 0.104288
vt 0.119577 0.104504
vt 0.107900 0.096961
vt 0.107429 0.096387
vt 0.112947 0.109145
vt 0.113020 0.109884
vt 0.118349 0.105536
vt 0.119004 0.105886
vt 0.109024 0.096210
vt 0.108674 0.095556
vt 0.111597 0.109145
vt 0.111524 0.109884
vt 0.117599 0.106659
vt 0.118173 0.107130
vt 0.110272 0.095693
vt 0.110056 0.094983
vt 0.110272 0.108882
vt 0.110056 0.109592
vt 0.116644 0.107614
vt 0.117114 0.108188
vt 0.111597 0.095430
vt 0.111524 0.094691
vt 0.109024 0.108365
vt 0.108674 0.109020
vt 0.122970 0.101235
vt 0.122559 0.099168
vt 0.125964 0.098135
vt 0.126512 0.100886
vt 0.101984 0.105409
vt 0.101573 0.103342
vt 0.121753 0.097221
vt 0.101573 0.101235
vt 0.101984 0.099168
vt 0.102791 0.097221
vt 0.122970 0.103342
vt 0.103962 0.095468
vt 0.122559 0.105409
vt 0.105452 0.093978
vt 0.115392 0.112576
vt 0.113325 0.112987
vt 0.121753 0.107356
vt 0.107204 0.092807
vt 0.111218 0.112987
vt 0.120582 0.109108
vt 0.109151 0.092001
vt 0.109151 0.112576
vt 0.119092 0.110598
vt 0.111218 0.091590
vt 0.107204 0.111769
vt 0.117339 0.111769
vt 0.113325 0.091590
vt 0.105452 0.110598
vt 0.115392 0.092001
vt 0.103962 0.109108
vt 0.117339 0.092807
vt 0.102791 0.107356
vt 0.113674 0.116529
vt 0.116425 0.115982
vt 0.117085 0.118160
vt 0.113897 0.118795
vt 0.098578 0.098135
vt 0.099652 0.095543
vt 0.126512 0.103691
vt 0.101210 0.093211
vt 0.125964 0.106443
vt 0.103194 0.091228
vt 0.124891 0.109034
vt 0.105526 0.089669
vt 0.110869 0.116529
vt 0.123333 0.111366
vt 0.108118 0.088596
vt 0.108118 0.115982
vt 0.121349 0.113350
vt 0.110869 0.088048
vt 0.105526 0.114908
vt 0.119017 0.114908
vt 0.113674 0.088048
vt 0.103194 0.113350
vt 0.116425 0.088596
vt 0.101210 0.111366
vt 0.119017 0.089669
vt 0.099652 0.109034
vt 0.121349 0.091228
vt 0.098578 0.106443
vt 0.123333 0.093211
vt 0.098031 0.103691
vt 0.124891 0.095543
vt 0.098031 0.100886
vt 0.009970 0.087990
vt 0.012673 0.087820
vt 0.012021 0.090695
vt 0.009092 0.090878
vt 0.043250 0.087560
vt 0.045842 0.087594
vt 0.045182 0.090110
vt 0.042178 0.090071
vt 0.101750 0.089470
vt 0.104453 0.087663
vt 0.110645 0.118795
vt 0.126897 0.110108
vt 0.125091 0.112811
vt 0.084052 0.087592
vt 0.086648 0.087553
vt 0.087712 0.090074
vt 0.084703 0.090119
vt 0.107457 0.118160
vt 0.122792 0.115110
vt 0.081298 0.087612
vt 0.081512 0.090142
vt 0.104453 0.116916
vt 0.120089 0.116916
vt 0.078493 0.087612
vt 0.078260 0.090141
vt 0.101750 0.115110
vt 0.075744 0.087591
vt 0.075074 0.090117
vt 0.099451 0.112811
vt 0.073157 0.087551
vt 0.072076 0.090071
vt 0.116328 0.006553
vt 0.118920 0.006519
vt 0.119992 0.009029
vt 0.116988 0.009068
vt 0.120089 0.087663
vt 0.122792 0.089470
vt 0.113577 0.006570
vt 0.113799 0.009088
vt 0.125091 0.091768
vt 0.110772 0.006570
vt 0.110548 0.009088
vt 0.126897 0.094472
vt 0.108021 0.006553
vt 0.107359 0.009068
vt 0.054150 0.087594
vt 0.056741 0.087560
vt 0.057814 0.090070
vt 0.054811 0.090110
vt 0.105429 0.006519
vt 0.104356 0.009029
vt 0.051399 0.087611
vt 0.051622 0.090130
vt 0.096400 0.097475
vt 0.097645 0.094472
vt 0.048593 0.087611
vt 0.048371 0.090130
vt 0.099451 0.091768
vt 0.117389 0.012110
vt 0.120644 0.012068
vt 0.121151 0.015917
vt 0.117701 0.015962
vt 0.025305 0.087703
vt 0.028309 0.087820
vt 0.028961 0.090695
vt 0.025706 0.090568
vt 0.081641 0.093192
vt 0.078119 0.093192
vt 0.122696 0.008972
vt 0.124996 0.008900
vt 0.126065 0.011928
vt 0.123573 0.012006
vt 0.022116 0.087644
vt 0.022252 0.090504
vt 0.074667 0.093166
vt 0.071419 0.093116
vt 0.069381 0.090004
vt 0.068499 0.093044
vt 0.113934 0.012132
vt 0.060517 0.090013
vt 0.062815 0.089941
vt 0.063884 0.092969
vt 0.061395 0.093048
vt 0.110412 0.012132
vt 0.058467 0.093109
vt 0.106957 0.012110
vt 0.055213 0.093152
vt 0.103703 0.012068
vt 0.051758 0.093174
vt 0.101653 0.008972
vt 0.100775 0.012006
vt 0.048236 0.093174
vt 0.099355 0.008900
vt 0.098286 0.011928
vt 0.044781 0.093152
vt 0.090423 0.090008
vt 0.092732 0.089924
vt 0.093797 0.092956
vt 0.091296 0.093047
vt 0.018865 0.087644
vt 0.018729 0.090504
vt 0.041526 0.093110
vt 0.088359 0.093119
vt 0.015676 0.087703
vt 0.015275 0.090568
vt 0.039474 0.090014
vt 0.038597 0.093048
vt 0.085099 0.093168
vt 0.031012 0.087990
vt 0.031890 0.090878
vt 0.106644 0.015962
vt 0.110306 0.015985
vt 0.110306 0.084998
vt 0.106644 0.084975
vt 0.070907 0.096969
vt 0.067811 0.096892
vt 0.114039 0.015985
vt 0.064718 0.096810
vt 0.062079 0.096893
vt 0.058975 0.096958
vt 0.055526 0.097003
vt 0.103195 0.015917
vt 0.051864 0.097027
vt 0.100091 0.015851
vt 0.048131 0.097027
vt 0.097452 0.015768
vt 0.044469 0.097004
vt 0.094627 0.096800
vt 0.091976 0.096896
vt 0.022357 0.094207
vt 0.018624 0.094207
vt 0.041019 0.096959
vt 0.088863 0.096972
vt 0.014962 0.094275
vt 0.037914 0.096893
vt 0.085407 0.097024
vt 0.011513 0.094409
vt 0.032573 0.094604
vt 0.029469 0.094409
vt 0.081742 0.097050
vt 0.008408 0.094604
vt 0.026019 0.094275
vt 0.078009 0.097049
vt 0.126897 0.015769
vt 0.124256 0.015852
vt 0.074350 0.097022
vt 0.187835 0.011389
vt 0.189909 0.014493
vt 0.188135 0.015441
vt 0.186280 0.012665
vt 0.058975 0.165972
vt 0.055526 0.166017
vt 0.103195 0.084930
vt 0.051864 0.166040
vt 0.100091 0.084865
vt 0.048131 0.166040
vt 0.097452 0.084782
vt 0.044469 0.166017
vt 0.094627 0.165801
vt 0.091976 0.165898
vt 0.022357 0.162950
vt 0.018624 0.162950
vt 0.041019 0.165972
vt 0.088863 0.165973
vt 0.014962 0.163019
vt 0.037914 0.165907
vt 0.085407 0.166025
vt 0.011513 0.163153
vt 0.032573 0.163347
vt 0.029469 0.163153
vt 0.081742 0.166051
vt 0.008408 0.163347
vt 0.026019 0.163019
vt 0.078009 0.166051
vt 0.126897 0.084782
vt 0.124256 0.084865
vt 0.074350 0.166023
vt 0.121151 0.084931
vt 0.070907 0.165970
vt 0.117701 0.084976
vt 0.067811 0.165894
vt 0.114039 0.084998
vt 0.064718 0.165823
vt 0.062079 0.165906
vt 0.171443 0.040424
vt 0.168168 0.039772
vt 0.165082 0.038494
vt 0.162306 0.036639
vt 0.159945 0.034278
vt 0.158089 0.031501
vt 0.156811 0.028416
vt 0.156160 0.025141
vt 0.156160 0.021802
vt 0.156811 0.018527
vt 0.158089 0.015441
vt 0.159945 0.012665
vt 0.162306 0.010304
vt 0.165082 0.008448
vt 0.168168 0.007170
vt 0.171443 0.006519
vt 0.174782 0.006519
vt 0.178057 0.007170
vt 0.181142 0.008448
vt 0.183919 0.010304
vt 0.189413 0.018527
vt 0.190065 0.021802
vt 0.190065 0.025141
vt 0.189413 0.028416
vt 0.188135 0.031501
vt 0.186280 0.034278
vt 0.183919 0.036639
vt 0.181142 0.038494
vt 0.178057 0.039772
vt 0.174782 0.040424
vt 0.048327 0.168705
vt 0.045052 0.168684
vt 0.185195 0.008749
vt 0.022160 0.165855
vt 0.018821 0.165855
vt 0.041966 0.168644
vt 0.090707 0.168568
vt 0.087922 0.168635
vt 0.015546 0.165916
vt 0.039189 0.168585
vt 0.084832 0.168682
vt 0.012461 0.166036
vt 0.031298 0.166210
vt 0.028521 0.166036
vt 0.081554 0.168705
vt 0.009685 0.166210
vt 0.025436 0.165916
vt 0.078214 0.168705
vt 0.005769 0.163595
vt 0.007324 0.166432
vt 0.074942 0.168680
vt 0.122981 0.087544
vt 0.120204 0.087603
vt 0.071862 0.168633
vt 0.117118 0.087643
vt 0.069094 0.168564
vt 0.113843 0.087663
vt 0.158390 0.011389
vt 0.161030 0.008749
vt 0.110503 0.087663
vt 0.060802 0.168585
vt 0.058026 0.168644
vt 0.107229 0.087643
vt 0.054942 0.168684
vt 0.104144 0.087602
vt 0.051667 0.168705
vt 0.101368 0.087544
s 1
usemtl Material
f 32/1/32 158/2/158 38/3/38 1/4/1
f 553/5/522 547/6/516 202/7/202 203/8/203
f 4/9/4 49/10/49 53/11/53 5/12/5
f 26/13/26 136/14/136 140/15/140 27/16/27
f 17/17/17 100/18/100 104/19/104 18/20/18
f 8/21/8 65/22/65 69/23/69 9/24/9
f 30/25/30 151/26/151 155/27/155 31/28/31
f 21/29/21 116/30/116 120/31/120 22/32/22
f 12/33/12 81/34/81 84/35/84 13/36/13
f 3/37/3 46/38/46 49/10/49 4/9/4
f 25/39/25 132/40/132 136/14/136 26/13/26
f 16/41/16 96/42/96 100/18/100 17/17/17
f 7/43/7 61/44/61 65/22/65 8/21/8
f 29/45/29 147/46/147 151/47/151 30/48/30
f 20/49/20 112/50/112 116/51/116 21/52/21
f 11/53/11 77/54/77 81/34/81 12/33/12
f 2/55/2 43/56/43 46/38/46 3/37/3
f 1/4/1 38/3/38 43/56/43 2/55/2
f 24/57/24 128/58/128 132/40/132 25/39/25
f 15/59/15 92/60/92 96/42/96 16/41/16
f 6/61/6 57/62/57 61/63/61 7/64/7
f 28/65/28 143/66/143 147/46/147 29/45/29
f 19/67/19 108/68/108 112/69/112 20/70/20
f 10/71/10 73/72/73 77/73/77 11/74/11
f 23/75/23 124/76/124 128/58/128 24/57/24
f 14/77/14 88/78/88 92/60/92 15/59/15
f 5/12/5 53/11/53 57/79/57 6/80/6
f 27/16/27 140/15/140 143/66/143 28/65/28
f 18/20/18 104/19/104 108/68/108 19/67/19
f 9/24/9 69/23/69 73/72/73 10/71/10
f 31/28/31 155/27/155 158/2/158 32/1/32
f 22/32/22 120/31/120 124/76/124 23/75/23
f 13/36/13 84/35/84 88/81/88 14/82/14
f 43/83/43 38/84/38 40/85/40 45/86/45
f 45/86/45 40/85/40 41/87/41 44/88/44
f 44/88/44 41/87/41 39/89/39 42/90/42
f 46/91/46 43/83/43 45/86/45 48/92/48
f 48/92/48 45/86/45 44/88/44 47/93/47
f 47/93/47 44/88/44 42/90/42 37/94/37
f 49/95/49 46/91/46 48/92/48 51/96/51
f 51/96/51 48/92/48 47/93/47 50/97/50
f 50/97/50 47/93/47 37/94/37 34/98/34
f 53/99/53 49/95/49 51/96/51 55/100/55
f 55/100/55 51/96/51 50/97/50 54/101/54
f 54/101/54 50/97/50 34/98/34 52/102/52
f 57/103/57 53/99/53 55/100/55 59/104/59
f 59/104/59 55/100/55 54/101/54 58/105/58
f 58/105/58 54/101/54 52/102/52 56/106/56
f 61/107/61 57/108/57 59/109/59 63/110/63
f 63/110/63 59/109/59 58/111/58 62/112/62
f 62/112/62 58/111/58 56/113/56 60/114/60
f 65/115/65 61/107/61 63/110/63 67/116/67
f 67/116/67 63/110/63 62/112/62 66/117/66
f 66/117/66 62/112/62 60/114/60 64/118/64
f 69/119/69 65/115/65 67/116/67 71/120/71
f 71/120/71 67/116/67 66/117/66 70/121/70
f 70/121/70 66/117/66 64/118/64 68/122/68
f 73/123/73 69/119/69 71/120/71 75/124/75
f 75/124/75 71/120/71 70/121/70 74/125/74
f 74/125/74 70/121/70 68/122/68 72/126/72
f 77/127/77 73/123/73 75/124/75 79/128/79
f 79/128/79 75/124/75 74/125/74 78/129/78
f 78/129/78 74/125/74 72/126/72 76/130/76
f 81/131/81 77/127/77 79/128/79 83/132/83
f 83/132/83 79/128/79 78/129/78 82/133/82
f 82/133/82 78/129/78 76/130/76 80/134/80
f 84/135/84 81/131/81 83/132/83 86/136/86
f 86/136/86 83/132/83 82/133/82 85/137/85
f 85/137/85 82/133/82 80/134/80 33/138/33
f 88/139/88 84/135/84 86/136/86 90/140/90
f 90/140/90 86/136/86 85/137/85 89/141/89
f 89/141/89 85/137/85 33/138/33 87/142/87
f 92/143/92 88/144/88 90/145/90 94/146/94
f 94/146/94 90/145/90 89/147/89 93/148/93
f 93/148/93 89/147/89 87/149/87 91/150/91
f 96/151/96 92/143/92 94/146/94 98/152/98
f 98/152/98 94/146/94 93/148/93 97/153/97
f 97/153/97 93/148/93 91/150/91 95/154/95
f 100/155/100 96/151/96 98/152/98 102/156/102
f 102/156/102 98/152/98 97/153/97 101/157/101
f 101/157/101 97/153/97 95/154/95 99/158/99
f 104/159/104 100/155/100 102/156/102 106/160/106
f 106/160/106 102/156/102 101/157/101 105/161/105
f 105/161/105 101/157/101 99/158/99 103/162/103
f 108/163/108 104/159/104 106/160/106 110/164/110
f 110/164/110 106/160/106 105/161/105 109/165/109
f 109/165/109 105/161/105 103/162/103 107/166/107
f 112/167/112 108/163/108 110/164/110 114/168/114
f 114/168/114 110/164/110 109/165/109 113/169/113
f 113/169/113 109/165/109 107/166/107 111/170/111
f 116/171/116 112/167/112 114/168/114 118/172/118
f 118/172/118 114/168/114 113/169/113 117/173/117
f 117/173/117 113/169/113 111/170/111 115/174/115
f 120/175/120 116/171/116 118/172/118 122/176/122
f 122/176/122 118/172/118 117/173/117 121/177/121
f 121/177/121 117/173/117 115/174/115 119/178/119
f 124/179/124 120/180/120 122/181/122 126/182/126
f 126/182/126 122/181/122 121/183/121 125/184/125
f 125/184/125 121/183/121 119/185/119 123/186/123
f 128/187/128 124/179/124 126/182/126 130/188/130
f 130/188/130 126/182/126 125/184/125 129/189/129
f 129/189/129 125/184/125 123/186/123 127/190/127
f 132/191/132 128/187/128 130/188/130 134/192/134
f 134/192/134 130/188/130 129/189/129 133/193/133
f 133/193/133 129/189/129 127/190/127 131/194/131
f 136/195/136 132/191/132 134/192/134 138/196/138
f 138/196/138 134/192/134 133/193/133 137/197/137
f 137/197/137 133/193/133 131/194/131 135/198/135
f 140/199/140 136/195/136 138/196/138 142/200/142
f 142/200/142 138/196/138 137/197/137 141/201/141
f 141/201/141 137/197/137 135/198/135 139/202/139
f 143/203/143 140/199/140 142/200/142 145/204/145
f 145/204/145 142/200/142 141/201/141 144/205/144
f 144/205/144 141/201/141 139/202/139 36/206/36
f 147/207/147 143/203/143 145/204/145 149/208/149
f 149/208/149 145/204/145 144/205/144 148/209/148
f 148/209/148 144/205/144 36/206/36 146/210/146
f 151/211/151 147/207/147 149/208/149 153/212/153
f 153/212/153 149/208/149 148/209/148 152/213/152
f 152/213/152 148/209/148 146/210/146 150/214/150
f 155/215/155 151/216/151 153/217/153 157/218/157
f 157/218/157 153/217/153 152/219/152 156/220/156
f 156/220/156 152/219/152 150/221/150 154/222/154
f 158/223/158 155/215/155 157/218/157 160/224/160
f 160/224/160 157/218/157 156/220/156 159/225/159
f 159/225/159 156/220/156 154/222/154 35/226/35
f 38/84/38 158/223/158 160/224/160 40/85/40
f 40/85/40 160/224/160 159/225/159 41/87/41
f 41/87/41 159/225/159 35/226/35 39/89/39
f 42/227/42 39/228/39 161/229/161 162/230/162
f 360/231/329 353/232/322 489/233/458 357/234/326
f 355/235/324 486/236/455 483/237/452 488/238/457
f 37/94/37 42/90/42 162/239/162 163/240/163
f 163/241/163 162/230/162 362/242/331 367/243/336
f 34/244/34 37/245/37 163/241/163 164/246/164
f 164/246/164 163/241/163 367/243/336 374/247/343
f 52/248/52 34/244/34 164/246/164 165/249/165
f 166/250/166 165/249/165 377/251/346 382/252/351
f 165/249/165 164/246/164 374/247/343 377/251/346
f 56/253/56 52/248/52 165/249/165 166/250/166
f 380/254/349 376/255/345 490/256/459 379/257/348
f 60/258/60 56/253/56 166/250/166 167/259/167
f 167/259/167 166/250/166 382/252/351 389/260/358
f 64/261/64 60/258/60 167/259/167 168/262/168
f 168/262/168 167/259/167 389/260/358 394/263/363
f 68/264/68 64/261/64 168/262/168 169/265/169
f 170/266/170 169/265/169 397/267/366 400/268/369
f 169/265/169 168/262/168 394/263/363 397/267/366
f 72/269/72 68/264/68 169/265/169 170/266/170
f 398/270/367 396/271/365 495/272/464 497/273/466
f 171/274/171 170/266/170 400/268/369 403/275/372
f 76/130/76 72/126/72 170/276/170 171/277/171
f 401/278/370 399/279/368 496/280/465 500/281/469
f 172/282/172 171/274/171 403/275/372 409/283/378
f 80/284/80 76/285/76 171/274/171 172/282/172
f 407/286/376 402/287/371 499/288/468 405/289/374
f 33/290/33 80/284/80 172/282/172 173/291/173
f 174/292/174 173/291/173 412/293/381 415/294/384
f 87/295/87 33/290/33 173/291/173 174/292/174
f 413/296/382 411/297/380 504/298/473 506/299/475
f 175/300/175 174/292/174 415/294/384 420/301/389
f 91/302/91 87/295/87 174/292/174 175/300/175
f 418/303/387 414/304/383 505/305/474 417/306/386
f 95/154/95 91/150/91 175/307/175 176/308/176
f 177/309/177 176/310/176 423/311/392 426/312/395
f 99/158/99 95/154/95 176/308/176 177/313/177
f 424/314/393 422/315/391 511/316/480 513/317/482
f 178/318/178 177/309/177 426/312/395 429/319/398
f 103/162/103 99/158/99 177/313/177 178/320/178
f 427/321/396 425/322/394 512/323/481 517/324/486
f 179/325/179 178/318/178 429/319/398 432/326/401
f 107/166/107 103/162/103 178/320/178 179/327/179
f 430/328/399 428/329/397 516/330/485 519/331/488
f 180/332/180 179/325/179 432/326/401 435/333/404
f 111/170/111 107/166/107 179/327/179 180/334/180
f 433/335/402 431/336/400 518/337/487 523/338/492
f 181/339/181 180/332/180 435/333/404 438/340/407
f 115/341/115 111/342/111 180/332/180 181/339/181
f 436/343/405 434/344/403 522/345/491 525/346/494
f 182/347/182 181/339/181 438/340/407 441/348/410
f 119/349/119 115/341/115 181/339/181 182/347/182
f 439/350/408 437/351/406 524/352/493 528/353/497
f 183/354/183 182/347/182 441/348/410 444/355/413
f 123/356/123 119/349/119 182/347/182 183/354/183
f 442/357/411 440/358/409 527/359/496 532/360/501
f 184/361/184 183/354/183 444/355/413 451/362/420
f 127/363/127 123/356/123 183/354/183 184/361/184
f 449/364/418 443/365/412 531/366/500 447/367/416
f 131/368/131 127/363/127 184/361/184 185/369/185
f 186/370/186 185/369/185 454/371/423 460/372/429
f 135/198/135 131/194/131 185/373/185 186/374/186
f 458/375/427 453/376/422 533/377/502 457/378/426
f 139/379/139 135/380/135 186/370/186 187/381/187
f 188/382/188 187/381/187 463/383/432 469/384/438
f 36/385/36 139/379/139 187/381/187 188/382/188
f 467/386/436 462/387/431 536/388/505 466/389/435
f 146/390/146 36/385/36 188/382/188 189/391/189
f 190/392/190 189/391/189 472/393/441 478/394/447
f 150/395/150 146/390/146 189/391/189 190/392/190
f 476/396/445 471/397/440 539/398/508 475/399/444
f 154/400/154 150/395/150 190/392/190 191/401/191
f 192/402/192 191/401/191 481/403/450 487/404/456
f 35/405/35 154/400/154 191/401/191 192/402/192
f 485/406/454 480/407/449 542/408/511 484/409/453
f 39/228/39 35/405/35 192/402/192 161/229/161
f 162/230/162 161/229/161 354/410/323 362/242/331
f 205/411/205 204/412/204 236/413/236 237/414/237
f 555/415/524 551/416/520 216/417/216 217/418/217
f 549/419/518 608/420/577 214/421/214 215/422/215
f 557/423/526 553/5/522 203/8/203 204/412/204
f 560/424/529 555/415/524 217/418/217 218/425/218
f 562/426/531 557/423/526 204/412/204 205/411/205
f 564/427/533 560/424/529 218/425/218 219/428/219
f 565/429/534 562/426/531 205/411/205 206/430/206
f 567/431/536 564/427/533 219/428/219 220/432/220
f 569/433/538 565/434/534 206/435/206 207/436/207
f 576/437/545 567/431/536 220/432/220 221/438/221
f 580/439/549 574/440/543 194/441/194 195/442/195
f 578/443/547 569/433/538 207/436/207 208/444/208
f 572/445/541 593/446/562 224/447/224 193/448/193
f 583/449/552 576/437/545 221/438/221 222/450/222
f 586/451/555 578/443/547 208/444/208 209/452/209
f 587/453/556 580/439/549 195/442/195 196/454/196
f 588/455/557 583/456/552 222/457/222 223/458/223
f 589/459/558 586/451/555 209/452/209 210/460/210
f 591/461/560 587/453/556 196/454/196 197/462/197
f 593/446/562 588/455/557 223/458/223 224/447/224
f 596/463/565 589/459/558 210/460/210 211/464/211
f 598/465/567 591/461/560 197/462/197 198/466/198
f 601/467/570 596/463/565 211/464/211 212/468/212
f 574/440/543 572/445/541 193/448/193 194/441/194
f 602/469/571 598/470/567 198/471/198 199/472/199
f 604/473/573 601/467/570 212/468/212 213/474/213
f 606/475/575 602/469/571 199/472/199 200/476/200
f 608/420/577 604/477/573 213/478/213 214/421/214
f 547/6/516 545/479/514 201/480/201 202/7/202
f 551/416/520 549/419/518 215/422/215 216/417/216
f 240/481/240 239/482/239 271/483/271 272/484/272
f 219/428/219 218/425/218 250/485/250 251/486/251
f 206/430/206 205/411/205 237/414/237 238/487/238
f 220/432/220 219/428/219 251/486/251 252/488/252
f 207/436/207 206/435/206 238/489/238 239/490/239
f 194/441/194 193/448/193 225/491/225 226/492/226
f 221/438/221 220/432/220 252/488/252 253/493/253
f 208/444/208 207/436/207 239/490/239 240/494/240
f 195/442/195 194/441/194 226/492/226 227/495/227
f 222/450/222 221/438/221 253/493/253 254/496/254
f 209/452/209 208/444/208 240/494/240 241/497/241
f 196/454/196 195/442/195 227/495/227 228/498/228
f 223/458/223 222/457/222 254/499/254 255/500/255
f 210/460/210 209/452/209 241/497/241 242/501/242
f 197/462/197 196/454/196 228/498/228 229/502/229
f 224/447/224 223/458/223 255/500/255 256/503/256
f 211/464/211 210/460/210 242/501/242 243/504/243
f 198/466/198 197/462/197 229/502/229 230/505/230
f 193/448/193 224/447/224 256/503/256 225/491/225
f 212/468/212 211/464/211 243/504/243 244/506/244
f 199/472/199 198/471/198 230/507/230 231/508/231
f 213/474/213 212/468/212 244/506/244 245/509/245
f 200/476/200 199/472/199 231/508/231 232/510/232
f 214/511/214 213/474/213 245/509/245 246/512/246
f 201/480/201 200/476/200 232/510/232 233/513/233
f 215/422/215 214/421/214 246/514/246 247/515/247
f 202/7/202 201/480/201 233/513/233 234/516/234
f 216/417/216 215/422/215 247/515/247 248/517/248
f 203/8/203 202/7/202 234/516/234 235/518/235
f 217/418/217 216/417/216 248/517/248 249/519/249
f 204/412/204 203/8/203 235/518/235 236/413/236
f 218/425/218 217/418/217 249/519/249 250/485/250
f 275/520/275 274/521/274 338/522/307 339/523/308
f 227/495/227 226/492/226 258/524/258 259/525/259
f 254/526/254 253/527/253 285/528/285 286/529/286
f 241/530/241 240/481/240 272/484/272 273/531/273
f 228/498/228 227/495/227 259/525/259 260/532/260
f 255/533/255 254/526/254 286/529/286 287/534/287
f 242/535/242 241/530/241 273/531/273 274/536/274
f 229/502/229 228/498/228 260/532/260 261/537/261
f 256/538/256 255/533/255 287/534/287 288/539/288
f 243/540/243 242/535/242 274/536/274 275/541/275
f 230/542/230 229/543/229 261/544/261 262/545/262
f 225/491/225 256/503/256 288/546/288 257/547/257
f 244/548/244 243/540/243 275/541/275 276/549/276
f 231/550/231 230/542/230 262/545/262 263/551/263
f 245/552/245 244/548/244 276/549/276 277/553/277
f 232/554/232 231/550/231 263/551/263 264/555/264
f 246/556/246 245/552/245 277/553/277 278/557/278
f 233/513/233 232/510/232 264/558/264 265/559/265
f 247/560/247 246/556/246 278/557/278 279/561/279
f 234/516/234 233/513/233 265/559/265 266/562/266
f 248/517/248 247/515/247 279/563/279 280/564/280
f 235/518/235 234/516/234 266/562/266 267/565/267
f 249/519/249 248/517/248 280/564/280 281/566/281
f 236/413/236 235/518/235 267/565/267 268/567/268
f 250/485/250 249/519/249 281/566/281 282/568/282
f 237/414/237 236/413/236 268/567/268 269/569/269
f 251/486/251 250/485/250 282/568/282 283/570/283
f 238/571/238 237/572/237 269/573/269 270/574/270
f 252/488/252 251/486/251 283/570/283 284/575/284
f 239/482/239 238/571/238 270/574/270 271/483/271
f 226/492/226 225/491/225 257/547/257 258/524/258
f 253/527/253 252/576/252 284/577/284 285/528/285
f 314/578/289 313/578/289 633/578/289 634/578/289
f 262/579/262 261/537/261 325/580/294 326/581/295
f 257/547/257 288/546/288 352/582/321 321/583/290
f 276/584/276 275/520/275 339/523/308 340/585/309
f 263/586/263 262/587/262 326/588/295 327/589/296
f 277/590/277 276/584/276 340/585/309 341/591/310
f 264/558/264 263/586/263 327/589/296 328/592/297
f 278/593/278 277/594/277 341/595/310 342/596/311
f 265/559/265 264/558/264 328/592/297 329/597/298
f 279/563/279 278/593/278 342/596/311 343/598/312
f 266/562/266 265/559/265 329/597/298 330/599/299
f 280/564/280 279/563/279 343/598/312 344/600/313
f 267/565/267 266/562/266 330/599/299 331/601/300
f 281/566/281 280/564/280 344/600/313 345/602/314
f 268/567/268 267/565/267 331/601/300 332/603/301
f 282/568/282 281/566/281 345/602/314 346/604/315
f 269/569/269 268/567/268 332/603/301 333/605/302
f 283/570/283 282/568/282 346/604/315 347/606/316
f 270/607/270 269/569/269 333/605/302 334/608/303
f 284/575/284 283/570/283 347/606/316 348/609/317
f 271/610/271 270/611/270 334/612/303 335/613/304
f 258/524/258 257/547/257 321/583/290 322/614/291
f 285/615/285 284/575/284 348/609/317 349/616/318
f 272/617/272 271/610/271 335/613/304 336/618/305
f 259/525/259 258/524/258 322/614/291 323/619/292
f 286/620/286 285/615/285 349/616/318 350/621/319
f 273/622/273 272/617/272 336/618/305 337/623/306
f 260/532/260 259/525/259 323/619/292 324/624/293
f 287/625/287 286/626/286 350/627/319 351/628/320
f 274/521/274 273/622/273 337/623/306 338/522/307
f 261/537/261 260/532/260 324/624/293 325/580/294
f 288/546/288 287/625/287 351/628/320 352/582/321
f 289/629/289 290/630/289 322/631/291 321/632/290
f 290/630/289 291/633/289 323/634/292 322/631/291
f 291/633/289 292/635/289 324/636/293 323/634/292
f 292/635/289 293/637/289 325/638/294 324/636/293
f 293/637/289 294/639/289 326/640/295 325/638/294
f 294/639/289 295/641/289 327/642/296 326/640/295
f 295/641/289 296/643/289 328/644/297 327/642/296
f 296/643/289 297/645/289 329/646/298 328/644/297
f 297/645/289 298/647/289 330/648/299 329/646/298
f 298/647/289 299/649/289 331/650/300 330/648/299
f 299/649/289 300/651/289 332/652/301 331/650/300
f 300/651/289 301/653/289 333/654/302 332/652/301
f 301/653/289 302/655/289 334/656/303 333/654/302
f 302/655/289 303/657/289 335/658/304 334/656/303
f 303/657/289 304/659/289 336/660/305 335/658/304
f 304/659/289 305/661/289 337/662/306 336/660/305
f 305/661/289 306/663/289 338/664/307 337/662/306
f 306/663/289 307/665/289 339/666/308 338/664/307
f 307/665/289 308/667/289 340/668/309 339/666/308
f 308/667/289 309/669/289 341/670/310 340/668/309
f 309/669/289 310/671/289 342/672/311 341/670/310
f 310/671/289 311/673/289 343/674/312 342/672/311
f 311/673/289 312/675/289 344/676/313 343/674/312
f 312/675/289 313/677/289 345/678/314 344/676/313
f 313/677/289 314/679/289 346/680/315 345/678/314
f 314/679/289 315/681/289 347/682/316 346/680/315
f 315/681/289 316/683/289 348/684/317 347/682/316
f 316/683/289 317/685/289 349/686/318 348/684/317
f 317/685/289 318/687/289 350/688/319 349/686/318
f 318/687/289 319/689/289 351/690/320 350/688/319
f 319/689/289 320/691/289 352/692/321 351/690/320
f 320/691/289 289/629/289 321/632/290 352/692/321
f 545/479/514 606/475/575 200/476/200 201/480/201
f 395/693/364 393/694/362 391/695/360 493/696/462
f 392/697/361 388/698/357 386/699/355 390/700/359
f 387/701/356 381/702/350 378/703/347 383/704/352
f 375/705/344 373/706/342 371/707/340 491/708/460
f 191/401/191 190/392/190 478/394/447 481/403/450
f 372/709/341 366/710/335 364/711/333 368/712/337
f 479/713/448 477/714/446 474/715/443 543/716/512
f 176/310/176 175/300/175 420/301/389 423/311/392
f 189/391/189 188/382/188 469/384/438 472/393/441
f 365/717/334 361/718/330 356/719/325 363/720/332
f 421/721/390 419/722/388 416/723/385 509/724/478
f 470/725/439 468/726/437 465/727/434 540/728/509
f 187/381/187 186/370/186 460/372/429 463/383/432
f 173/291/173 172/282/172 409/283/378 412/293/381
f 461/729/430 459/730/428 456/731/425 537/732/506
f 410/733/379 408/734/377 404/735/373 502/736/471
f 185/369/185 184/361/184 451/362/420 454/371/423
f 452/737/421 450/738/419 446/739/415 534/740/503
f 353/232/322 354/410/323 355/235/324
f 356/719/325 357/234/326 358/741/327 359/742/328
f 360/231/329 361/718/330 362/242/331
f 363/720/332 359/742/328 369/743/338 364/711/333
f 365/717/334 366/710/335 367/243/336
f 368/712/337 369/743/338 370/744/339 371/707/340
f 372/709/341 373/706/342 374/247/343
f 375/705/344 376/255/345 377/251/346
f 378/703/347 379/257/348 492/745/461 384/746/353
f 380/254/349 381/702/350 382/252/351
f 383/704/352 384/746/353 385/747/354 386/699/355
f 387/701/356 388/698/357 389/260/358
f 390/700/359 385/747/354 494/748/463 391/695/360
f 392/697/361 393/694/362 394/263/363
f 395/693/364 396/271/365 397/267/366
f 398/270/367 399/279/368 400/268/369
f 401/278/370 402/287/371 403/275/372
f 503/749/472 404/735/373 405/289/374 406/750/375
f 407/286/376 408/734/377 409/283/378
f 410/733/379 411/297/380 412/293/381
f 413/296/382 414/304/383 415/294/384
f 510/751/479 416/723/385 417/306/386 508/752/477
f 418/303/387 419/722/388 420/301/389
f 421/721/390 422/315/391 423/311/392
f 424/314/393 425/322/394 426/312/395
f 427/321/396 428/329/397 429/319/398
f 430/328/399 431/336/400 432/326/401
f 433/335/402 434/344/403 435/333/404
f 436/343/405 437/351/406 438/340/407
f 439/350/408 440/358/409 441/348/410
f 442/357/411 443/365/412 444/355/413
f 445/753/414 446/739/415 447/367/416 448/754/417
f 449/364/418 450/738/419 451/362/420
f 452/737/421 453/376/422 454/371/423
f 455/755/424 456/731/425 457/378/426 535/756/504
f 458/375/427 459/730/428 460/372/429
f 461/729/430 462/387/431 463/383/432
f 464/757/433 465/727/434 466/389/435 538/758/507
f 467/386/436 468/726/437 469/384/438
f 470/725/439 471/397/440 472/393/441
f 473/759/442 474/715/443 475/399/444 541/760/510
f 476/396/445 477/714/446 478/394/447
f 479/713/448 480/407/449 481/403/450
f 482/761/451 483/237/452 484/409/453 544/762/513
f 485/406/454 486/236/455 487/404/456
f 488/238/457 482/761/451 358/741/327 489/233/458
f 490/256/459 491/708/460 370/744/339 492/745/461
f 493/696/462 494/748/463 498/763/467 495/272/464
f 496/280/465 497/273/466 498/763/467 501/764/470
f 499/288/468 500/281/469 501/764/470 406/750/375
f 502/736/471 503/749/472 507/765/476 504/298/473
f 505/305/474 506/299/475 507/765/476 508/752/477
f 509/724/478 510/751/479 514/766/483 511/316/480
f 512/323/481 513/317/482 514/766/483 515/767/484
f 516/330/485 517/324/486 515/767/484 520/768/489
f 518/337/487 519/331/488 520/768/489 521/769/490
f 522/345/491 523/338/492 521/769/490 526/770/495
f 524/352/493 525/346/494 526/770/495 529/771/498
f 527/359/496 528/353/497 529/771/498 530/772/499
f 531/366/500 532/360/501 530/772/499 448/754/417
f 533/377/502 534/740/503 445/753/414 535/756/504
f 536/388/505 537/732/506 455/755/424 538/758/507
f 539/398/508 540/728/509 464/757/433 541/760/510
f 542/408/511 543/716/512 473/759/442 544/762/513
f 607/773/576 545/479/514 546/774/515
f 552/775/521 546/774/515 547/6/516
f 548/776/517 549/419/518 550/777/519
f 550/777/519 551/416/520 554/778/523
f 556/779/525 552/775/521 553/5/522
f 559/780/528 554/778/523 555/415/524
f 556/779/525 557/423/526 558/781/527
f 559/780/528 560/424/529 563/782/532
f 561/783/530 558/781/527 562/426/531
f 566/784/535 563/782/532 564/427/533
f 568/785/537 561/786/530 565/434/534
f 566/784/535 567/431/536 575/787/544
f 568/785/537 569/433/538 570/788/539
f 571/789/540 572/445/541 573/790/542
f 573/790/542 574/440/543 579/791/548
f 582/792/551 575/787/544 576/437/545
f 577/793/546 570/788/539 578/443/547
f 579/791/548 580/439/549 581/794/550
f 582/795/551 583/456/552 584/796/553
f 585/797/554 577/793/546 586/451/555
f 581/794/550 587/453/556 590/798/559
f 592/799/561 584/796/553 588/455/557
f 595/800/564 585/797/554 589/459/558
f 597/801/566 590/798/559 591/461/560
f 592/799/561 593/446/562 571/789/540
f 594/802/563 595/800/564 596/463/565
f 597/801/566 598/465/567 599/803/568
f 600/804/569 594/802/563 601/467/570
f 599/805/568 602/469/571 605/806/574
f 603/807/572 600/804/569 604/473/573
f 605/806/574 606/475/575 607/773/576
f 548/776/517 603/808/572 608/420/577
f 353/232/322 360/231/329 362/242/331 354/410/323
f 355/235/324 488/238/457 489/233/458 353/232/322
f 361/718/330 365/717/334 367/243/336 362/242/331
f 366/710/335 372/709/341 374/247/343 367/243/336
f 373/706/342 375/705/344 377/251/346 374/247/343
f 490/256/459 376/255/345 375/705/344 491/708/460
f 376/255/345 380/254/349 382/252/351 377/251/346
f 381/702/350 387/701/356 389/260/358 382/252/351
f 388/698/357 392/697/361 394/263/363 389/260/358
f 393/694/362 395/693/364 397/267/366 394/263/363
f 495/272/464 396/271/365 395/693/364 493/696/462
f 396/271/365 398/270/367 400/268/369 397/267/366
f 496/280/465 399/279/368 398/270/367 497/273/466
f 498/763/467 497/273/466 495/272/464
f 399/279/368 401/278/370 403/275/372 400/268/369
f 499/288/468 402/287/371 401/278/370 500/281/469
f 501/764/470 500/281/469 496/280/465
f 402/287/371 407/286/376 409/283/378 403/275/372
f 408/734/377 410/733/379 412/293/381 409/283/378
f 504/298/473 411/297/380 410/733/379 502/736/471
f 411/297/380 413/296/382 415/294/384 412/293/381
f 505/305/474 414/304/383 413/296/382 506/299/475
f 507/765/476 506/299/475 504/298/473
f 414/304/383 418/303/387 420/301/389 415/294/384
f 419/722/388 421/721/390 423/311/392 420/301/389
f 511/316/480 422/315/391 421/721/390 509/724/478
f 422/315/391 424/314/393 426/312/395 423/311/392
f 512/323/481 425/322/394 424/314/393 513/317/482
f 514/766/483 513/317/482 511/316/480
f 425/322/394 427/321/396 429/319/398 426/312/395
f 516/330/485 428/329/397 427/321/396 517/324/486
f 515/767/484 517/324/486 512/323/481
f 428/329/397 430/328/399 432/326/401 429/319/398
f 518/337/487 431/336/400 430/328/399 519/331/488
f 520/768/489 519/331/488 516/330/485
f 431/336/400 433/335/402 435/333/404 432/326/401
f 522/345/491 434/344/403 433/335/402 523/338/492
f 521/769/490 523/338/492 518/337/487
f 434/344/403 436/343/405 438/340/407 435/333/404
f 524/352/493 437/351/406 436/343/405 525/346/494
f 526/770/495 525/346/494 522/345/491
f 437/351/406 439/350/408 441/348/410 438/340/407
f 527/359/496 440/358/409 439/350/408 528/353/497
f 529/771/498 528/353/497 524/352/493
f 440/358/409 442/357/411 444/355/413 441/348/410
f 531/366/500 443/365/412 442/357/411 532/360/501
f 530/772/499 532/360/501 527/359/496
f 443/365/412 449/364/418 451/362/420 444/355/413
f 450/738/419 452/737/421 454/371/423 451/362/420
f 533/377/502 453/376/422 452/737/421 534/740/503
f 453/376/422 458/375/427 460/372/429 454/371/423
f 459/730/428 461/729/430 463/383/432 460/372/429
f 536/388/505 462/387/431 461/729/430 537/732/506
f 462/387/431 467/386/436 469/384/438 463/383/432
f 468/726/437 470/725/439 472/393/441 469/384/438
f 539/398/508 471/397/440 470/725/439 540/728/509
f 471/397/440 476/396/445 478/394/447 472/393/441
f 477/714/446 479/713/448 481/403/450 478/394/447
f 542/408/511 480/407/449 479/713/448 543/716/512
f 480/407/449 485/406/454 487/404/456 481/403/450
f 486/236/455 355/235/324 354/410/323 487/404/456
f 359/742/328 363/720/332 356/719/325
f 369/743/338 368/712/337 364/711/333
f 384/746/353 383/704/352 378/703/347
f 385/747/354 390/700/359 386/699/355
f 554/809/523 445/753/414 448/754/417 550/810/519
f 558/811/527 503/749/472 406/750/375 556/812/525
f 563/813/532 455/755/424 535/756/504 559/814/528
f 575/815/544 464/757/433 538/758/507 566/816/535
f 570/817/539 510/751/479 508/752/477 568/818/537
f 579/819/548 359/742/328 358/741/327 573/820/542
f 581/821/550 369/743/338 359/742/328 579/819/548
f 584/822/553 473/759/442 541/760/510 582/823/551
f 590/824/559 370/744/339 369/743/338 581/821/550
f 571/825/540 482/761/451 544/762/513 592/826/561
f 599/827/568 384/746/353 492/745/461 597/828/566
f 605/829/574 385/747/354 384/746/353 599/827/568
f 607/830/576 494/748/463 385/747/354 605/829/574
f 608/420/577 549/419/518 548/776/517
f 606/475/575 545/479/514 607/773/576
f 604/473/573 608/831/577 603/807/572
f 602/469/571 606/475/575 605/806/574
f 601/467/570 604/473/573 600/804/569
f 598/470/567 602/469/571 599/805/568
f 596/463/565 601/467/570 594/802/563
f 593/446/562 572/445/541 571/789/540
f 591/461/560 598/465/567 597/801/566
f 589/459/558 596/463/565 595/800/564
f 588/455/557 593/446/562 592/799/561
f 587/453/556 591/461/560 590/798/559
f 586/451/555 589/459/558 585/797/554
f 583/456/552 588/455/557 584/796/553
f 580/439/549 587/453/556 581/794/550
f 578/443/547 586/451/555 577/793/546
f 576/437/545 583/449/552 582/792/551
f 574/440/543 580/439/549 579/791/548
f 569/433/538 578/443/547 570/788/539
f 567/431/536 576/437/545 575/787/544
f 572/445/541 574/440/543 573/790/542
f 565/434/534 569/433/538 568/785/537
f 564/427/533 567/431/536 566/784/535
f 562/426/531 565/429/534 561/783/530
f 560/424/529 564/427/533 563/782/532
f 557/423/526 562/426/531 558/781/527
f 555/415/524 560/424/529 559/780/528
f 553/5/522 557/423/526 556/779/525
f 551/416/520 555/415/524 554/778/523
f 547/6/516 553/5/522 552/775/521
f 549/419/518 551/416/520 550/777/519
f 545/479/514 547/6/516 546/774/515
f 356/719/325 361/718/330 360/231/329 357/234/326
f 358/741/327 357/234/326 489/233/458
f 364/711/333 366/710/335 365/717/334 363/720/332
f 371/707/340 373/706/342 372/709/341 368/712/337
f 370/744/339 491/708/460 371/707/340
f 378/703/347 381/702/350 380/254/349 379/257/348
f 492/745/461 379/257/348 490/256/459
f 386/699/355 388/698/357 387/701/356 383/704/352
f 391/695/360 393/694/362 392/697/361 390/700/359
f 494/748/463 493/696/462 391/695/360
f 404/735/373 408/734/377 407/286/376 405/289/374
f 406/750/375 405/289/374 499/288/468
f 503/749/472 502/736/471 404/735/373
f 416/723/385 419/722/388 418/303/387 417/306/386
f 508/752/477 417/306/386 505/305/474
f 510/751/479 509/724/478 416/723/385
f 446/739/415 450/738/419 449/364/418 447/367/416
f 448/754/417 447/367/416 531/366/500
f 445/753/414 534/740/503 446/739/415
f 456/731/425 459/730/428 458/375/427 457/378/426
f 535/756/504 457/378/426 533/377/502
f 455/755/424 537/732/506 456/731/425
f 465/727/434 468/726/437 467/386/436 466/389/435
f 538/758/507 466/389/435 536/388/505
f 464/757/433 540/728/509 465/727/434
f 474/715/443 477/714/446 476/396/445 475/399/444
f 541/760/510 475/399/444 539/398/508
f 473/759/442 543/716/512 474/715/443
f 483/237/452 486/236/455 485/406/454 484/409/453
f 544/762/513 484/409/453 542/408/511
f 482/761/451 488/238/457 483/237/452
f 552/832/521 501/764/470 498/763/467 546/833/515
f 556/812/525 406/750/375 501/764/470 552/832/521
f 559/814/528 535/756/504 445/753/414 554/809/523
f 561/834/530 507/765/476 503/749/472 558/811/527
f 566/816/535 538/758/507 455/755/424 563/813/532
f 568/818/537 508/752/477 507/765/476 561/834/530
f 582/823/551 541/760/510 464/757/433 575/815/544
f 577/835/546 514/766/483 510/751/479 570/817/539
f 585/836/554 515/767/484 514/766/483 577/835/546
f 592/826/561 544/762/513 473/759/442 584/822/553
f 595/837/564 520/768/489 515/767/484 585/836/554
f 597/828/566 492/745/461 370/744/339 590/824/559
f 594/838/563 521/769/490 520/768/489 595/837/564
f 600/839/569 526/770/495 521/769/490 594/838/563
f 603/840/572 529/771/498 526/770/495 600/839/569
f 548/841/517 530/772/499 529/771/498 603/840/572
f 494/748/463 607/830/576 546/833/515 498/763/467
f 530/772/499 548/841/517 550/810/519 448/754/417
f 482/761/451 571/825/540 573/820/542 358/741/327
f 161/229/161 192/402/192 487/404/456 354/410/323
f 620/578/289 619/578/289 651/578/588 652/578/589
f 301/578/289 300/578/289 620/578/289 621/578/289
f 315/578/289 314/578/289 634/578/289 635/578/289
f 302/578/289 301/578/289 621/578/289 622/578/289
f 316/578/289 315/578/289 635/578/289 636/578/289
f 303/578/289 302/578/289 622/578/289 623/578/289
f 290/578/289 289/578/289 609/578/289 610/578/289
f 317/578/289 316/578/289 636/578/289 637/578/289
f 304/578/289 303/578/289 623/578/289 624/578/289
f 291/578/289 290/578/289 610/578/289 611/578/289
f 318/578/289 317/578/289 637/578/289 638/578/289
f 305/578/289 304/578/289 624/578/289 625/578/289
f 292/578/289 291/578/289 611/578/289 612/578/289
f 319/578/289 318/578/289 638/578/289 639/578/289
f 306/578/289 305/578/289 625/578/289 626/578/289
f 293/578/289 292/578/289 612/578/289 613/578/289
f 320/578/289 319/578/289 639/578/289 640/578/289
f 307/578/289 306/578/289 626/578/289 627/578/289
f 294/578/289 293/578/289 613/578/289 614/578/289
f 289/578/289 320/578/289 640/578/289 609/578/289
f 308/578/289 307/578/289 627/578/289 628/578/289
f 295/578/289 294/578/289 614/578/289 615/578/289
f 309/578/289 308/578/289 628/578/289 629/578/289
f 296/578/289 295/578/289 615/578/289 616/578/289
f 310/578/289 309/578/289 629/578/289 630/578/289
f 297/578/289 296/578/289 616/578/289 617/578/289
f 311/578/289 310/578/289 630/578/289 631/578/289
f 298/578/289 297/578/289 617/578/289 618/578/289
f 312/578/289 311/578/289 631/578/289 632/578/289
f 299/578/289 298/578/289 618/578/289 619/578/289
f 313/578/289 312/578/289 632/578/289 633/578/289
f 300/578/289 299/578/289 619/578/289 620/578/289
f 655/842/592 654/843/591 686/844/623 687/845/624
f 634/578/289 633/578/289 665/578/602 666/578/603
f 621/578/289 620/578/289 652/578/589 653/578/590
f 635/578/289 634/578/289 666/578/603 667/578/604
f 622/578/289 621/578/289 653/578/590 654/578/591
f 636/578/289 635/578/289 667/578/604 668/578/605
f 623/578/289 622/578/289 654/578/591 655/578/592
f 610/578/289 609/578/289 641/578/578 642/578/579
f 637/578/289 636/578/289 668/578/605 669/578/606
f 624/578/289 623/578/289 655/578/592 656/578/593
f 611/578/289 610/578/289 642/578/579 643/578/580
f 638/578/289 637/578/289 669/578/606 670/578/607
f 625/578/289 624/578/289 656/578/593 657/578/594
f 612/578/289 611/578/289 643/578/580 644/578/581
f 639/578/289 638/578/289 670/578/607 671/578/608
f 626/578/289 625/578/289 657/578/594 658/578/595
f 613/578/289 612/578/289 644/578/581 645/578/582
f 640/578/289 639/578/289 671/578/608 672/578/609
f 627/578/289 626/578/289 658/578/595 659/578/596
f 614/578/289 613/578/289 645/578/582 646/578/583
f 609/578/289 640/578/289 672/578/609 641/578/578
f 628/578/289 627/578/289 659/578/596 660/578/597
f 615/578/289 614/578/289 646/578/583 647/578/584
f 629/578/289 628/578/289 660/578/597 661/578/598
f 616/578/289 615/578/289 647/578/584 648/578/585
f 630/578/289 629/578/289 661/578/598 662/578/599
f 617/578/289 616/578/289 648/578/585 649/578/586
f 631/578/289 630/578/289 662/578/599 663/578/600
f 618/578/289 617/578/289 649/578/586 650/578/587
f 632/578/289 631/578/289 663/578/600 664/578/601
f 619/578/289 618/578/289 650/578/587 651/578/588
f 633/578/289 632/578/289 664/578/601 665/578/602
f 690/846/627 689/847/626 721/848/658 722/849/659
f 642/850/579 641/851/578 673/852/610 674/853/611
f 669/854/606 668/855/605 700/856/637 701/857/638
f 656/858/593 655/842/592 687/845/624 688/859/625
f 643/860/580 642/850/579 674/853/611 675/861/612
f 670/862/607 669/854/606 701/857/638 702/863/639
f 657/864/594 656/858/593 688/859/625 689/847/626
f 644/865/581 643/860/580 675/861/612 676/866/613
f 671/867/608 670/868/607 702/869/639 703/870/640
f 658/871/595 657/864/594 689/847/626 690/846/627
f 645/872/582 644/865/581 676/866/613 677/873/614
f 672/874/609 671/867/608 703/870/640 704/875/641
f 659/876/596 658/871/595 690/846/627 691/877/628
f 646/878/583 645/879/582 677/880/614 678/881/615
f 641/851/578 672/874/609 704/875/641 673/852/610
f 660/882/597 659/876/596 691/877/628 692/883/629
f 647/884/584 646/878/583 678/881/615 679/885/616
f 661/886/598 660/882/597 692/883/629 693/887/630
f 648/888/585 647/884/584 679/885/616 680/889/617
f 662/890/599 661/886/598 693/887/630 694/891/631
f 649/892/586 648/888/585 680/889/617 681/893/618
f 663/894/600 662/895/599 694/896/631 695/897/632
f 650/898/587 649/892/586 681/893/618 682/899/619
f 664/900/601 663/894/600 695/897/632 696/901/633
f 651/902/588 650/898/587 682/899/619 683/903/620
f 665/904/602 664/900/601 696/901/633 697/905/634
f 652/906/589 651/902/588 683/903/620 684/907/621
f 666/908/603 665/904/602 697/905/634 698/909/635
f 653/910/590 652/906/589 684/907/621 685/911/622
f 667/912/604 666/908/603 698/909/635 699/913/636
f 654/914/591 653/910/590 685/911/622 686/915/623
f 668/855/605 667/912/604 699/913/636 700/856/637
f 718/916/655 717/917/654 909/918/846 910/919/847
f 677/873/614 676/866/613 708/920/645 709/921/646
f 704/875/641 703/870/640 735/922/672 736/923/673
f 691/877/628 690/846/627 722/849/659 723/924/660
f 678/881/615 677/880/614 709/925/646 710/926/647
f 673/852/610 704/875/641 736/923/673 705/927/642
f 692/883/629 691/877/628 723/924/660 724/928/661
f 679/885/616 678/881/615 710/926/647 711/929/648
f 693/887/630 692/883/629 724/928/661 725/930/662
f 680/889/617 679/885/616 711/929/648 712/931/649
f 694/891/631 693/887/630 725/930/662 726/932/663
f 681/893/618 680/889/617 712/931/649 713/933/650
f 695/897/632 694/896/631 726/934/663 727/935/664
f 682/899/619 681/893/618 713/933/650 714/936/651
f 696/901/633 695/897/632 727/935/664 728/937/665
f 683/903/620 682/899/619 714/936/651 715/938/652
f 697/905/634 696/901/633 728/937/665 729/939/666
f 684/907/621 683/903/620 715/938/652 716/940/653
f 698/909/635 697/905/634 729/939/666 730/941/667
f 685/911/622 684/907/621 716/940/653 717/917/654
f 699/913/636 698/909/635 730/941/667 731/942/668
f 686/915/623 685/911/622 717/917/654 718/916/655
f 700/856/637 699/913/636 731/942/668 732/943/669
f 687/845/624 686/844/623 718/944/655 719/945/656
f 674/853/611 673/852/610 705/927/642 706/946/643
f 701/857/638 700/856/637 732/943/669 733/947/670
f 688/859/625 687/845/624 719/945/656 720/948/657
f 675/861/612 674/853/611 706/946/643 707/949/644
f 702/863/639 701/857/638 733/947/670 734/950/671
f 689/847/626 688/859/625 720/948/657 721/848/658
f 676/866/613 675/861/612 707/949/644 708/920/645
f 703/870/640 702/869/639 734/951/671 735/922/672
f 17/952/17 18/953/18 771/954/708 769/955/706
f 1/956/1 2/957/2 739/958/676 737/959/674
f 4/960/4 5/961/5 745/962/682 743/963/680
f 31/964/31 32/965/32 798/966/735 796/967/733
f 18/953/18 19/968/19 772/969/709 771/954/708
f 5/961/5 6/970/6 747/971/684 745/962/682
f 19/968/19 20/972/20 774/973/711 772/969/709
f 6/974/6 7/975/7 749/976/686 747/977/684
f 20/972/20 21/978/21 776/979/713 774/973/711
f 7/975/7 8/980/8 751/981/688 749/976/686
f 21/982/21 22/983/22 778/984/715 776/985/713
f 8/980/8 9/986/9 753/987/690 751/981/688
f 22/983/22 23/988/23 780/989/717 778/984/715
f 9/986/9 10/990/10 755/991/692 753/987/690
f 23/988/23 24/992/24 782/993/719 780/989/717
f 10/990/10 11/994/11 757/995/694 755/991/692
f 24/992/24 25/996/25 784/997/721 782/993/719
f 11/994/11 12/998/12 759/999/696 757/995/694
f 25/996/25 26/1000/26 786/1001/723 784/997/721
f 12/998/12 13/1002/13 761/1003/698 759/999/696
f 26/1000/26 27/1004/27 788/1005/725 786/1001/723
f 13/1002/13 14/1006/14 763/1007/700 761/1003/698
f 27/1004/27 28/1008/28 790/1009/727 788/1005/725
f 14/1010/14 15/1011/15 765/1012/702 763/1013/700
f 32/965/32 1/956/1 737/959/674 798/966/735
f 28/1008/28 29/1014/29 792/1015/729 790/1009/727
f 15/1011/15 16/1016/16 767/1017/704 765/1012/702
f 2/957/2 3/1018/3 741/1019/678 739/958/676
f 29/1014/29 30/1020/30 794/1021/731 792/1015/729
f 16/1016/16 17/952/17 769/955/706 767/1017/704
f 3/1018/3 4/960/4 743/963/680 741/1019/678
f 30/1022/30 31/964/31 796/967/733 794/1023/731
f 834/1024/771 837/1025/774 839/1026/776 840/1027/777 842/1028/779 845/1029/782 846/1030/783 849/1031/786 850/1032/787 852/1033/789 855/1034/792 857/1035/794 859/1036/796 861/1037/798 863/1038/800 865/1039/802 867/1040/804 868/1041/805 871/1042/808 872/1043/809 874/1044/811 877/1045/814 878/1046/815 880/1047/817 882/1048/819 884/1049/821 886/1050/823 888/1051/825 890/1052/827 892/1053/829 894/1054/831 896/1055/833
f 738/1056/675 831/1057/768 737/959/674
f 738/1056/675 739/958/676 740/1058/677
f 740/1058/677 741/1019/678 742/1059/679
f 742/1059/679 743/963/680 744/1060/681
f 744/1060/681 745/962/682 746/1061/683
f 746/1061/683 747/971/684 748/1062/685
f 748/1063/685 749/976/686 750/1064/687
f 750/1064/687 751/981/688 752/1065/689
f 752/1065/689 753/987/690 754/1066/691
f 754/1066/691 755/991/692 756/1067/693
f 756/1067/693 757/995/694 758/1068/695
f 758/1068/695 759/999/696 760/1069/697
f 760/1069/697 761/1003/698 762/1070/699
f 762/1070/699 763/1007/700 764/1071/701
f 764/1072/701 765/1012/702 766/1073/703
f 766/1073/703 767/1017/704 768/1074/705
f 768/1074/705 769/955/706 770/1075/707
f 770/1075/707 771/954/708 816/1076/753
f 816/1076/753 772/969/709 773/1077/710
f 773/1077/710 774/973/711 775/1078/712
f 775/1078/712 776/979/713 777/1079/714
f 777/1080/714 778/984/715 779/1081/716
f 779/1081/716 780/989/717 781/1082/718
f 781/1082/718 782/993/719 783/1083/720
f 783/1083/720 784/997/721 785/1084/722
f 785/1084/722 786/1001/723 787/1085/724
f 787/1085/724 788/1005/725 789/1086/726
f 789/1086/726 790/1009/727 791/1087/728
f 791/1087/728 792/1015/729 793/1088/730
f 793/1088/730 794/1021/731 795/1089/732
f 795/1090/732 796/967/733 797/1091/734
f 797/1091/734 798/966/735 831/1057/768
f 799/1092/736 832/1093/769 831/1094/768 738/1095/675
f 799/1092/736 738/1095/675 740/1096/677 800/1097/737
f 800/1097/737 740/1096/677 742/1098/679 801/1099/738
f 801/1099/738 742/1098/679 744/1100/681 802/1101/739
f 802/1101/739 744/1100/681 746/1102/683 803/1103/740
f 803/1103/740 746/1102/683 748/1104/685 804/1105/741
f 804/1105/741 748/1104/685 750/1106/687 805/1107/742
f 805/1107/742 750/1106/687 752/1108/689 806/1109/743
f 806/1109/743 752/1108/689 754/1110/691 807/1111/744
f 807/1111/744 754/1110/691 756/1112/693 808/1113/745
f 808/1113/745 756/1112/693 758/1114/695 809/1115/746
f 809/1115/746 758/1114/695 760/1116/697 810/1117/747
f 810/1117/747 760/1116/697 762/1118/699 811/1119/748
f 811/1119/748 762/1118/699 764/1120/701 812/1121/749
f 812/1121/749 764/1120/701 766/1122/703 813/1123/750
f 813/1123/750 766/1122/703 768/1124/705 814/1125/751
f 814/1125/751 768/1124/705 770/1126/707 815/1127/752
f 815/1127/752 770/1126/707 816/1128/753 817/1129/754
f 817/1129/754 816/1128/753 773/1130/710 818/1131/755
f 818/1131/755 773/1130/710 775/1132/712 819/1133/756
f 819/1133/756 775/1132/712 777/1134/714 820/1135/757
f 820/1135/757 777/1134/714 779/1136/716 821/1137/758
f 821/1137/758 779/1136/716 781/1138/718 822/1139/759
f 822/1139/759 781/1138/718 783/1140/720 823/1141/760
f 823/1141/760 783/1140/720 785/1142/722 824/1143/761
f 824/1143/761 785/1142/722 787/1144/724 825/1145/762
f 825/1145/762 787/1144/724 789/1146/726 826/1147/763
f 826/1147/763 789/1146/726 791/1148/728 827/1149/764
f 827/1149/764 791/1148/728 793/1150/730 828/1151/765
f 828/1151/765 793/1150/730 795/1152/732 829/1153/766
f 829/1153/766 795/1152/732 797/1154/734 830/1155/767
f 830/1155/767 797/1154/734 831/1094/768 832/1093/769
f 833/1156/770 834/1024/771 835/1157/772
f 833/1156/770 836/1158/773 837/1025/774
f 836/1158/773 838/1159/775 839/1026/776
f 838/1159/775 841/1160/778 840/1027/777
f 841/1160/778 843/1161/780 842/1028/779
f 843/1161/780 844/1162/781 845/1029/782
f 844/1162/781 847/1163/784 846/1030/783
f 847/1163/784 848/1164/785 849/1031/786
f 848/1164/785 851/1165/788 850/1032/787
f 851/1165/788 853/1166/790 852/1033/789
f 853/1166/790 854/1167/791 855/1034/792
f 854/1167/791 856/1168/793 857/1035/794
f 856/1168/793 858/1169/795 859/1036/796
f 858/1169/795 860/1170/797 861/1037/798
f 860/1170/797 862/1171/799 863/1038/800
f 862/1171/799 864/1172/801 865/1039/802
f 864/1172/801 866/1173/803 867/1040/804
f 866/1173/803 869/1174/806 868/1041/805
f 869/1174/806 870/1175/807 871/1042/808
f 870/1175/807 873/1176/810 872/1043/809
f 873/1176/810 875/1177/812 874/1044/811
f 875/1177/812 876/1178/813 877/1045/814
f 876/1178/813 879/1179/816 878/1046/815
f 879/1179/816 881/1180/818 880/1047/817
f 881/1180/818 883/1181/820 882/1048/819
f 883/1181/820 885/1182/822 884/1049/821
f 885/1182/822 887/1183/824 886/1050/823
f 887/1183/824 889/1184/826 888/1051/825
f 889/1184/826 891/1185/828 890/1052/827
f 891/1185/828 893/1186/830 892/1053/829
f 893/1186/830 895/1187/832 894/1054/831
f 895/1187/832 835/1157/772 896/1055/833
f 737/959/674 739/958/676 738/1056/675
f 739/958/676 741/1019/678 740/1058/677
f 741/1019/678 743/963/680 742/1059/679
f 743/963/680 745/962/682 744/1060/681
f 745/962/682 747/971/684 746/1061/683
f 747/977/684 749/976/686 748/1063/685
f 749/976/686 751/981/688 750/1064/687
f 751/981/688 753/987/690 752/1065/689
f 753/987/690 755/991/692 754/1066/691
f 755/991/692 757/995/694 756/1067/693
f 757/995/694 759/999/696 758/1068/695
f 759/999/696 761/1003/698 760/1069/697
f 761/1003/698 763/1007/700 762/1070/699
f 763/1013/700 765/1012/702 764/1072/701
f 765/1012/702 767/1017/704 766/1073/703
f 767/1017/704 769/955/706 768/1074/705
f 769/955/706 771/954/708 770/1075/707
f 771/954/708 772/969/709 816/1076/753
f 772/969/709 774/973/711 773/1077/710
f 774/973/711 776/979/713 775/1078/712
f 776/985/713 778/984/715 777/1080/714
f 778/984/715 780/989/717 779/1081/716
f 780/989/717 782/993/719 781/1082/718
f 782/993/719 784/997/721 783/1083/720
f 784/997/721 786/1001/723 785/1084/722
f 786/1001/723 788/1005/725 787/1085/724
f 788/1005/725 790/1009/727 789/1086/726
f 790/1009/727 792/1015/729 791/1087/728
f 792/1015/729 794/1021/731 793/1088/730
f 794/1023/731 796/967/733 795/1090/732
f 796/967/733 798/966/735 797/1091/734
f 798/966/735 737/959/674 831/1057/768
f 833/1156/770 837/1025/774 834/1024/771
f 836/1158/773 839/1026/776 837/1025/774
f 838/1159/775 840/1027/777 839/1026/776
f 841/1160/778 842/1028/779 840/1027/777
f 843/1161/780 845/1029/782 842/1028/779
f 844/1162/781 846/1030/783 845/1029/782
f 847/1163/784 849/1031/786 846/1030/783
f 848/1164/785 850/1032/787 849/1031/786
f 851/1165/788 852/1033/789 850/1032/787
f 853/1166/790 855/1034/792 852/1033/789
f 854/1167/791 857/1035/794 855/1034/792
f 856/1168/793 859/1036/796 857/1035/794
f 858/1169/795 861/1037/798 859/1036/796
f 860/1170/797 863/1038/800 861/1037/798
f 862/1171/799 865/1039/802 863/1038/800
f 864/1172/801 867/1040/804 865/1039/802
f 866/1173/803 868/1041/805 867/1040/804
f 869/1174/806 871/1042/808 868/1041/805
f 870/1175/807 872/1043/809 871/1042/808
f 873/1176/810 874/1044/811 872/1043/809
f 875/1177/812 877/1045/814 874/1044/811
f 876/1178/813 878/1046/815 877/1045/814
f 879/1179/816 880/1047/817 878/1046/815
f 881/1180/818 882/1048/819 880/1047/817
f 883/1181/820 884/1049/821 882/1048/819
f 885/1182/822 886/1050/823 884/1049/821
f 887/1183/824 888/1051/825 886/1050/823
f 889/1184/826 890/1052/827 888/1051/825
f 891/1185/828 892/1053/829 890/1052/827
f 893/1186/830 894/1054/831 892/1053/829
f 895/1187/832 896/1055/833 894/1054/831
f 835/1157/772 834/1024/771 896/1055/833
f 820/1135/757 875/1177/812 873/1176/810 819/1133/756
f 870/1175/807 818/1131/755 819/1133/756 873/1176/810
f 806/1109/743 848/1164/785 847/1163/784 805/1107/742
f 844/1162/781 804/1105/741 805/1107/742 847/1163/784
f 821/1137/758 876/1178/813 875/1177/812 820/1135/757
f 807/1111/744 851/1165/788 848/1164/785 806/1109/743
f 822/1139/759 879/1179/816 876/1178/813 821/1137/758
f 808/1113/745 853/1166/790 851/1165/788 807/1111/744
f 823/1141/760 881/1180/818 879/1179/816 822/1139/759
f 809/1115/746 854/1167/791 853/1166/790 808/1113/745
f 824/1143/761 883/1181/820 881/1180/818 823/1141/760
f 810/1117/747 856/1168/793 854/1167/791 809/1115/746
f 825/1145/762 885/1182/822 883/1181/820 824/1143/761
f 811/1119/748 858/1169/795 856/1168/793 810/1117/747
f 826/1147/763 887/1183/824 885/1182/822 825/1145/762
f 812/1121/749 860/1170/797 858/1169/795 811/1119/748
f 827/1149/764 889/1184/826 887/1183/824 826/1147/763
f 813/1123/750 862/1171/799 860/1170/797 812/1121/749
f 800/1097/737 836/1158/773 833/1156/770 799/1092/736
f 835/1157/772 832/1093/769 799/1092/736 833/1156/770
f 828/1151/765 891/1185/828 889/1184/826 827/1149/764
f 814/1125/751 864/1172/801 862/1171/799 813/1123/750
f 801/1099/738 838/1159/775 836/1158/773 800/1097/737
f 829/1153/766 893/1186/830 891/1185/828 828/1151/765
f 815/1127/752 866/1173/803 864/1172/801 814/1125/751
f 802/1101/739 841/1160/778 838/1159/775 801/1099/738
f 830/1155/767 895/1187/832 893/1186/830 829/1153/766
f 817/1129/754 869/1174/806 866/1173/803 815/1127/752
f 803/1103/740 843/1161/780 841/1160/778 802/1101/739
f 832/1093/769 835/1157/772 895/1187/832 830/1155/767
f 818/1131/755 870/1175/807 869/1174/806 817/1129/754
f 804/1105/741 844/1162/781 843/1161/780 803/1103/740
f 897/1188/834 928/1189/865 960/1190/897 929/1191/866
f 732/943/669 731/942/668 923/1192/860 924/1193/861
f 719/945/656 718/944/655 910/1194/847 911/1195/848
f 706/946/643 705/927/642 897/1196/834 898/1197/835
f 733/947/670 732/943/669 924/1193/861 925/1198/862
f 720/948/657 719/945/656 911/1195/848 912/1199/849
f 707/949/644 706/946/643 898/1197/835 899/1200/836
f 734/950/671 733/947/670 925/1198/862 926/1201/863
f 721/848/658 720/948/657 912/1199/849 913/1202/850
f 708/920/645 707/949/644 899/1200/836 900/1203/837
f 735/922/672 734/951/671 926/1204/863 927/1205/864
f 722/849/659 721/848/658 913/1202/850 914/1206/851
f 709/921/646 708/920/645 900/1203/837 901/1207/838
f 736/923/673 735/922/672 927/1205/864 928/1208/865
f 723/924/660 722/849/659 914/1206/851 915/1209/852
f 710/926/647 709/925/646 901/1210/838 902/1211/839
f 705/927/642 736/923/673 928/1208/865 897/1196/834
f 724/928/661 723/924/660 915/1209/852 916/1212/853
f 711/929/648 710/926/647 902/1211/839 903/1213/840
f 725/930/662 724/928/661 916/1212/853 917/1214/854
f 712/931/649 711/929/648 903/1213/840 904/1215/841
f 726/932/663 725/930/662 917/1214/854 918/1216/855
f 713/933/650 712/931/649 904/1215/841 905/1217/842
f 727/935/664 726/934/663 918/1218/855 919/1219/856
f 714/936/651 713/933/650 905/1217/842 906/1220/843
f 728/937/665 727/935/664 919/1219/856 920/1221/857
f 715/938/652 714/936/651 906/1220/843 907/1222/844
f 729/939/666 728/937/665 920/1221/857 921/1223/858
f 716/940/653 715/938/652 907/1222/844 908/1224/845
f 730/941/667 729/939/666 921/1223/858 922/1225/859
f 717/917/654 716/940/653 908/1224/845 909/918/846
f 731/942/668 730/941/667 922/1225/859 923/1192/860
f 951/1226/888 950/1227/887 982/1228/919 983/1229/920
f 916/1230/853 915/1231/852 947/1232/884 948/1233/885
f 903/1234/840 902/1235/839 934/1236/871 935/1237/872
f 917/1238/854 916/1230/853 948/1233/885 949/1239/886
f 904/1240/841 903/1234/840 935/1237/872 936/1241/873
f 918/1242/855 917/1238/854 949/1239/886 950/1227/887
f 905/1243/842 904/1240/841 936/1241/873 937/1244/874
f 919/1245/856 918/1242/855 950/1227/887 951/1226/888
f 906/1246/843 905/1243/842 937/1244/874 938/1247/875
f 920/1248/857 919/1245/856 951/1226/888 952/1249/889
f 907/1250/844 906/1246/843 938/1247/875 939/1251/876
f 921/1252/858 920/1248/857 952/1249/889 953/1253/890
f 908/1254/845 907/1250/844 939/1251/876 940/1255/877
f 922/1256/859 921/1252/858 953/1253/890 954/1257/891
f 909/1258/846 908/1254/845 940/1255/877 941/1259/878
f 923/1260/860 922/1256/859 954/1257/891 955/1261/892
f 910/1262/847 909/1258/846 941/1259/878 942/1263/879
f 924/1264/861 923/1260/860 955/1261/892 956/1265/893
f 911/1266/848 910/1262/847 942/1263/879 943/1267/880
f 898/1268/835 897/1188/834 929/1191/866 930/1269/867
f 925/1270/862 924/1264/861 956/1265/893 957/1271/894
f 912/1272/849 911/1266/848 943/1267/880 944/1273/881
f 899/1274/836 898/1268/835 930/1269/867 931/1275/868
f 926/1276/863 925/1270/862 957/1271/894 958/1277/895
f 913/1278/850 912/1272/849 944/1273/881 945/1279/882
f 900/1280/837 899/1274/836 931/1275/868 932/1281/869
f 927/1282/864 926/1276/863 958/1277/895 959/1283/896
f 914/1284/851 913/1278/850 945/1279/882 946/1285/883
f 901/1286/838 900/1280/837 932/1281/869 933/1287/870
f 928/1189/865 927/1282/864 959/1283/896 960/1190/897
f 915/1231/852 914/1284/851 946/1285/883 947/1232/884
f 902/1235/839 901/1286/838 933/1287/870 934/1236/871
f 986/1288/923 985/1289/922 1017/1290/954 1018/1291/955
f 938/1247/875 937/1244/874 969/1292/906 970/1293/907
f 952/1249/889 951/1226/888 983/1229/920 984/1294/921
f 939/1251/876 938/1247/875 970/1293/907 971/1295/908
f 953/1253/890 952/1249/889 984/1294/921 985/1289/922
f 940/1255/877 939/1251/876 971/1295/908 972/1296/909
f 954/1257/891 953/1253/890 985/1289/922 986/1288/923
f 941/1259/878 940/1255/877 972/1296/909 973/1297/910
f 955/1261/892 954/1257/891 986/1288/923 987/1298/924
f 942/1263/879 941/1259/878 973/1297/910 974/1299/911
f 956/1265/893 955/1261/892 987/1298/924 988/1300/925
f 943/1267/880 942/1263/879 974/1299/911 975/1301/912
f 930/1269/867 929/1191/866 961/1302/898 962/1303/899
f 957/1271/894 956/1265/893 988/1300/925 989/1304/926
f 944/1273/881 943/1267/880 975/1301/912 976/1305/913
f 931/1275/868 930/1269/867 962/1303/899 963/1306/900
f 958/1277/895 957/1271/894 989/1304/926 990/1307/927
f 945/1279/882 944/1273/881 976/1305/913 977/1308/914
f 932/1281/869 931/1275/868 963/1306/900 964/1309/901
f 959/1283/896 958/1277/895 990/1307/927 991/1310/928
f 946/1285/883 945/1279/882 977/1308/914 978/1311/915
f 933/1287/870 932/1281/869 964/1309/901 965/1312/902
f 960/1190/897 959/1283/896 991/1310/928 992/1313/929
f 947/1232/884 946/1285/883 978/1311/915 979/1314/916
f 934/1236/871 933/1287/870 965/1312/902 966/1315/903
f 929/1191/866 960/1190/897 992/1313/929 961/1302/898
f 948/1233/885 947/1232/884 979/1314/916 980/1316/917
f 935/1237/872 934/1236/871 966/1315/903 967/1317/904
f 949/1239/886 948/1233/885 980/1316/917 981/1318/918
f 936/1241/873 935/1237/872 967/1317/904 968/1319/905
f 950/1227/887 949/1239/886 981/1318/918 982/1228/919
f 937/1244/874 936/1241/873 968/1319/905 969/1292/906
f 994/1320/931 993/1321/930 1025/1322/962 1026/1323/963
f 973/1297/910 972/1296/909 1004/1324/941 1005/1325/942
f 987/1298/924 986/1288/923 1018/1291/955 1019/1326/956
f 974/1299/911 973/1297/910 1005/1325/942 1006/1327/943
f 988/1300/925 987/1298/924 1019/1326/956 1020/1328/957
f 975/1301/912 974/1299/911 1006/1327/943 1007/1329/944
f 962/1303/899 961/1302/898 993/1321/930 994/1320/931
f 989/1304/926 988/1300/925 1020/1328/957 1021/1330/958
f 976/1305/913 975/1301/912 1007/1329/944 1008/1331/945
f 963/1306/900 962/1303/899 994/1320/931 995/1332/932
f 990/1307/927 989/1304/926 1021/1330/958 1022/1333/959
f 977/1308/914 976/1305/913 1008/1331/945 1009/1334/946
f 964/1309/901 963/1306/900 995/1332/932 996/1335/933
f 991/1310/928 990/1307/927 1022/1333/959 1023/1336/960
f 978/1311/915 977/1308/914 1009/1334/946 1010/1337/947
f 965/1312/902 964/1309/901 996/1335/933 997/1338/934
f 992/1313/929 991/1310/928 1023/1336/960 1024/1339/961
f 979/1314/916 978/1311/915 1010/1337/947 1011/1340/948
f 966/1315/903 965/1312/902 997/1338/934 998/1341/935
f 961/1302/898 992/1313/929 1024/1339/961 993/1321/930
f 980/1316/917 979/1314/916 1011/1340/948 1012/1342/949
f 967/1317/904 966/1315/903 998/1341/935 999/1343/936
f 981/1318/918 980/1316/917 1012/1342/949 1013/1344/950
f 968/1319/905 967/1317/904 999/1343/936 1000/1345/937
f 982/1228/919 981/1318/918 1013/1344/950 1014/1346/951
f 969/1292/906 968/1319/905 1000/1345/937 1001/1347/938
f 983/1229/920 982/1228/919 1014/1346/951 1015/1348/952
f 970/1293/907 969/1292/906 1001/1347/938 1002/1349/939
f 984/1294/921 983/1229/920 1015/1348/952 1016/1350/953
f 971/1295/908 970/1293/907 1002/1349/939 1003/1351/940
f 985/1289/922 984/1294/921 1016/1350/953 1017/1290/954
f 972/1296/909 971/1295/908 1003/1351/940 1004/1324/941
f 1029/1352/966 1028/1353/965 1060/1354/997 1061/1355/998
f 1021/1356/958 1020/1357/957 1052/1358/989 1053/1359/990
f 1008/1331/945 1007/1329/944 1039/1360/976 1040/1361/977
f 995/1332/932 994/1320/931 1026/1323/963 1027/1362/964
f 1022/1333/959 1021/1330/958 1053/1363/990 1054/1364/991
f 1009/1365/946 1008/1366/945 1040/1367/977 1041/1368/978
f 996/1335/933 995/1332/932 1027/1362/964 1028/1369/965
f 1023/1336/960 1022/1333/959 1054/1364/991 1055/1370/992
f 1010/1371/947 1009/1365/946 1041/1368/978 1042/1372/979
f 997/1338/934 996/1335/933 1028/1369/965 1029/1373/966
f 1024/1339/961 1023/1336/960 1055/1370/992 1056/1374/993
f 1011/1375/948 1010/1371/947 1042/1372/979 1043/1376/980
f 998/1341/935 997/1338/934 1029/1373/966 1030/1377/967
f 993/1321/930 1024/1339/961 1056/1374/993 1025/1322/962
f 1012/1378/949 1011/1375/948 1043/1376/980 1044/1379/981
f 999/1343/936 998/1341/935 1030/1377/967 1031/1380/968
f 1013/1381/950 1012/1378/949 1044/1379/981 1045/1382/982
f 1000/1383/937 999/1384/936 1031/1385/968 1032/1386/969
f 1014/1346/951 1013/1344/950 1045/1387/982 1046/1388/983
f 1001/1389/938 1000/1383/937 1032/1386/969 1033/1390/970
f 1015/1348/952 1014/1346/951 1046/1388/983 1047/1391/984
f 1002/1392/939 1001/1389/938 1033/1390/970 1034/1393/971
f 1016/1350/953 1015/1348/952 1047/1391/984 1048/1394/985
f 1003/1395/940 1002/1392/939 1034/1393/971 1035/1396/972
f 1017/1397/954 1016/1398/953 1048/1399/985 1049/1400/986
f 1004/1401/941 1003/1395/940 1035/1396/972 1036/1402/973
f 1018/1403/955 1017/1397/954 1049/1400/986 1050/1404/987
f 1005/1325/942 1004/1324/941 1036/1405/973 1037/1406/974
f 1019/1407/956 1018/1403/955 1050/1404/987 1051/1408/988
f 1006/1327/943 1005/1325/942 1037/1406/974 1038/1409/975
f 1020/1357/957 1019/1407/956 1051/1408/988 1052/1358/989
f 1007/1329/944 1006/1327/943 1038/1409/975 1039/1360/976
f 1064/1410/1001 1063/1411/1000 1095/1412/1032 1096/1413/1033
f 1056/1414/993 1055/1415/992 1087/1416/1024 1088/1417/1025
f 1043/1376/980 1042/1372/979 1074/1418/1011 1075/1419/1012
f 1030/1420/967 1029/1421/966 1061/1422/998 1062/1423/999
f 1025/1424/962 1056/1414/993 1088/1417/1025 1057/1425/994
f 1044/1379/981 1043/1376/980 1075/1419/1012 1076/1426/1013
f 1031/1385/968 1030/1420/967 1062/1423/999 1063/1411/1000
f 1045/1382/982 1044/1379/981 1076/1426/1013 1077/1427/1014
f 1032/1386/969 1031/1385/968 1063/1411/1000 1064/1410/1001
f 1046/1428/983 1045/1382/982 1077/1427/1014 1078/1429/1015
f 1033/1390/970 1032/1386/969 1064/1410/1001 1065/1430/1002
f 1047/1431/984 1046/1432/983 1078/1433/1015 1079/1434/1016
f 1034/1393/971 1033/1390/970 1065/1430/1002 1066/1435/1003
f 1048/1399/985 1047/1431/984 1079/1434/1016 1080/1436/1017
f 1035/1396/972 1034/1393/971 1066/1435/1003 1067/1437/1004
f 1049/1400/986 1048/1399/985 1080/1436/1017 1081/1438/1018
f 1036/1402/973 1035/1396/972 1067/1437/1004 1068/1439/1005
f 1050/1404/987 1049/1400/986 1081/1438/1018 1082/1440/1019
f 1037/1441/974 1036/1402/973 1068/1439/1005 1069/1442/1006
f 1051/1408/988 1050/1404/987 1082/1440/1019 1083/1443/1020
f 1038/1444/975 1037/1441/974 1069/1442/1006 1070/1445/1007
f 1052/1358/989 1051/1408/988 1083/1443/1020 1084/1446/1021
f 1039/1447/976 1038/1448/975 1070/1449/1007 1071/1450/1008
f 1026/1451/963 1025/1424/962 1057/1425/994 1058/1452/995
f 1053/1359/990 1052/1358/989 1084/1446/1021 1085/1453/1022
f 1040/1367/977 1039/1447/976 1071/1450/1008 1072/1454/1009
f 1027/1455/964 1026/1451/963 1058/1452/995 1059/1456/996
f 1054/1457/991 1053/1359/990 1085/1453/1022 1086/1458/1023
f 1041/1368/978 1040/1367/977 1072/1454/1009 1073/1459/1010
f 1028/1353/965 1027/1455/964 1059/1456/996 1060/1354/997
f 1055/1415/992 1054/1460/991 1086/1461/1023 1087/1416/1024
f 1042/1372/979 1041/1368/978 1073/1459/1010 1074/1418/1011
f 1099/1462/1036 1098/1463/1035 1130/1464/1067 1131/1465/1068
f 1078/1429/1015 1077/1427/1014 1109/1466/1046 1110/1467/1047
f 1065/1430/1002 1064/1410/1001 1096/1413/1033 1097/1468/1034
f 1079/1434/1016 1078/1433/1015 1110/1469/1047 1111/1470/1048
f 1066/1435/1003 1065/1430/1002 1097/1468/1034 1098/1463/1035
f 1080/1436/1017 1079/1434/1016 1111/1470/1048 1112/1471/1049
f 1067/1437/1004 1066/1435/1003 1098/1463/1035 1099/1462/1036
f 1081/1438/1018 1080/1436/1017 1112/1471/1049 1113/1472/1050
f 1068/1439/1005 1067/1437/1004 1099/1462/1036 1100/1473/1037
f 1082/1440/1019 1081/1438/1018 1113/1472/1050 1114/1474/1051
f 1069/1442/1006 1068/1439/1005 1100/1473/1037 1101/1475/1038
f 1083/1443/1020 1082/1440/1019 1114/1474/1051 1115/1476/1052
f 1070/1445/1007 1069/1442/1006 1101/1475/1038 1102/1477/1039
f 1084/1446/1021 1083/1443/1020 1115/1476/1052 1116/1478/1053
f 1071/1450/1008 1070/1449/1007 1102/1479/1039 1103/1480/1040
f 1058/1452/995 1057/1425/994 1089/1481/1026 1090/1482/1027
f 1085/1453/1022 1084/1446/1021 1116/1478/1053 1117/1483/1054
f 1072/1454/1009 1071/1450/1008 1103/1480/1040 1104/1484/1041
f 1059/1456/996 1058/1452/995 1090/1482/1027 1091/1485/1028
f 1086/1458/1023 1085/1453/1022 1117/1483/1054 1118/1486/1055
f 1073/1459/1010 1072/1454/1009 1104/1484/1041 1105/1487/1042
f 1060/1354/997 1059/1456/996 1091/1485/1028 1092/1488/1029
f 1087/1416/1024 1086/1461/1023 1118/1489/1055 1119/1490/1056
f 1074/1418/1011 1073/1459/1010 1105/1487/1042 1106/1491/1043
f 1061/1355/998 1060/1354/997 1092/1488/1029 1093/1492/1030
f 1088/1417/1025 1087/1416/1024 1119/1490/1056 1120/1493/1057
f 1075/1419/1012 1074/1418/1011 1106/1491/1043 1107/1494/1044
f 1062/1423/999 1061/1422/998 1093/1495/1030 1094/1496/1031
f 1057/1425/994 1088/1417/1025 1120/1493/1057 1089/1481/1026
f 1076/1426/1013 1075/1419/1012 1107/1494/1044 1108/1497/1045
f 1063/1411/1000 1062/1423/999 1094/1496/1031 1095/1412/1032
f 1077/1427/1014 1076/1426/1013 1108/1497/1045 1109/1466/1046
f 1134/1498/1071 1133/1499/1070 1165/1500/1102 1166/1501/1103
f 1113/1472/1050 1112/1471/1049 1144/1502/1081 1145/1503/1082
f 1100/1473/1037 1099/1462/1036 1131/1465/1068 1132/1504/1069
f 1114/1474/1051 1113/1472/1050 1145/1503/1082 1146/1505/1083
f 1101/1475/1038 1100/1473/1037 1132/1504/1069 1133/1506/1070
f 1115/1476/1052 1114/1474/1051 1146/1505/1083 1147/1507/1084
f 1102/1477/1039 1101/1475/1038 1133/1506/1070 1134/1508/1071
f 1116/1478/1053 1115/1476/1052 1147/1507/1084 1148/1509/1085
f 1103/1480/1040 1102/1479/1039 1134/1510/1071 1135/1511/1072
f 1090/1482/1027 1089/1481/1026 1121/1512/1058 1122/1513/1059
f 1117/1483/1054 1116/1478/1053 1148/1509/1085 1149/1514/1086
f 1104/1484/1041 1103/1480/1040 1135/1511/1072 1136/1515/1073
f 1091/1485/1028 1090/1482/1027 1122/1513/1059 1123/1516/1060
f 1118/1486/1055 1117/1483/1054 1149/1514/1086 1150/1517/1087
f 1105/1487/1042 1104/1484/1041 1136/1515/1073 1137/1518/1074
f 1092/1488/1029 1091/1485/1028 1123/1516/1060 1124/1519/1061
f 1119/1490/1056 1118/1489/1055 1150/1520/1087 1151/1521/1088
f 1106/1491/1043 1105/1487/1042 1137/1518/1074 1138/1522/1075
f 1093/1492/1030 1092/1488/1029 1124/1519/1061 1125/1523/1062
f 1120/1493/1057 1119/1490/1056 1151/1521/1088 1152/1524/1089
f 1107/1494/1044 1106/1491/1043 1138/1522/1075 1139/1525/1076
f 1094/1496/1031 1093/1495/1030 1125/1526/1062 1126/1527/1063
f 1089/1481/1026 1120/1493/1057 1152/1524/1089 1121/1512/1058
f 1108/1497/1045 1107/1494/1044 1139/1525/1076 1140/1528/1077
f 1095/1412/1032 1094/1496/1031 1126/1527/1063 1127/1529/1064
f 1109/1466/1046 1108/1497/1045 1140/1528/1077 1141/1530/1078
f 1096/1413/1033 1095/1412/1032 1127/1529/1064 1128/1531/1065
f 1110/1467/1047 1109/1466/1046 1141/1530/1078 1142/1532/1079
f 1097/1468/1034 1096/1413/1033 1128/1531/1065 1129/1533/1066
f 1111/1470/1048 1110/1469/1047 1142/1534/1079 1143/1535/1080
f 1098/1463/1035 1097/1468/1034 1129/1533/1066 1130/1464/1067
f 1112/1471/1049 1111/1470/1048 1143/1535/1080 1144/1502/1081
f 1154/1536/1091 1153/1537/1090 1184/1538/1121 1183/1539/1120 1182/1540/1119 1181/1541/1118 1180/1542/1117 1179/1543/1116 1178/1544/1115 1177/1545/1114 1176/1546/1113 1175/1547/1112 1174/1548/1111 1173/1549/1110 1172/1550/1109 1171/1551/1108 1170/1552/1107 1169/1553/1106 1168/1554/1105 1167/1555/1104 1166/1501/1103 1165/1500/1102 1164/1556/1101 1163/1557/1100 1162/1558/1099 1161/1559/1098 1160/1560/1097 1159/1561/1096 1158/1562/1095 1157/1563/1094 1156/1564/1093 1155/1565/1092
f 1148/1509/1085 1147/1507/1084 1179/1566/1116 1180/1567/1117
f 1135/1568/1072 1134/1498/1071 1166/1501/1103 1167/1555/1104
f 1122/1513/1059 1121/1512/1058 1153/1569/1090 1154/1570/1091
f 1149/1514/1086 1148/1509/1085 1180/1567/1117 1181/1571/1118
f 1136/1515/1073 1135/1511/1072 1167/1572/1104 1168/1573/1105
f 1123/1516/1060 1122/1513/1059 1154/1570/1091 1155/1574/1092
f 1150/1517/1087 1149/1514/1086 1181/1571/1118 1182/1575/1119
f 1137/1518/1074 1136/1515/1073 1168/1573/1105 1169/1576/1106
f 1124/1519/1061 1123/1516/1060 1155/1574/1092 1156/1577/1093
f 1151/1521/1088 1150/1520/1087 1182/1578/1119 1183/1579/1120
f 1138/1522/1075 1137/1518/1074 1169/1576/1106 1170/1580/1107
f 1125/1523/1062 1124/1519/1061 1156/1577/1093 1157/1581/1094
f 1152/1524/1089 1151/1521/1088 1183/1579/1120 1184/1582/1121
f 1139/1525/1076 1138/1522/1075 1170/1580/1107 1171/1583/1108
f 1126/1584/1063 1125/1523/1062 1157/1581/1094 1158/1585/1095
f 1121/1512/1058 1152/1524/1089 1184/1582/1121 1153/1569/1090
f 1140/1528/1077 1139/1525/1076 1171/1583/1108 1172/1586/1109
f 1127/1529/1064 1126/1527/1063 1158/1587/1095 1159/1588/1096
f 1141/1530/1078 1140/1528/1077 1172/1586/1109 1173/1589/1110
f 1128/1531/1065 1127/1529/1064 1159/1588/1096 1160/1590/1097
f 1142/1532/1079 1141/1530/1078 1173/1589/1110 1174/1591/1111
f 1129/1533/1066 1128/1531/1065 1160/1590/1097 1161/1592/1098
f 1143/1593/1080 1142/1594/1079 1174/1548/1111 1175/1547/1112
f 1130/1464/1067 1129/1533/1066 1161/1592/1098 1162/1595/1099
f 1144/1502/1081 1143/1535/1080 1175/1596/1112 1176/1597/1113
f 1131/1465/1068 1130/1464/1067 1162/1595/1099 1163/1598/1100
f 1145/1503/1082 1144/1502/1081 1176/1597/1113 1177/1599/1114
f 1132/1504/1069 1131/1465/1068 1163/1598/1100 1164/1600/1101
f 1146/1505/1083 1145/1503/1082 1177/1599/1114 1178/1601/1115
f 1133/1506/1070 1132/1504/1069 1164/1600/1101 1165/1602/1102
f 1147/1507/1084 1146/1505/1083 1178/1601/1115 1179/1566/1116
usemtl Outline
f 1216/1/1153 1185/4/1122 1222/3/1159 1342/2/1279
f 1737/5/1674 1387/8/1324 1386/7/1323 1731/6/1668
f 1188/9/1125 1189/12/1126 1237/11/1174 1233/10/1170
f 1210/13/1147 1211/16/1148 1324/15/1261 1320/14/1257
f 1201/17/1138 1202/20/1139 1288/19/1225 1284/18/1221
f 1192/21/1129 1193/24/1130 1253/23/1190 1249/22/1186
f 1214/25/1151 1215/28/1152 1339/27/1276 1335/26/1272
f 1205/29/1142 1206/32/1143 1304/31/1241 1300/30/1237
f 1196/33/1133 1197/36/1134 1268/35/1205 1265/34/1202
f 1187/37/1124 1188/9/1125 1233/10/1170 1230/38/1167
f 1209/39/1146 1210/13/1147 1320/14/1257 1316/40/1253
f 1200/41/1137 1201/17/1138 1284/18/1221 1280/42/1217
f 1191/43/1128 1192/21/1129 1249/22/1186 1245/44/1182
f 1213/45/1150 1214/48/1151 1335/47/1272 1331/46/1268
f 1204/49/1141 1205/52/1142 1300/51/1237 1296/50/1233
f 1195/53/1132 1196/33/1133 1265/34/1202 1261/54/1198
f 1186/55/1123 1187/37/1124 1230/38/1167 1227/56/1164
f 1185/4/1122 1186/55/1123 1227/56/1164 1222/3/1159
f 1208/57/1145 1209/39/1146 1316/40/1253 1312/58/1249
f 1199/59/1136 1200/41/1137 1280/42/1217 1276/60/1213
f 1190/61/1127 1191/64/1128 1245/63/1182 1241/62/1178
f 1212/65/1149 1213/45/1150 1331/46/1268 1327/66/1264
f 1203/67/1140 1204/70/1141 1296/69/1233 1292/68/1229
f 1194/71/1131 1195/74/1132 1261/73/1198 1257/72/1194
f 1207/75/1144 1208/57/1145 1312/58/1249 1308/76/1245
f 1198/77/1135 1199/59/1136 1276/60/1213 1272/78/1209
f 1189/12/1126 1190/80/1127 1241/79/1178 1237/11/1174
f 1211/16/1148 1212/65/1149 1327/66/1264 1324/15/1261
f 1202/20/1139 1203/67/1140 1292/68/1229 1288/19/1225
f 1193/24/1130 1194/71/1131 1257/72/1194 1253/23/1190
f 1215/28/1152 1216/1/1153 1342/2/1279 1339/27/1276
f 1206/32/1143 1207/75/1144 1308/76/1245 1304/31/1241
f 1197/36/1134 1198/82/1135 1272/81/1209 1268/35/1205
f 1227/83/1164 1229/86/1166 1224/85/1161 1222/84/1159
f 1229/86/1166 1228/88/1165 1225/87/1162 1224/85/1161
f 1228/88/1165 1226/90/1163 1223/89/1160 1225/87/1162
f 1230/91/1167 1232/92/1169 1229/86/1166 1227/83/1164
f 1232/92/1169 1231/93/1168 1228/88/1165 1229/86/1166
f 1231/93/1168 1221/94/1158 1226/90/1163 1228/88/1165
f 1233/95/1170 1235/96/1172 1232/92/1169 1230/91/1167
f 1235/96/1172 1234/97/1171 1231/93/1168 1232/92/1169
f 1234/97/1171 1218/98/1155 1221/94/1158 1231/93/1168
f 1237/99/1174 1239/100/1176 1235/96/1172 1233/95/1170
f 1239/100/1176 1238/101/1175 1234/97/1171 1235/96/1172
f 1238/101/1175 1236/102/1173 1218/98/1155 1234/97/1171
f 1241/103/1178 1243/104/1180 1239/100/1176 1237/99/1174
f 1243/104/1180 1242/105/1179 1238/101/1175 1239/100/1176
f 1242/105/1179 1240/106/1177 1236/102/1173 1238/101/1175
f 1245/107/1182 1247/110/1184 1243/109/1180 1241/108/1178
f 1247/110/1184 1246/112/1183 1242/111/1179 1243/109/1180
f 1246/112/1183 1244/114/1181 1240/113/1177 1242/111/1179
f 1249/115/1186 1251/116/1188 1247/110/1184 1245/107/1182
f 1251/116/1188 1250/117/1187 1246/112/1183 1247/110/1184
f 1250/117/1187 1248/118/1185 1244/114/1181 1246/112/1183
f 1253/119/1190 1255/120/1192 1251/116/1188 1249/115/1186
f 1255/120/1192 1254/121/1191 1250/117/1187 1251/116/1188
f 1254/121/1191 1252/122/1189 1248/118/1185 1250/117/1187
f 1257/123/1194 1259/124/1196 1255/120/1192 1253/119/1190
f 1259/124/1196 1258/125/1195 1254/121/1191 1255/120/1192
f 1258/125/1195 1256/126/1193 1252/122/1189 1254/121/1191
f 1261/127/1198 1263/128/1200 1259/124/1196 1257/123/1194
f 1263/128/1200 1262/129/1199 1258/125/1195 1259/124/1196
f 1262/129/1199 1260/130/1197 1256/126/1193 1258/125/1195
f 1265/131/1202 1267/132/1204 1263/128/1200 1261/127/1198
f 1267/132/1204 1266/133/1203 1262/129/1199 1263/128/1200
f 1266/133/1203 1264/134/1201 1260/130/1197 1262/129/1199
f 1268/135/1205 1270/136/1207 1267/132/1204 1265/131/1202
f 1270/136/1207 1269/137/1206 1266/133/1203 1267/132/1204
f 1269/137/1206 1217/138/1154 1264/134/1201 1266/133/1203
f 1272/139/1209 1274/140/1211 1270/136/1207 1268/135/1205
f 1274/140/1211 1273/141/1210 1269/137/1206 1270/136/1207
f 1273/141/1210 1271/142/1208 1217/138/1154 1269/137/1206
f 1276/143/1213 1278/146/1215 1274/145/1211 1272/144/1209
f 1278/146/1215 1277/148/1214 1273/147/1210 1274/145/1211
f 1277/148/1214 1275/150/1212 1271/149/1208 1273/147/1210
f 1280/151/1217 1282/152/1219 1278/146/1215 1276/143/1213
f 1282/152/1219 1281/153/1218 1277/148/1214 1278/146/1215
f 1281/153/1218 1279/154/1216 1275/150/1212 1277/148/1214
f 1284/155/1221 1286/156/1223 1282/152/1219 1280/151/1217
f 1286/156/1223 1285/157/1222 1281/153/1218 1282/152/1219
f 1285/157/1222 1283/158/1220 1279/154/1216 1281/153/1218
f 1288/159/1225 1290/160/1227 1286/156/1223 1284/155/1221
f 1290/160/1227 1289/161/1226 1285/157/1222 1286/156/1223
f 1289/161/1226 1287/162/1224 1283/158/1220 1285/157/1222
f 1292/163/1229 1294/164/1231 1290/160/1227 1288/159/1225
f 1294/164/1231 1293/165/1230 1289/161/1226 1290/160/1227
f 1293/165/1230 1291/166/1228 1287/162/1224 1289/161/1226
f 1296/167/1233 1298/168/1235 1294/164/1231 1292/163/1229
f 1298/168/1235 1297/169/1234 1293/165/1230 1294/164/1231
f 1297/169/1234 1295/170/1232 1291/166/1228 1293/165/1230
f 1300/171/1237 1302/172/1239 1298/168/1235 1296/167/1233
f 1302/172/1239 1301/173/1238 1297/169/1234 1298/168/1235
f 1301/173/1238 1299/174/1236 1295/170/1232 1297/169/1234
f 1304/175/1241 1306/176/1243 1302/172/1239 1300/171/1237
f 1306/176/1243 1305/177/1242 1301/173/1238 1302/172/1239
f 1305/177/1242 1303/178/1240 1299/174/1236 1301/173/1238
f 1308/179/1245 1310/182/1247 1306/181/1243 1304/180/1241
f 1310/182/1247 1309/184/1246 1305/183/1242 1306/181/1243
f 1309/184/1246 1307/186/1244 1303/185/1240 1305/183/1242
f 1312/187/1249 1314/188/1251 1310/182/1247 1308/179/1245
f 1314/188/1251 1313/189/1250 1309/184/1246 1310/182/1247
f 1313/189/1250 1311/190/1248 1307/186/1244 1309/184/1246
f 1316/191/1253 1318/192/1255 1314/188/1251 1312/187/1249
f 1318/192/1255 1317/193/1254 1313/189/1250 1314/188/1251
f 1317/193/1254 1315/194/1252 1311/190/1248 1313/189/1250
f 1320/195/1257 1322/196/1259 1318/192/1255 1316/191/1253
f 1322/196/1259 1321/197/1258 1317/193/1254 1318/192/1255
f 1321/197/1258 1319/198/1256 1315/194/1252 1317/193/1254
f 1324/199/1261 1326/200/1263 1322/196/1259 1320/195/1257
f 1326/200/1263 1325/201/1262 1321/197/1258 1322/196/1259
f 1325/201/1262 1323/202/1260 1319/198/1256 1321/197/1258
f 1327/203/1264 1329/204/1266 1326/200/1263 1324/199/1261
f 1329/204/1266 1328/205/1265 1325/201/1262 1326/200/1263
f 1328/205/1265 1220/206/1157 1323/202/1260 1325/201/1262
f 1331/207/1268 1333/208/1270 1329/204/1266 1327/203/1264
f 1333/208/1270 1332/209/1269 1328/205/1265 1329/204/1266
f 1332/209/1269 1330/210/1267 1220/206/1157 1328/205/1265
f 1335/211/1272 1337/212/1274 1333/208/1270 1331/207/1268
f 1337/212/1274 1336/213/1273 1332/209/1269 1333/208/1270
f 1336/213/1273 1334/214/1271 1330/210/1267 1332/209/1269
f 1339/215/1276 1341/218/1278 1337/217/1274 1335/216/1272
f 1341/218/1278 1340/220/1277 1336/219/1273 1337/217/1274
f 1340/220/1277 1338/222/1275 1334/221/1271 1336/219/1273
f 1342/223/1279 1344/224/1281 1341/218/1278 1339/215/1276
f 1344/224/1281 1343/225/1280 1340/220/1277 1341/218/1278
f 1343/225/1280 1219/226/1156 1338/222/1275 1340/220/1277
f 1222/84/1159 1224/85/1161 1344/224/1281 1342/223/1279
f 1224/85/1161 1225/87/1162 1343/225/1280 1344/224/1281
f 1225/87/1162 1223/89/1160 1219/226/1156 1343/225/1280
f 1226/227/1163 1346/230/1283 1345/229/1282 1223/228/1160
f 1544/231/1481 1541/234/1478 1673/233/1610 1537/232/1474
f 1539/235/1476 1672/238/1609 1667/237/1604 1670/236/1607
f 1221/94/1158 1347/240/1284 1346/239/1283 1226/90/1163
f 1347/241/1284 1551/243/1488 1546/242/1483 1346/230/1283
f 1218/244/1155 1348/246/1285 1347/241/1284 1221/245/1158
f 1348/246/1285 1558/247/1495 1551/243/1488 1347/241/1284
f 1236/248/1173 1349/249/1286 1348/246/1285 1218/244/1155
f 1350/250/1287 1566/252/1503 1561/251/1498 1349/249/1286
f 1349/249/1286 1561/251/1498 1558/247/1495 1348/246/1285
f 1240/253/1177 1350/250/1287 1349/249/1286 1236/248/1173
f 1564/254/1501 1563/257/1500 1674/256/1611 1560/255/1497
f 1244/258/1181 1351/259/1288 1350/250/1287 1240/253/1177
f 1351/259/1288 1573/260/1510 1566/252/1503 1350/250/1287
f 1248/261/1185 1352/262/1289 1351/259/1288 1244/258/1181
f 1352/262/1289 1578/263/1515 1573/260/1510 1351/259/1288
f 1252/264/1189 1353/265/1290 1352/262/1289 1248/261/1185
f 1354/266/1291 1584/268/1521 1581/267/1518 1353/265/1290
f 1353/265/1290 1581/267/1518 1578/263/1515 1352/262/1289
f 1256/269/1193 1354/266/1291 1353/265/1290 1252/264/1189
f 1582/270/1519 1681/273/1618 1679/272/1616 1580/271/1517
f 1355/274/1292 1587/275/1524 1584/268/1521 1354/266/1291
f 1260/130/1197 1355/277/1292 1354/276/1291 1256/126/1193
f 1585/278/1522 1684/281/1621 1680/280/1617 1583/279/1520
f 1356/282/1293 1593/283/1530 1587/275/1524 1355/274/1292
f 1264/284/1201 1356/282/1293 1355/274/1292 1260/285/1197
f 1591/286/1528 1589/289/1526 1683/288/1620 1586/287/1523
f 1217/290/1154 1357/291/1294 1356/282/1293 1264/284/1201
f 1358/292/1295 1599/294/1536 1596/293/1533 1357/291/1294
f 1271/295/1208 1358/292/1295 1357/291/1294 1217/290/1154
f 1597/296/1534 1690/299/1627 1688/298/1625 1595/297/1532
f 1359/300/1296 1604/301/1541 1599/294/1536 1358/292/1295
f 1275/302/1212 1359/300/1296 1358/292/1295 1271/295/1208
f 1602/303/1539 1601/306/1538 1689/305/1626 1598/304/1535
f 1279/154/1216 1360/308/1297 1359/307/1296 1275/150/1212
f 1361/309/1298 1610/312/1547 1607/311/1544 1360/310/1297
f 1283/158/1220 1361/313/1298 1360/308/1297 1279/154/1216
f 1608/314/1545 1697/317/1634 1695/316/1632 1606/315/1543
f 1362/318/1299 1613/319/1550 1610/312/1547 1361/309/1298
f 1287/162/1224 1362/320/1299 1361/313/1298 1283/158/1220
f 1611/321/1548 1701/324/1638 1696/323/1633 1609/322/1546
f 1363/325/1300 1616/326/1553 1613/319/1550 1362/318/1299
f 1291/166/1228 1363/327/1300 1362/320/1299 1287/162/1224
f 1614/328/1551 1703/331/1640 1700/330/1637 1612/329/1549
f 1364/332/1301 1619/333/1556 1616/326/1553 1363/325/1300
f 1295/170/1232 1364/334/1301 1363/327/1300 1291/166/1228
f 1617/335/1554 1707/338/1644 1702/337/1639 1615/336/1552
f 1365/339/1302 1622/340/1559 1619/333/1556 1364/332/1301
f 1299/341/1236 1365/339/1302 1364/332/1301 1295/342/1232
f 1620/343/1557 1709/346/1646 1706/345/1643 1618/344/1555
f 1366/347/1303 1625/348/1562 1622/340/1559 1365/339/1302
f 1303/349/1240 1366/347/1303 1365/339/1302 1299/341/1236
f 1623/350/1560 1712/353/1649 1708/352/1645 1621/351/1558
f 1367/354/1304 1628/355/1565 1625/348/1562 1366/347/1303
f 1307/356/1244 1367/354/1304 1366/347/1303 1303/349/1240
f 1626/357/1563 1716/360/1653 1711/359/1648 1624/358/1561
f 1368/361/1305 1635/362/1572 1628/355/1565 1367/354/1304
f 1311/363/1248 1368/361/1305 1367/354/1304 1307/356/1244
f 1633/364/1570 1631/367/1568 1715/366/1652 1627/365/1564
f 1315/368/1252 1369/369/1306 1368/361/1305 1311/363/1248
f 1370/370/1307 1644/372/1581 1638/371/1575 1369/369/1306
f 1319/198/1256 1370/374/1307 1369/373/1306 1315/194/1252
f 1642/375/1579 1641/378/1578 1717/377/1654 1637/376/1574
f 1323/379/1260 1371/381/1308 1370/370/1307 1319/380/1256
f 1372/382/1309 1653/384/1590 1647/383/1584 1371/381/1308
f 1220/385/1157 1372/382/1309 1371/381/1308 1323/379/1260
f 1651/386/1588 1650/389/1587 1720/388/1657 1646/387/1583
f 1330/390/1267 1373/391/1310 1372/382/1309 1220/385/1157
f 1374/392/1311 1662/394/1599 1656/393/1593 1373/391/1310
f 1334/395/1271 1374/392/1311 1373/391/1310 1330/390/1267
f 1660/396/1597 1659/399/1596 1723/398/1660 1655/397/1592
f 1338/400/1275 1375/401/1312 1374/392/1311 1334/395/1271
f 1376/402/1313 1671/404/1608 1665/403/1602 1375/401/1312
f 1219/405/1156 1376/402/1313 1375/401/1312 1338/400/1275
f 1669/406/1606 1668/409/1605 1726/408/1663 1664/407/1601
f 1223/228/1160 1345/229/1282 1376/402/1313 1219/405/1156
f 1346/230/1283 1546/242/1483 1538/410/1475 1345/229/1282
f 1389/411/1326 1421/414/1358 1420/413/1357 1388/412/1325
f 1739/415/1676 1401/418/1338 1400/417/1337 1735/416/1672
f 1733/419/1670 1399/422/1336 1398/421/1335 1792/420/1729
f 1741/423/1678 1388/412/1325 1387/8/1324 1737/5/1674
f 1744/424/1681 1402/425/1339 1401/418/1338 1739/415/1676
f 1746/426/1683 1389/411/1326 1388/412/1325 1741/423/1678
f 1748/427/1685 1403/428/1340 1402/425/1339 1744/424/1681
f 1749/429/1686 1390/430/1327 1389/411/1326 1746/426/1683
f 1751/431/1688 1404/432/1341 1403/428/1340 1748/427/1685
f 1753/433/1690 1391/436/1328 1390/435/1327 1749/434/1686
f 1760/437/1697 1405/438/1342 1404/432/1341 1751/431/1688
f 1764/439/1701 1379/442/1316 1378/441/1315 1758/440/1695
f 1762/443/1699 1392/444/1329 1391/436/1328 1753/433/1690
f 1756/445/1693 1377/448/1314 1408/447/1345 1777/446/1714
f 1767/449/1704 1406/450/1343 1405/438/1342 1760/437/1697
f 1770/451/1707 1393/452/1330 1392/444/1329 1762/443/1699
f 1771/453/1708 1380/454/1317 1379/442/1316 1764/439/1701
f 1772/455/1709 1407/458/1344 1406/457/1343 1767/456/1704
f 1773/459/1710 1394/460/1331 1393/452/1330 1770/451/1707
f 1775/461/1712 1381/462/1318 1380/454/1317 1771/453/1708
f 1777/446/1714 1408/447/1345 1407/458/1344 1772/455/1709
f 1780/463/1717 1395/464/1332 1394/460/1331 1773/459/1710
f 1782/465/1719 1382/466/1319 1381/462/1318 1775/461/1712
f 1785/467/1722 1396/468/1333 1395/464/1332 1780/463/1717
f 1758/440/1695 1378/441/1315 1377/448/1314 1756/445/1693
f 1786/469/1723 1383/472/1320 1382/471/1319 1782/470/1719
f 1788/473/1725 1397/474/1334 1396/468/1333 1785/467/1722
f 1790/475/1727 1384/476/1321 1383/472/1320 1786/469/1723
f 1792/420/1729 1398/421/1335 1397/478/1334 1788/477/1725
f 1731/6/1668 1386/7/1323 1385/480/1322 1729/479/1666
f 1735/416/1672 1400/417/1337 1399/422/1336 1733/419/1670
f 1424/481/1361 1456/484/1393 1455/483/1392 1423/482/1360
f 1403/428/1340 1435/486/1372 1434/485/1371 1402/425/1339
f 1390/430/1327 1422/487/1359 1421/414/1358 1389/411/1326
f 1404/432/1341 1436/488/1373 1435/486/1372 1403/428/1340
f 1391/436/1328 1423/490/1360 1422/489/1359 1390/435/1327
f 1378/441/1315 1410/492/1347 1409/491/1346 1377/448/1314
f 1405/438/1342 1437/493/1374 1436/488/1373 1404/432/1341
f 1392/444/1329 1424/494/1361 1423/490/1360 1391/436/1328
f 1379/442/1316 1411/495/1348 1410/492/1347 1378/441/1315
f 1406/450/1343 1438/496/1375 1437/493/1374 1405/438/1342
f 1393/452/1330 1425/497/1362 1424/494/1361 1392/444/1329
f 1380/454/1317 1412/498/1349 1411/495/1348 1379/442/1316
f 1407/458/1344 1439/500/1376 1438/499/1375 1406/457/1343
f 1394/460/1331 1426/501/1363 1425/497/1362 1393/452/1330
f 1381/462/1318 1413/502/1350 1412/498/1349 1380/454/1317
f 1408/447/1345 1440/503/1377 1439/500/1376 1407/458/1344
f 1395/464/1332 1427/504/1364 1426/501/1363 1394/460/1331
f 1382/466/1319 1414/505/1351 1413/502/1350 1381/462/1318
f 1377/448/1314 1409/491/1346 1440/503/1377 1408/447/1345
f 1396/468/1333 1428/506/1365 1427/504/1364 1395/464/1332
f 1383/472/1320 1415/508/1352 1414/507/1351 1382/471/1319
f 1397/474/1334 1429/509/1366 1428/506/1365 1396/468/1333
f 1384/476/1321 1416/510/1353 1415/508/1352 1383/472/1320
f 1398/511/1335 1430/512/1367 1429/509/1366 1397/474/1334
f 1385/480/1322 1417/513/1354 1416/510/1353 1384/476/1321
f 1399/422/1336 1431/515/1368 1430/514/1367 1398/421/1335
f 1386/7/1323 1418/516/1355 1417/513/1354 1385/480/1322
f 1400/417/1337 1432/517/1369 1431/515/1368 1399/422/1336
f 1387/8/1324 1419/518/1356 1418/516/1355 1386/7/1323
f 1401/418/1338 1433/519/1370 1432/517/1369 1400/417/1337
f 1388/412/1325 1420/413/1357 1419/518/1356 1387/8/1324
f 1402/425/1339 1434/485/1371 1433/519/1370 1401/418/1338
f 1459/520/1396 1523/523/1460 1522/522/1459 1458/521/1395
f 1411/495/1348 1443/525/1380 1442/524/1379 1410/492/1347
f 1438/526/1375 1470/529/1407 1469/528/1406 1437/527/1374
f 1425/530/1362 1457/531/1394 1456/484/1393 1424/481/1361
f 1412/498/1349 1444/532/1381 1443/525/1380 1411/495/1348
f 1439/533/1376 1471/534/1408 1470/529/1407 1438/526/1375
f 1426/535/1363 1458/536/1395 1457/531/1394 1425/530/1362
f 1413/502/1350 1445/537/1382 1444/532/1381 1412/498/1349
f 1440/538/1377 1472/539/1409 1471/534/1408 1439/533/1376
f 1427/540/1364 1459/541/1396 1458/536/1395 1426/535/1363
f 1414/542/1351 1446/545/1383 1445/544/1382 1413/543/1350
f 1409/491/1346 1441/547/1378 1472/546/1409 1440/503/1377
f 1428/548/1365 1460/549/1397 1459/541/1396 1427/540/1364
f 1415/550/1352 1447/551/1384 1446/545/1383 1414/542/1351
f 1429/552/1366 1461/553/1398 1460/549/1397 1428/548/1365
f 1416/554/1353 1448/555/1385 1447/551/1384 1415/550/1352
f 1430/556/1367 1462/557/1399 1461/553/1398 1429/552/1366
f 1417/513/1354 1449/559/1386 1448/558/1385 1416/510/1353
f 1431/560/1368 1463/561/1400 1462/557/1399 1430/556/1367
f 1418/516/1355 1450/562/1387 1449/559/1386 1417/513/1354
f 1432/517/1369 1464/564/1401 1463/563/1400 1431/515/1368
f 1419/518/1356 1451/565/1388 1450/562/1387 1418/516/1355
f 1433/519/1370 1465/566/1402 1464/564/1401 1432/517/1369
f 1420/413/1357 1452/567/1389 1451/565/1388 1419/518/1356
f 1434/485/1371 1466/568/1403 1465/566/1402 1433/519/1370
f 1421/414/1358 1453/569/1390 1452/567/1389 1420/413/1357
f 1435/486/1372 1467/570/1404 1466/568/1403 1434/485/1371
f 1422/571/1359 1454/574/1391 1453/573/1390 1421/572/1358
f 1436/488/1373 1468/575/1405 1467/570/1404 1435/486/1372
f 1423/482/1360 1455/483/1392 1454/574/1391 1422/571/1359
f 1410/492/1347 1442/524/1379 1441/547/1378 1409/491/1346
f 1437/527/1374 1469/528/1406 1468/577/1405 1436/576/1373
f 1498/578/1435 1818/578/1755 1817/578/1754 1497/578/1434
f 1446/579/1383 1510/581/1447 1509/580/1446 1445/537/1382
f 1441/547/1378 1505/583/1442 1536/582/1473 1472/546/1409
f 1460/584/1397 1524/585/1461 1523/523/1460 1459/520/1396
f 1447/586/1384 1511/589/1448 1510/588/1447 1446/587/1383
f 1461/590/1398 1525/591/1462 1524/585/1461 1460/584/1397
f 1448/558/1385 1512/592/1449 1511/589/1448 1447/586/1384
f 1462/593/1399 1526/596/1463 1525/595/1462 1461/594/1398
f 1449/559/1386 1513/597/1450 1512/592/1449 1448/558/1385
f 1463/563/1400 1527/598/1464 1526/596/1463 1462/593/1399
f 1450/562/1387 1514/599/1451 1513/597/1450 1449/559/1386
f 1464/564/1401 1528/600/1465 1527/598/1464 1463/563/1400
f 1451/565/1388 1515/601/1452 1514/599/1451 1450/562/1387
f 1465/566/1402 1529/602/1466 1528/600/1465 1464/564/1401
f 1452/567/1389 1516/603/1453 1515/601/1452 1451/565/1388
f 1466/568/1403 1530/604/1467 1529/602/1466 1465/566/1402
f 1453/569/1390 1517/605/1454 1516/603/1453 1452/567/1389
f 1467/570/1404 1531/606/1468 1530/604/1467 1466/568/1403
f 1454/607/1391 1518/608/1455 1517/605/1454 1453/569/1390
f 1468/575/1405 1532/609/1469 1531/606/1468 1467/570/1404
f 1455/610/1392 1519/613/1456 1518/612/1455 1454/611/1391
f 1442/524/1379 1506/614/1443 1505/583/1442 1441/547/1378
f 1469/615/1406 1533/616/1470 1532/609/1469 1468/575/1405
f 1456/617/1393 1520/618/1457 1519/613/1456 1455/610/1392
f 1443/525/1380 1507/619/1444 1506/614/1443 1442/524/1379
f 1470/620/1407 1534/621/1471 1533/616/1470 1469/615/1406
f 1457/622/1394 1521/623/1458 1520/618/1457 1456/617/1393
f 1444/532/1381 1508/624/1445 1507/619/1444 1443/525/1380
f 1471/625/1408 1535/628/1472 1534/627/1471 1470/626/1407
f 1458/521/1395 1522/522/1459 1521/623/1458 1457/622/1394
f 1445/537/1382 1509/580/1446 1508/624/1445 1444/532/1381
f 1472/546/1409 1536/582/1473 1535/628/1472 1471/625/1408
f 1473/629/1410 1505/632/1442 1506/631/1443 1474/630/1411
f 1474/630/1411 1506/631/1443 1507/634/1444 1475/633/1412
f 1475/633/1412 1507/634/1444 1508/636/1445 1476/635/1413
f 1476/635/1413 1508/636/1445 1509/638/1446 1477/637/1414
f 1477/637/1414 1509/638/1446 1510/640/1447 1478/639/1415
f 1478/639/1415 1510/640/1447 1511/642/1448 1479/641/1416
f 1479/641/1416 1511/642/1448 1512/644/1449 1480/643/1417
f 1480/643/1417 1512/644/1449 1513/646/1450 1481/645/1418
f 1481/645/1418 1513/646/1450 1514/648/1451 1482/647/1419
f 1482/647/1419 1514/648/1451 1515/650/1452 1483/649/1420
f 1483/649/1420 1515/650/1452 1516/652/1453 1484/651/1421
f 1484/651/1421 1516/652/1453 1517/654/1454 1485/653/1422
f 1485/653/1422 1517/654/1454 1518/656/1455 1486/655/1423
f 1486/655/1423 1518/656/1455 1519/658/1456 1487/657/1424
f 1487/657/1424 1519/658/1456 1520/660/1457 1488/659/1425
f 1488/659/1425 1520/660/1457 1521/662/1458 1489/661/1426
f 1489/661/1426 1521/662/1458 1522/664/1459 1490/663/1427
f 1490/663/1427 1522/664/1459 1523/666/1460 1491/665/1428
f 1491/665/1428 1523/666/1460 1524/668/1461 1492/667/1429
f 1492/667/1429 1524/668/1461 1525/670/1462 1493/669/1430
f 1493/669/1430 1525/670/1462 1526/672/1463 1494/671/1431
f 1494/671/1431 1526/672/1463 1527/674/1464 1495/673/1432
f 1495/673/1432 1527/674/1464 1528/676/1465 1496/675/1433
f 1496/675/1433 1528/676/1465 1529/678/1466 1497/677/1434
f 1497/677/1434 1529/678/1466 1530/680/1467 1498/679/1435
f 1498/679/1435 1530/680/1467 1531/682/1468 1499/681/1436
f 1499/681/1436 1531/682/1468 1532/684/1469 1500/683/1437
f 1500/683/1437 1532/684/1469 1533/686/1470 1501/685/1438
f 1501/685/1438 1533/686/1470 1534/688/1471 1502/687/1439
f 1502/687/1439 1534/688/1471 1535/690/1472 1503/689/1440
f 1503/689/1440 1535/690/1472 1536/692/1473 1504/691/1441
f 1504/691/1441 1536/692/1473 1505/632/1442 1473/629/1410
f 1729/479/1666 1385/480/1322 1384/476/1321 1790/475/1727
f 1579/693/1516 1677/696/1614 1575/695/1512 1577/694/1514
f 1576/697/1513 1574/700/1511 1570/699/1507 1572/698/1509
f 1571/701/1508 1567/704/1504 1562/703/1499 1565/702/1502
f 1559/705/1496 1675/708/1612 1555/707/1492 1557/706/1494
f 1375/401/1312 1665/403/1602 1662/394/1599 1374/392/1311
f 1556/709/1493 1552/712/1489 1548/711/1485 1550/710/1487
f 1663/713/1600 1727/716/1664 1658/715/1595 1661/714/1598
f 1360/310/1297 1607/311/1544 1604/301/1541 1359/300/1296
f 1373/391/1310 1656/393/1593 1653/384/1590 1372/382/1309
f 1549/717/1486 1547/720/1484 1540/719/1477 1545/718/1482
f 1605/721/1542 1693/724/1630 1600/723/1537 1603/722/1540
f 1654/725/1591 1724/728/1661 1649/727/1586 1652/726/1589
f 1371/381/1308 1647/383/1584 1644/372/1581 1370/370/1307
f 1357/291/1294 1596/293/1533 1593/283/1530 1356/282/1293
f 1645/729/1582 1721/732/1658 1640/731/1577 1643/730/1580
f 1594/733/1531 1686/736/1623 1588/735/1525 1592/734/1529
f 1369/369/1306 1638/371/1575 1635/362/1572 1368/361/1305
f 1636/737/1573 1718/740/1655 1630/739/1567 1634/738/1571
f 1537/232/1474 1539/235/1476 1538/410/1475
f 1540/719/1477 1543/742/1480 1542/741/1479 1541/234/1478
f 1544/231/1481 1546/242/1483 1545/718/1482
f 1547/720/1484 1548/711/1485 1553/743/1490 1543/742/1480
f 1549/717/1486 1551/243/1488 1550/710/1487
f 1552/712/1489 1555/707/1492 1554/744/1491 1553/743/1490
f 1556/709/1493 1558/247/1495 1557/706/1494
f 1559/705/1496 1561/251/1498 1560/255/1497
f 1562/703/1499 1568/746/1505 1676/745/1613 1563/257/1500
f 1564/254/1501 1566/252/1503 1565/702/1502
f 1567/704/1504 1570/699/1507 1569/747/1506 1568/746/1505
f 1571/701/1508 1573/260/1510 1572/698/1509
f 1574/700/1511 1575/695/1512 1678/748/1615 1569/747/1506
f 1576/697/1513 1578/263/1515 1577/694/1514
f 1579/693/1516 1581/267/1518 1580/271/1517
f 1582/270/1519 1584/268/1521 1583/279/1520
f 1585/278/1522 1587/275/1524 1586/287/1523
f 1687/749/1624 1590/750/1527 1589/289/1526 1588/735/1525
f 1591/286/1528 1593/283/1530 1592/734/1529
f 1594/733/1531 1596/293/1533 1595/297/1532
f 1597/296/1534 1599/294/1536 1598/304/1535
f 1694/751/1631 1692/752/1629 1601/306/1538 1600/723/1537
f 1602/303/1539 1604/301/1541 1603/722/1540
f 1605/721/1542 1607/311/1544 1606/315/1543
f 1608/314/1545 1610/312/1547 1609/322/1546
f 1611/321/1548 1613/319/1550 1612/329/1549
f 1614/328/1551 1616/326/1553 1615/336/1552
f 1617/335/1554 1619/333/1556 1618/344/1555
f 1620/343/1557 1622/340/1559 1621/351/1558
f 1623/350/1560 1625/348/1562 1624/358/1561
f 1626/357/1563 1628/355/1565 1627/365/1564
f 1629/753/1566 1632/754/1569 1631/367/1568 1630/739/1567
f 1633/364/1570 1635/362/1572 1634/738/1571
f 1636/737/1573 1638/371/1575 1637/376/1574
f 1639/755/1576 1719/756/1656 1641/378/1578 1640/731/1577
f 1642/375/1579 1644/372/1581 1643/730/1580
f 1645/729/1582 1647/383/1584 1646/387/1583
f 1648/757/1585 1722/758/1659 1650/389/1587 1649/727/1586
f 1651/386/1588 1653/384/1590 1652/726/1589
f 1654/725/1591 1656/393/1593 1655/397/1592
f 1657/759/1594 1725/760/1662 1659/399/1596 1658/715/1595
f 1660/396/1597 1662/394/1599 1661/714/1598
f 1663/713/1600 1665/403/1602 1664/407/1601
f 1666/761/1603 1728/762/1665 1668/409/1605 1667/237/1604
f 1669/406/1606 1671/404/1608 1670/236/1607
f 1672/238/1609 1673/233/1610 1542/741/1479 1666/761/1603
f 1674/256/1611 1676/745/1613 1554/744/1491 1675/708/1612
f 1677/696/1614 1679/272/1616 1682/763/1619 1678/748/1615
f 1680/280/1617 1685/764/1622 1682/763/1619 1681/273/1618
f 1683/288/1620 1590/750/1527 1685/764/1622 1684/281/1621
f 1686/736/1623 1688/298/1625 1691/765/1628 1687/749/1624
f 1689/305/1626 1692/752/1629 1691/765/1628 1690/299/1627
f 1693/724/1630 1695/316/1632 1698/766/1635 1694/751/1631
f 1696/323/1633 1699/767/1636 1698/766/1635 1697/317/1634
f 1700/330/1637 1704/768/1641 1699/767/1636 1701/324/1638
f 1702/337/1639 1705/769/1642 1704/768/1641 1703/331/1640
f 1706/345/1643 1710/770/1647 1705/769/1642 1707/338/1644
f 1708/352/1645 1713/771/1650 1710/770/1647 1709/346/1646
f 1711/359/1648 1714/772/1651 1713/771/1650 1712/353/1649
f 1715/366/1652 1632/754/1569 1714/772/1651 1716/360/1653
f 1717/377/1654 1719/756/1656 1629/753/1566 1718/740/1655
f 1720/388/1657 1722/758/1659 1639/755/1576 1721/732/1658
f 1723/398/1660 1725/760/1662 1648/757/1585 1724/728/1661
f 1726/408/1663 1728/762/1665 1657/759/1594 1727/716/1664
f 1791/773/1728 1730/774/1667 1729/479/1666
f 1736/775/1673 1731/6/1668 1730/774/1667
f 1732/776/1669 1734/777/1671 1733/419/1670
f 1734/777/1671 1738/778/1675 1735/416/1672
f 1740/779/1677 1737/5/1674 1736/775/1673
f 1743/780/1680 1739/415/1676 1738/778/1675
f 1740/779/1677 1742/781/1679 1741/423/1678
f 1743/780/1680 1747/782/1684 1744/424/1681
f 1745/783/1682 1746/426/1683 1742/781/1679
f 1750/784/1687 1748/427/1685 1747/782/1684
f 1752/785/1689 1749/434/1686 1745/786/1682
f 1750/784/1687 1759/787/1696 1751/431/1688
f 1752/785/1689 1754/788/1691 1753/433/1690
f 1755/789/1692 1757/790/1694 1756/445/1693
f 1757/790/1694 1763/791/1700 1758/440/1695
f 1766/792/1703 1760/437/1697 1759/787/1696
f 1761/793/1698 1762/443/1699 1754/788/1691
f 1763/791/1700 1765/794/1702 1764/439/1701
f 1766/795/1703 1768/796/1705 1767/456/1704
f 1769/797/1706 1770/451/1707 1761/793/1698
f 1765/794/1702 1774/798/1711 1771/453/1708
f 1776/799/1713 1772/455/1709 1768/796/1705
f 1779/800/1716 1773/459/1710 1769/797/1706
f 1781/801/1718 1775/461/1712 1774/798/1711
f 1776/799/1713 1755/789/1692 1777/446/1714
f 1778/802/1715 1780/463/1717 1779/800/1716
f 1781/801/1718 1783/803/1720 1782/465/1719
f 1784/804/1721 1785/467/1722 1778/802/1715
f 1783/805/1720 1789/806/1726 1786/469/1723
f 1787/807/1724 1788/473/1725 1784/804/1721
f 1789/806/1726 1791/773/1728 1790/475/1727
f 1732/776/1669 1792/420/1729 1787/808/1724
f 1537/232/1474 1538/410/1475 1546/242/1483 1544/231/1481
f 1539/235/1476 1537/232/1474 1673/233/1610 1672/238/1609
f 1545/718/1482 1546/242/1483 1551/243/1488 1549/717/1486
f 1550/710/1487 1551/243/1488 1558/247/1495 1556/709/1493
f 1557/706/1494 1558/247/1495 1561/251/1498 1559/705/1496
f 1674/256/1611 1675/708/1612 1559/705/1496 1560/255/1497
f 1560/255/1497 1561/251/1498 1566/252/1503 1564/254/1501
f 1565/702/1502 1566/252/1503 1573/260/1510 1571/701/1508
f 1572/698/1509 1573/260/1510 1578/263/1515 1576/697/1513
f 1577/694/1514 1578/263/1515 1581/267/1518 1579/693/1516
f 1679/272/1616 1677/696/1614 1579/693/1516 1580/271/1517
f 1580/271/1517 1581/267/1518 1584/268/1521 1582/270/1519
f 1680/280/1617 1681/273/1618 1582/270/1519 1583/279/1520
f 1682/763/1619 1679/272/1616 1681/273/1618
f 1583/279/1520 1584/268/1521 1587/275/1524 1585/278/1522
f 1683/288/1620 1684/281/1621 1585/278/1522 1586/287/1523
f 1685/764/1622 1680/280/1617 1684/281/1621
f 1586/287/1523 1587/275/1524 1593/283/1530 1591/286/1528
f 1592/734/1529 1593/283/1530 1596/293/1533 1594/733/1531
f 1688/298/1625 1686/736/1623 1594/733/1531 1595/297/1532
f 1595/297/1532 1596/293/1533 1599/294/1536 1597/296/1534
f 1689/305/1626 1690/299/1627 1597/296/1534 1598/304/1535
f 1691/765/1628 1688/298/1625 1690/299/1627
f 1598/304/1535 1599/294/1536 1604/301/1541 1602/303/1539
f 1603/722/1540 1604/301/1541 1607/311/1544 1605/721/1542
f 1695/316/1632 1693/724/1630 1605/721/1542 1606/315/1543
f 1606/315/1543 1607/311/1544 1610/312/1547 1608/314/1545
f 1696/323/1633 1697/317/1634 1608/314/1545 1609/322/1546
f 1698/766/1635 1695/316/1632 1697/317/1634
f 1609/322/1546 1610/312/1547 1613/319/1550 1611/321/1548
f 1700/330/1637 1701/324/1638 1611/321/1548 1612/329/1549
f 1699/767/1636 1696/323/1633 1701/324/1638
f 1612/329/1549 1613/319/1550 1616/326/1553 1614/328/1551
f 1702/337/1639 1703/331/1640 1614/328/1551 1615/336/1552
f 1704/768/1641 1700/330/1637 1703/331/1640
f 1615/336/1552 1616/326/1553 1619/333/1556 1617/335/1554
f 1706/345/1643 1707/338/1644 1617/335/1554 1618/344/1555
f 1705/769/1642 1702/337/1639 1707/338/1644
f 1618/344/1555 1619/333/1556 1622/340/1559 1620/343/1557
f 1708/352/1645 1709/346/1646 1620/343/1557 1621/351/1558
f 1710/770/1647 1706/345/1643 1709/346/1646
f 1621/351/1558 1622/340/1559 1625/348/1562 1623/350/1560
f 1711/359/1648 1712/353/1649 1623/350/1560 1624/358/1561
f 1713/771/1650 1708/352/1645 1712/353/1649
f 1624/358/1561 1625/348/1562 1628/355/1565 1626/357/1563
f 1715/366/1652 1716/360/1653 1626/357/1563 1627/365/1564
f 1714/772/1651 1711/359/1648 1716/360/1653
f 1627/365/1564 1628/355/1565 1635/362/1572 1633/364/1570
f 1634/738/1571 1635/362/1572 1638/371/1575 1636/737/1573
f 1717/377/1654 1718/740/1655 1636/737/1573 1637/376/1574
f 1637/376/1574 1638/371/1575 1644/372/1581 1642/375/1579
f 1643/730/1580 1644/372/1581 1647/383/1584 1645/729/1582
f 1720/388/1657 1721/732/1658 1645/729/1582 1646/387/1583
f 1646/387/1583 1647/383/1584 1653/384/1590 1651/386/1588
f 1652/726/1589 1653/384/1590 1656/393/1593 1654/725/1591
f 1723/398/1660 1724/728/1661 1654/725/1591 1655/397/1592
f 1655/397/1592 1656/393/1593 1662/394/1599 1660/396/1597
f 1661/714/1598 1662/394/1599 1665/403/1602 1663/713/1600
f 1726/408/1663 1727/716/1664 1663/713/1600 1664/407/1601
f 1664/407/1601 1665/403/1602 1671/404/1608 1669/406/1606
f 1670/236/1607 1671/404/1608 1538/410/1475 1539/235/1476
f 1543/742/1480 1540/719/1477 1547/720/1484
f 1553/743/1490 1548/711/1485 1552/712/1489
f 1568/746/1505 1562/703/1499 1567/704/1504
f 1569/747/1506 1570/699/1507 1574/700/1511
f 1738/809/1675 1734/810/1671 1632/754/1569 1629/753/1566
f 1742/811/1679 1740/812/1677 1590/750/1527 1687/749/1624
f 1747/813/1684 1743/814/1680 1719/756/1656 1639/755/1576
f 1759/815/1696 1750/816/1687 1722/758/1659 1648/757/1585
f 1754/817/1691 1752/818/1689 1692/752/1629 1694/751/1631
f 1763/819/1700 1757/820/1694 1542/741/1479 1543/742/1480
f 1765/821/1702 1763/819/1700 1543/742/1480 1553/743/1490
f 1768/822/1705 1766/823/1703 1725/760/1662 1657/759/1594
f 1774/824/1711 1765/821/1702 1553/743/1490 1554/744/1491
f 1755/825/1692 1776/826/1713 1728/762/1665 1666/761/1603
f 1783/827/1720 1781/828/1718 1676/745/1613 1568/746/1505
f 1789/829/1726 1783/827/1720 1568/746/1505 1569/747/1506
f 1791/830/1728 1789/829/1726 1569/747/1506 1678/748/1615
f 1792/420/1729 1732/776/1669 1733/419/1670
f 1790/475/1727 1791/773/1728 1729/479/1666
f 1788/473/1725 1787/807/1724 1792/831/1729
f 1786/469/1723 1789/806/1726 1790/475/1727
f 1785/467/1722 1784/804/1721 1788/473/1725
f 1782/470/1719 1783/805/1720 1786/469/1723
f 1780/463/1717 1778/802/1715 1785/467/1722
f 1777/446/1714 1755/789/1692 1756/445/1693
f 1775/461/1712 1781/801/1718 1782/465/1719
f 1773/459/1710 1779/800/1716 1780/463/1717
f 1772/455/1709 1776/799/1713 1777/446/1714
f 1771/453/1708 1774/798/1711 1775/461/1712
f 1770/451/1707 1769/797/1706 1773/459/1710
f 1767/456/1704 1768/796/1705 1772/455/1709
f 1764/439/1701 1765/794/1702 1771/453/1708
f 1762/443/1699 1761/793/1698 1770/451/1707
f 1760/437/1697 1766/792/1703 1767/449/1704
f 1758/440/1695 1763/791/1700 1764/439/1701
f 1753/433/1690 1754/788/1691 1762/443/1699
f 1751/431/1688 1759/787/1696 1760/437/1697
f 1756/445/1693 1757/790/1694 1758/440/1695
f 1749/434/1686 1752/785/1689 1753/433/1690
f 1748/427/1685 1750/784/1687 1751/431/1688
f 1746/426/1683 1745/783/1682 1749/429/1686
f 1744/424/1681 1747/782/1684 1748/427/1685
f 1741/423/1678 1742/781/1679 1746/426/1683
f 1739/415/1676 1743/780/1680 1744/424/1681
f 1737/5/1674 1740/779/1677 1741/423/1678
f 1735/416/1672 1738/778/1675 1739/415/1676
f 1731/6/1668 1736/775/1673 1737/5/1674
f 1733/419/1670 1734/777/1671 1735/416/1672
f 1729/479/1666 1730/774/1667 1731/6/1668
f 1540/719/1477 1541/234/1478 1544/231/1481 1545/718/1482
f 1542/741/1479 1673/233/1610 1541/234/1478
f 1548/711/1485 1547/720/1484 1549/717/1486 1550/710/1487
f 1555/707/1492 1552/712/1489 1556/709/1493 1557/706/1494
f 1554/744/1491 1555/707/1492 1675/708/1612
f 1562/703/1499 1563/257/1500 1564/254/1501 1565/702/1502
f 1676/745/1613 1674/256/1611 1563/257/1500
f 1570/699/1507 1567/704/1504 1571/701/1508 1572/698/1509
f 1575/695/1512 1574/700/1511 1576/697/1513 1577/694/1514
f 1678/748/1615 1575/695/1512 1677/696/1614
f 1588/735/1525 1589/289/1526 1591/286/1528 1592/734/1529
f 1590/750/1527 1683/288/1620 1589/289/1526
f 1687/749/1624 1588/735/1525 1686/736/1623
f 1600/723/1537 1601/306/1538 1602/303/1539 1603/722/1540
f 1692/752/1629 1689/305/1626 1601/306/1538
f 1694/751/1631 1600/723/1537 1693/724/1630
f 1630/739/1567 1631/367/1568 1633/364/1570 1634/738/1571
f 1632/754/1569 1715/366/1652 1631/367/1568
f 1629/753/1566 1630/739/1567 1718/740/1655
f 1640/731/1577 1641/378/1578 1642/375/1579 1643/730/1580
f 1719/756/1656 1717/377/1654 1641/378/1578
f 1639/755/1576 1640/731/1577 1721/732/1658
f 1649/727/1586 1650/389/1587 1651/386/1588 1652/726/1589
f 1722/758/1659 1720/388/1657 1650/389/1587
f 1648/757/1585 1649/727/1586 1724/728/1661
f 1658/715/1595 1659/399/1596 1660/396/1597 1661/714/1598
f 1725/760/1662 1723/398/1660 1659/399/1596
f 1657/759/1594 1658/715/1595 1727/716/1664
f 1667/237/1604 1668/409/1605 1669/406/1606 1670/236/1607
f 1728/762/1665 1726/408/1663 1668/409/1605
f 1666/761/1603 1667/237/1604 1672/238/1609
f 1736/832/1673 1730/833/1667 1682/763/1619 1685/764/1622
f 1740/812/1677 1736/832/1673 1685/764/1622 1590/750/1527
f 1743/814/1680 1738/809/1675 1629/753/1566 1719/756/1656
f 1745/834/1682 1742/811/1679 1687/749/1624 1691/765/1628
f 1750/816/1687 1747/813/1684 1639/755/1576 1722/758/1659
f 1752/818/1689 1745/834/1682 1691/765/1628 1692/752/1629
f 1766/823/1703 1759/815/1696 1648/757/1585 1725/760/1662
f 1761/835/1698 1754/817/1691 1694/751/1631 1698/766/1635
f 1769/836/1706 1761/835/1698 1698/766/1635 1699/767/1636
f 1776/826/1713 1768/822/1705 1657/759/1594 1728/762/1665
f 1779/837/1716 1769/836/1706 1699/767/1636 1704/768/1641
f 1781/828/1718 1774/824/1711 1554/744/1491 1676/745/1613
f 1778/838/1715 1779/837/1716 1704/768/1641 1705/769/1642
f 1784/839/1721 1778/838/1715 1705/769/1642 1710/770/1647
f 1787/840/1724 1784/839/1721 1710/770/1647 1713/771/1650
f 1732/841/1669 1787/840/1724 1713/771/1650 1714/772/1651
f 1678/748/1615 1682/763/1619 1730/833/1667 1791/830/1728
f 1714/772/1651 1632/754/1569 1734/810/1671 1732/841/1669
f 1666/761/1603 1542/741/1479 1757/820/1694 1755/825/1692
f 1345/229/1282 1538/410/1475 1671/404/1608 1376/402/1313
f 1804/578/1741 1836/578/1773 1835/578/1772 1803/578/1740
f 1485/578/1422 1805/578/1742 1804/578/1741 1484/578/1421
f 1499/578/1436 1819/578/1756 1818/578/1755 1498/578/1435
f 1486/578/1423 1806/578/1743 1805/578/1742 1485/578/1422
f 1500/578/1437 1820/578/1757 1819/578/1756 1499/578/1436
f 1487/578/1424 1807/578/1744 1806/578/1743 1486/578/1423
f 1474/578/1411 1794/578/1731 1793/578/1730 1473/578/1410
f 1501/578/1438 1821/578/1758 1820/578/1757 1500/578/1437
f 1488/578/1425 1808/578/1745 1807/578/1744 1487/578/1424
f 1475/578/1412 1795/578/1732 1794/578/1731 1474/578/1411
f 1502/578/1439 1822/578/1759 1821/578/1758 1501/578/1438
f 1489/578/1426 1809/578/1746 1808/578/1745 1488/578/1425
f 1476/578/1413 1796/578/1733 1795/578/1732 1475/578/1412
f 1503/578/1440 1823/578/1760 1822/578/1759 1502/578/1439
f 1490/578/1427 1810/578/1747 1809/578/1746 1489/578/1426
f 1477/578/1414 1797/578/1734 1796/578/1733 1476/578/1413
f 1504/578/1441 1824/578/1761 1823/578/1760 1503/578/1440
f 1491/578/1428 1811/578/1748 1810/578/1747 1490/578/1427
f 1478/578/1415 1798/578/1735 1797/578/1734 1477/578/1414
f 1473/578/1410 1793/578/1730 1824/578/1761 1504/578/1441
f 1492/578/1429 1812/578/1749 1811/578/1748 1491/578/1428
f 1479/578/1416 1799/578/1736 1798/578/1735 1478/578/1415
f 1493/578/1430 1813/578/1750 1812/578/1749 1492/578/1429
f 1480/578/1417 1800/578/1737 1799/578/1736 1479/578/1416
f 1494/578/1431 1814/578/1751 1813/578/1750 1493/578/1430
f 1481/578/1418 1801/578/1738 1800/578/1737 1480/578/1417
f 1495/578/1432 1815/578/1752 1814/578/1751 1494/578/1431
f 1482/578/1419 1802/578/1739 1801/578/1738 1481/578/1418
f 1496/578/1433 1816/578/1753 1815/578/1752 1495/578/1432
f 1483/578/1420 1803/578/1740 1802/578/1739 1482/578/1419
f 1497/578/1434 1817/578/1754 1816/578/1753 1496/578/1433
f 1484/578/1421 1804/578/1741 1803/578/1740 1483/578/1420
f 1839/842/1776 1871/845/1808 1870/844/1807 1838/843/1775
f 1818/578/1755 1850/578/1787 1849/578/1786 1817/578/1754
f 1805/578/1742 1837/578/1774 1836/578/1773 1804/578/1741
f 1819/578/1756 1851/578/1788 1850/578/1787 1818/578/1755
f 1806/578/1743 1838/578/1775 1837/578/1774 1805/578/1742
f 1820/578/1757 1852/578/1789 1851/578/1788 1819/578/1756
f 1807/578/1744 1839/578/1776 1838/578/1775 1806/578/1743
f 1794/578/1731 1826/578/1763 1825/578/1762 1793/578/1730
f 1821/578/1758 1853/578/1790 1852/578/1789 1820/578/1757
f 1808/578/1745 1840/578/1777 1839/578/1776 1807/578/1744
f 1795/578/1732 1827/578/1764 1826/578/1763 1794/578/1731
f 1822/578/1759 1854/578/1791 1853/578/1790 1821/578/1758
f 1809/578/1746 1841/578/1778 1840/578/1777 1808/578/1745
f 1796/578/1733 1828/578/1765 1827/578/1764 1795/578/1732
f 1823/578/1760 1855/578/1792 1854/578/1791 1822/578/1759
f 1810/578/1747 1842/578/1779 1841/578/1778 1809/578/1746
f 1797/578/1734 1829/578/1766 1828/578/1765 1796/578/1733
f 1824/578/1761 1856/578/1793 1855/578/1792 1823/578/1760
f 1811/578/1748 1843/578/1780 1842/578/1779 1810/578/1747
f 1798/578/1735 1830/578/1767 1829/578/1766 1797/578/1734
f 1793/578/1730 1825/578/1762 1856/578/1793 1824/578/1761
f 1812/578/1749 1844/578/1781 1843/578/1780 1811/578/1748
f 1799/578/1736 1831/578/1768 1830/578/1767 1798/578/1735
f 1813/578/1750 1845/578/1782 1844/578/1781 1812/578/1749
f 1800/578/1737 1832/578/1769 1831/578/1768 1799/578/1736
f 1814/578/1751 1846/578/1783 1845/578/1782 1813/578/1750
f 1801/578/1738 1833/578/1770 1832/578/1769 1800/578/1737
f 1815/578/1752 1847/578/1784 1846/578/1783 1814/578/1751
f 1802/578/1739 1834/578/1771 1833/578/1770 1801/578/1738
f 1816/578/1753 1848/578/1785 1847/578/1784 1815/578/1752
f 1803/578/1740 1835/578/1772 1834/578/1771 1802/578/1739
f 1817/578/1754 1849/578/1786 1848/578/1785 1816/578/1753
f 1874/846/1811 1906/849/1843 1905/848/1842 1873/847/1810
f 1826/850/1763 1858/853/1795 1857/852/1794 1825/851/1762
f 1853/854/1790 1885/857/1822 1884/856/1821 1852/855/1789
f 1840/858/1777 1872/859/1809 1871/845/1808 1839/842/1776
f 1827/860/1764 1859/861/1796 1858/853/1795 1826/850/1763
f 1854/862/1791 1886/863/1823 1885/857/1822 1853/854/1790
f 1841/864/1778 1873/847/1810 1872/859/1809 1840/858/1777
f 1828/865/1765 1860/866/1797 1859/861/1796 1827/860/1764
f 1855/867/1792 1887/870/1824 1886/869/1823 1854/868/1791
f 1842/871/1779 1874/846/1811 1873/847/1810 1841/864/1778
f 1829/872/1766 1861/873/1798 1860/866/1797 1828/865/1765
f 1856/874/1793 1888/875/1825 1887/870/1824 1855/867/1792
f 1843/876/1780 1875/877/1812 1874/846/1811 1842/871/1779
f 1830/878/1767 1862/881/1799 1861/880/1798 1829/879/1766
f 1825/851/1762 1857/852/1794 1888/875/1825 1856/874/1793
f 1844/882/1781 1876/883/1813 1875/877/1812 1843/876/1780
f 1831/884/1768 1863/885/1800 1862/881/1799 1830/878/1767
f 1845/886/1782 1877/887/1814 1876/883/1813 1844/882/1781
f 1832/888/1769 1864/889/1801 1863/885/1800 1831/884/1768
f 1846/890/1783 1878/891/1815 1877/887/1814 1845/886/1782
f 1833/892/1770 1865/893/1802 1864/889/1801 1832/888/1769
f 1847/894/1784 1879/897/1816 1878/896/1815 1846/895/1783
f 1834/898/1771 1866/899/1803 1865/893/1802 1833/892/1770
f 1848/900/1785 1880/901/1817 1879/897/1816 1847/894/1784
f 1835/902/1772 1867/903/1804 1866/899/1803 1834/898/1771
f 1849/904/1786 1881/905/1818 1880/901/1817 1848/900/1785
f 1836/906/1773 1868/907/1805 1867/903/1804 1835/902/1772
f 1850/908/1787 1882/909/1819 1881/905/1818 1849/904/1786
f 1837/910/1774 1869/911/1806 1868/907/1805 1836/906/1773
f 1851/912/1788 1883/913/1820 1882/909/1819 1850/908/1787
f 1838/914/1775 1870/915/1807 1869/911/1806 1837/910/1774
f 1852/855/1789 1884/856/1821 1883/913/1820 1851/912/1788
f 1902/916/1839 2094/919/2031 2093/918/2030 1901/917/1838
f 1861/873/1798 1893/921/1830 1892/920/1829 1860/866/1797
f 1888/875/1825 1920/923/1857 1919/922/1856 1887/870/1824
f 1875/877/1812 1907/924/1844 1906/849/1843 1874/846/1811
f 1862/881/1799 1894/926/1831 1893/925/1830 1861/880/1798
f 1857/852/1794 1889/927/1826 1920/923/1857 1888/875/1825
f 1876/883/1813 1908/928/1845 1907/924/1844 1875/877/1812
f 1863/885/1800 1895/929/1832 1894/926/1831 1862/881/1799
f 1877/887/1814 1909/930/1846 1908/928/1845 1876/883/1813
f 1864/889/1801 1896/931/1833 1895/929/1832 1863/885/1800
f 1878/891/1815 1910/932/1847 1909/930/1846 1877/887/1814
f 1865/893/1802 1897/933/1834 1896/931/1833 1864/889/1801
f 1879/897/1816 1911/935/1848 1910/934/1847 1878/896/1815
f 1866/899/1803 1898/936/1835 1897/933/1834 1865/893/1802
f 1880/901/1817 1912/937/1849 1911/935/1848 1879/897/1816
f 1867/903/1804 1899/938/1836 1898/936/1835 1866/899/1803
f 1881/905/1818 1913/939/1850 1912/937/1849 1880/901/1817
f 1868/907/1805 1900/940/1837 1899/938/1836 1867/903/1804
f 1882/909/1819 1914/941/1851 1913/939/1850 1881/905/1818
f 1869/911/1806 1901/917/1838 1900/940/1837 1868/907/1805
f 1883/913/1820 1915/942/1852 1914/941/1851 1882/909/1819
f 1870/915/1807 1902/916/1839 1901/917/1838 1869/911/1806
f 1884/856/1821 1916/943/1853 1915/942/1852 1883/913/1820
f 1871/845/1808 1903/945/1840 1902/944/1839 1870/844/1807
f 1858/853/1795 1890/946/1827 1889/927/1826 1857/852/1794
f 1885/857/1822 1917/947/1854 1916/943/1853 1884/856/1821
f 1872/859/1809 1904/948/1841 1903/945/1840 1871/845/1808
f 1859/861/1796 1891/949/1828 1890/946/1827 1858/853/1795
f 1886/863/1823 1918/950/1855 1917/947/1854 1885/857/1822
f 1873/847/1810 1905/848/1842 1904/948/1841 1872/859/1809
f 1860/866/1797 1892/920/1829 1891/949/1828 1859/861/1796
f 1887/870/1824 1919/922/1856 1918/951/1855 1886/869/1823
f 1201/952/1138 1953/955/1890 1955/954/1892 1202/953/1139
f 1185/956/1122 1921/959/1858 1923/958/1860 1186/957/1123
f 1188/960/1125 1927/963/1864 1929/962/1866 1189/961/1126
f 1215/964/1152 1980/967/1917 1982/966/1919 1216/965/1153
f 1202/953/1139 1955/954/1892 1956/969/1893 1203/968/1140
f 1189/961/1126 1929/962/1866 1931/971/1868 1190/970/1127
f 1203/968/1140 1956/969/1893 1958/973/1895 1204/972/1141
f 1190/974/1127 1931/977/1868 1933/976/1870 1191/975/1128
f 1204/972/1141 1958/973/1895 1960/979/1897 1205/978/1142
f 1191/975/1128 1933/976/1870 1935/981/1872 1192/980/1129
f 1205/982/1142 1960/985/1897 1962/984/1899 1206/983/1143
f 1192/980/1129 1935/981/1872 1937/987/1874 1193/986/1130
f 1206/983/1143 1962/984/1899 1964/989/1901 1207/988/1144
f 1193/986/1130 1937/987/1874 1939/991/1876 1194/990/1131
f 1207/988/1144 1964/989/1901 1966/993/1903 1208/992/1145
f 1194/990/1131 1939/991/1876 1941/995/1878 1195/994/1132
f 1208/992/1145 1966/993/1903 1968/997/1905 1209/996/1146
f 1195/994/1132 1941/995/1878 1943/999/1880 1196/998/1133
f 1209/996/1146 1968/997/1905 1970/1001/1907 1210/1000/1147
f 1196/998/1133 1943/999/1880 1945/1003/1882 1197/1002/1134
f 1210/1000/1147 1970/1001/1907 1972/1005/1909 1211/1004/1148
f 1197/1002/1134 1945/1003/1882 1947/1007/1884 1198/1006/1135
f 1211/1004/1148 1972/1005/1909 1974/1009/1911 1212/1008/1149
f 1198/1010/1135 1947/1013/1884 1949/1012/1886 1199/1011/1136
f 1216/965/1153 1982/966/1919 1921/959/1858 1185/956/1122
f 1212/1008/1149 1974/1009/1911 1976/1015/1913 1213/1014/1150
f 1199/1011/1136 1949/1012/1886 1951/1017/1888 1200/1016/1137
f 1186/957/1123 1923/958/1860 1925/1019/1862 1187/1018/1124
f 1213/1014/1150 1976/1015/1913 1978/1021/1915 1214/1020/1151
f 1200/1016/1137 1951/1017/1888 1953/955/1890 1201/952/1138
f 1187/1018/1124 1925/1019/1862 1927/963/1864 1188/960/1125
f 1214/1022/1151 1978/1023/1915 1980/967/1917 1215/964/1152
f 2018/1024/1955 2080/1055/2017 2078/1054/2015 2076/1053/2013 2074/1052/2011 2072/1051/2009 2070/1050/2007 2068/1049/2005 2066/1048/2003 2064/1047/2001 2062/1046/1999 2061/1045/1998 2058/1044/1995 2056/1043/1993 2055/1042/1992 2052/1041/1989 2051/1040/1988 2049/1039/1986 2047/1038/1984 2045/1037/1982 2043/1036/1980 2041/1035/1978 2039/1034/1976 2036/1033/1973 2034/1032/1971 2033/1031/1970 2030/1030/1967 2029/1029/1966 2026/1028/1963 2024/1027/1961 2023/1026/1960 2021/1025/1958
f 1922/1056/1859 1921/959/1858 2015/1057/1952
f 1922/1056/1859 1924/1058/1861 1923/958/1860
f 1924/1058/1861 1926/1059/1863 1925/1019/1862
f 1926/1059/1863 1928/1060/1865 1927/963/1864
f 1928/1060/1865 1930/1061/1867 1929/962/1866
f 1930/1061/1867 1932/1062/1869 1931/971/1868
f 1932/1063/1869 1934/1064/1871 1933/976/1870
f 1934/1064/1871 1936/1065/1873 1935/981/1872
f 1936/1065/1873 1938/1066/1875 1937/987/1874
f 1938/1066/1875 1940/1067/1877 1939/991/1876
f 1940/1067/1877 1942/1068/1879 1941/995/1878
f 1942/1068/1879 1944/1069/1881 1943/999/1880
f 1944/1069/1881 1946/1070/1883 1945/1003/1882
f 1946/1070/1883 1948/1071/1885 1947/1007/1884
f 1948/1072/1885 1950/1073/1887 1949/1012/1886
f 1950/1073/1887 1952/1074/1889 1951/1017/1888
f 1952/1074/1889 1954/1075/1891 1953/955/1890
f 1954/1075/1891 2000/1076/1937 1955/954/1892
f 2000/1076/1937 1957/1077/1894 1956/969/1893
f 1957/1077/1894 1959/1078/1896 1958/973/1895
f 1959/1078/1896 1961/1079/1898 1960/979/1897
f 1961/1080/1898 1963/1081/1900 1962/984/1899
f 1963/1081/1900 1965/1082/1902 1964/989/1901
f 1965/1082/1902 1967/1083/1904 1966/993/1903
f 1967/1083/1904 1969/1084/1906 1968/997/1905
f 1969/1084/1906 1971/1085/1908 1970/1001/1907
f 1971/1085/1908 1973/1086/1910 1972/1005/1909
f 1973/1086/1910 1975/1087/1912 1974/1009/1911
f 1975/1087/1912 1977/1088/1914 1976/1015/1913
f 1977/1088/1914 1979/1089/1916 1978/1021/1915
f 1979/1090/1916 1981/1091/1918 1980/967/1917
f 1981/1091/1918 2015/1057/1952 1982/966/1919
f 1983/1092/1920 1922/1095/1859 2015/1094/1952 2016/1093/1953
f 1983/1092/1920 1984/1097/1921 1924/1096/1861 1922/1095/1859
f 1984/1097/1921 1985/1099/1922 1926/1098/1863 1924/1096/1861
f 1985/1099/1922 1986/1101/1923 1928/1100/1865 1926/1098/1863
f 1986/1101/1923 1987/1103/1924 1930/1102/1867 1928/1100/1865
f 1987/1103/1924 1988/1105/1925 1932/1104/1869 1930/1102/1867
f 1988/1105/1925 1989/1107/1926 1934/1106/1871 1932/1104/1869
f 1989/1107/1926 1990/1109/1927 1936/1108/1873 1934/1106/1871
f 1990/1109/1927 1991/1111/1928 1938/1110/1875 1936/1108/1873
f 1991/1111/1928 1992/1113/1929 1940/1112/1877 1938/1110/1875
f 1992/1113/1929 1993/1115/1930 1942/1114/1879 1940/1112/1877
f 1993/1115/1930 1994/1117/1931 1944/1116/1881 1942/1114/1879
f 1994/1117/1931 1995/1119/1932 1946/1118/1883 1944/1116/1881
f 1995/1119/1932 1996/1121/1933 1948/1120/1885 1946/1118/1883
f 1996/1121/1933 1997/1123/1934 1950/1122/1887 1948/1120/1885
f 1997/1123/1934 1998/1125/1935 1952/1124/1889 1950/1122/1887
f 1998/1125/1935 1999/1127/1936 1954/1126/1891 1952/1124/1889
f 1999/1127/1936 2001/1129/1938 2000/1128/1937 1954/1126/1891
f 2001/1129/1938 2002/1131/1939 1957/1130/1894 2000/1128/1937
f 2002/1131/1939 2003/1133/1940 1959/1132/1896 1957/1130/1894
f 2003/1133/1940 2004/1135/1941 1961/1134/1898 1959/1132/1896
f 2004/1135/1941 2005/1137/1942 1963/1136/1900 1961/1134/1898
f 2005/1137/1942 2006/1139/1943 1965/1138/1902 1963/1136/1900
f 2006/1139/1943 2007/1141/1944 1967/1140/1904 1965/1138/1902
f 2007/1141/1944 2008/1143/1945 1969/1142/1906 1967/1140/1904
f 2008/1143/1945 2009/1145/1946 1971/1144/1908 1969/1142/1906
f 2009/1145/1946 2010/1147/1947 1973/1146/1910 1971/1144/1908
f 2010/1147/1947 2011/1149/1948 1975/1148/1912 1973/1146/1910
f 2011/1149/1948 2012/1151/1949 1977/1150/1914 1975/1148/1912
f 2012/1151/1949 2013/1153/1950 1979/1152/1916 1977/1150/1914
f 2013/1153/1950 2014/1155/1951 1981/1154/1918 1979/1152/1916
f 2014/1155/1951 2016/1093/1953 2015/1094/1952 1981/1154/1918
f 2017/1156/1954 2019/1157/1956 2018/1024/1955
f 2017/1156/1954 2021/1025/1958 2020/1158/1957
f 2020/1158/1957 2023/1026/1960 2022/1159/1959
f 2022/1159/1959 2024/1027/1961 2025/1160/1962
f 2025/1160/1962 2026/1028/1963 2027/1161/1964
f 2027/1161/1964 2029/1029/1966 2028/1162/1965
f 2028/1162/1965 2030/1030/1967 2031/1163/1968
f 2031/1163/1968 2033/1031/1970 2032/1164/1969
f 2032/1164/1969 2034/1032/1971 2035/1165/1972
f 2035/1165/1972 2036/1033/1973 2037/1166/1974
f 2037/1166/1974 2039/1034/1976 2038/1167/1975
f 2038/1167/1975 2041/1035/1978 2040/1168/1977
f 2040/1168/1977 2043/1036/1980 2042/1169/1979
f 2042/1169/1979 2045/1037/1982 2044/1170/1981
f 2044/1170/1981 2047/1038/1984 2046/1171/1983
f 2046/1171/1983 2049/1039/1986 2048/1172/1985
f 2048/1172/1985 2051/1040/1988 2050/1173/1987
f 2050/1173/1987 2052/1041/1989 2053/1174/1990
f 2053/1174/1990 2055/1042/1992 2054/1175/1991
f 2054/1175/1991 2056/1043/1993 2057/1176/1994
f 2057/1176/1994 2058/1044/1995 2059/1177/1996
f 2059/1177/1996 2061/1045/1998 2060/1178/1997
f 2060/1178/1997 2062/1046/1999 2063/1179/2000
f 2063/1179/2000 2064/1047/2001 2065/1180/2002
f 2065/1180/2002 2066/1048/2003 2067/1181/2004
f 2067/1181/2004 2068/1049/2005 2069/1182/2006
f 2069/1182/2006 2070/1050/2007 2071/1183/2008
f 2071/1183/2008 2072/1051/2009 2073/1184/2010
f 2073/1184/2010 2074/1052/2011 2075/1185/2012
f 2075/1185/2012 2076/1053/2013 2077/1186/2014
f 2077/1186/2014 2078/1054/2015 2079/1187/2016
f 2079/1187/2016 2080/1055/2017 2019/1157/1956
f 1921/959/1858 1922/1056/1859 1923/958/1860
f 1923/958/1860 1924/1058/1861 1925/1019/1862
f 1925/1019/1862 1926/1059/1863 1927/963/1864
f 1927/963/1864 1928/1060/1865 1929/962/1866
f 1929/962/1866 1930/1061/1867 1931/971/1868
f 1931/977/1868 1932/1063/1869 1933/976/1870
f 1933/976/1870 1934/1064/1871 1935/981/1872
f 1935/981/1872 1936/1065/1873 1937/987/1874
f 1937/987/1874 1938/1066/1875 1939/991/1876
f 1939/991/1876 1940/1067/1877 1941/995/1878
f 1941/995/1878 1942/1068/1879 1943/999/1880
f 1943/999/1880 1944/1069/1881 1945/1003/1882
f 1945/1003/1882 1946/1070/1883 1947/1007/1884
f 1947/1013/1884 1948/1072/1885 1949/1012/1886
f 1949/1012/1886 1950/1073/1887 1951/1017/1888
f 1951/1017/1888 1952/1074/1889 1953/955/1890
f 1953/955/1890 1954/1075/1891 1955/954/1892
f 1955/954/1892 2000/1076/1937 1956/969/1893
f 1956/969/1893 1957/1077/1894 1958/973/1895
f 1958/973/1895 1959/1078/1896 1960/979/1897
f 1960/985/1897 1961/1080/1898 1962/984/1899
f 1962/984/1899 1963/1081/1900 1964/989/1901
f 1964/989/1901 1965/1082/1902 1966/993/1903
f 1966/993/1903 1967/1083/1904 1968/997/1905
f 1968/997/1905 1969/1084/1906 1970/1001/1907
f 1970/1001/1907 1971/1085/1908 1972/1005/1909
f 1972/1005/1909 1973/1086/1910 1974/1009/1911
f 1974/1009/1911 1975/1087/1912 1976/1015/1913
f 1976/1015/1913 1977/1088/1914 1978/1021/1915
f 1978/1023/1915 1979/1090/1916 1980/967/1917
f 1980/967/1917 1981/1091/1918 1982/966/1919
f 1982/966/1919 2015/1057/1952 1921/959/1858
f 2017/1156/1954 2018/1024/1955 2021/1025/1958
f 2020/1158/1957 2021/1025/1958 2023/1026/1960
f 2022/1159/1959 2023/1026/1960 2024/1027/1961
f 2025/1160/1962 2024/1027/1961 2026/1028/1963
f 2027/1161/1964 2026/1028/1963 2029/1029/1966
f 2028/1162/1965 2029/1029/1966 2030/1030/1967
f 2031/1163/1968 2030/1030/1967 2033/1031/1970
f 2032/1164/1969 2033/1031/1970 2034/1032/1971
f 2035/1165/1972 2034/1032/1971 2036/1033/1973
f 2037/1166/1974 2036/1033/1973 2039/1034/1976
f 2038/1167/1975 2039/1034/1976 2041/1035/1978
f 2040/1168/1977 2041/1035/1978 2043/1036/1980
f 2042/1169/1979 2043/1036/1980 2045/1037/1982
f 2044/1170/1981 2045/1037/1982 2047/1038/1984
f 2046/1171/1983 2047/1038/1984 2049/1039/1986
f 2048/1172/1985 2049/1039/1986 2051/1040/1988
f 2050/1173/1987 2051/1040/1988 2052/1041/1989
f 2053/1174/1990 2052/1041/1989 2055/1042/1992
f 2054/1175/1991 2055/1042/1992 2056/1043/1993
f 2057/1176/1994 2056/1043/1993 2058/1044/1995
f 2059/1177/1996 2058/1044/1995 2061/1045/1998
f 2060/1178/1997 2061/1045/1998 2062/1046/1999
f 2063/1179/2000 2062/1046/1999 2064/1047/2001
f 2065/1180/2002 2064/1047/2001 2066/1048/2003
f 2067/1181/2004 2066/1048/2003 2068/1049/2005
f 2069/1182/2006 2068/1049/2005 2070/1050/2007
f 2071/1183/2008 2070/1050/2007 2072/1051/2009
f 2073/1184/2010 2072/1051/2009 2074/1052/2011
f 2075/1185/2012 2074/1052/2011 2076/1053/2013
f 2077/1186/2014 2076/1053/2013 2078/1054/2015
f 2079/1187/2016 2078/1054/2015 2080/1055/2017
f 2019/1157/1956 2080/1055/2017 2018/1024/1955
f 2004/1135/1941 2003/1133/1940 2057/1176/1994 2059/1177/1996
f 2054/1175/1991 2057/1176/1994 2003/1133/1940 2002/1131/1939
f 1990/1109/1927 1989/1107/1926 2031/1163/1968 2032/1164/1969
f 2028/1162/1965 2031/1163/1968 1989/1107/1926 1988/1105/1925
f 2005/1137/1942 2004/1135/1941 2059/1177/1996 2060/1178/1997
f 1991/1111/1928 1990/1109/1927 2032/1164/1969 2035/1165/1972
f 2006/1139/1943 2005/1137/1942 2060/1178/1997 2063/1179/2000
f 1992/1113/1929 1991/1111/1928 2035/1165/1972 2037/1166/1974
f 2007/1141/1944 2006/1139/1943 2063/1179/2000 2065/1180/2002
f 1993/1115/1930 1992/1113/1929 2037/1166/1974 2038/1167/1975
f 2008/1143/1945 2007/1141/1944 2065/1180/2002 2067/1181/2004
f 1994/1117/1931 1993/1115/1930 2038/1167/1975 2040/1168/1977
f 2009/1145/1946 2008/1143/1945 2067/1181/2004 2069/1182/2006
f 1995/1119/1932 1994/1117/1931 2040/1168/1977 2042/1169/1979
f 2010/1147/1947 2009/1145/1946 2069/1182/2006 2071/1183/2008
f 1996/1121/1933 1995/1119/1932 2042/1169/1979 2044/1170/1981
f 2011/1149/1948 2010/1147/1947 2071/1183/2008 2073/1184/2010
f 1997/1123/1934 1996/1121/1933 2044/1170/1981 2046/1171/1983
f 1984/1097/1921 1983/1092/1920 2017/1156/1954 2020/1158/1957
f 2019/1157/1956 2017/1156/1954 1983/1092/1920 2016/1093/1953
f 2012/1151/1949 2011/1149/1948 2073/1184/2010 2075/1185/2012
f 1998/1125/1935 1997/1123/1934 2046/1171/1983 2048/1172/1985
f 1985/1099/1922 1984/1097/1921 2020/1158/1957 2022/1159/1959
f 2013/1153/1950 2012/1151/1949 2075/1185/2012 2077/1186/2014
f 1999/1127/1936 1998/1125/1935 2048/1172/1985 2050/1173/1987
f 1986/1101/1923 1985/1099/1922 2022/1159/1959 2025/1160/1962
f 2014/1155/1951 2013/1153/1950 2077/1186/2014 2079/1187/2016
f 2001/1129/1938 1999/1127/1936 2050/1173/1987 2053/1174/1990
f 1987/1103/1924 1986/1101/1923 2025/1160/1962 2027/1161/1964
f 2016/1093/1953 2014/1155/1951 2079/1187/2016 2019/1157/1956
f 2002/1131/1939 2001/1129/1938 2053/1174/1990 2054/1175/1991
f 1988/1105/1925 1987/1103/1924 2027/1161/1964 2028/1162/1965
f 2081/1188/2018 2113/1191/2050 2144/1190/2081 2112/1189/2049
f 1916/943/1853 2108/1193/2045 2107/1192/2044 1915/942/1852
f 1903/945/1840 2095/1195/2032 2094/1194/2031 1902/944/1839
f 1890/946/1827 2082/1197/2019 2081/1196/2018 1889/927/1826
f 1917/947/1854 2109/1198/2046 2108/1193/2045 1916/943/1853
f 1904/948/1841 2096/1199/2033 2095/1195/2032 1903/945/1840
f 1891/949/1828 2083/1200/2020 2082/1197/2019 1890/946/1827
f 1918/950/1855 2110/1201/2047 2109/1198/2046 1917/947/1854
f 1905/848/1842 2097/1202/2034 2096/1199/2033 1904/948/1841
f 1892/920/1829 2084/1203/2021 2083/1200/2020 1891/949/1828
f 1919/922/1856 2111/1205/2048 2110/1204/2047 1918/951/1855
f 1906/849/1843 2098/1206/2035 2097/1202/2034 1905/848/1842
f 1893/921/1830 2085/1207/2022 2084/1203/2021 1892/920/1829
f 1920/923/1857 2112/1208/2049 2111/1205/2048 1919/922/1856
f 1907/924/1844 2099/1209/2036 2098/1206/2035 1906/849/1843
f 1894/926/1831 2086/1211/2023 2085/1210/2022 1893/925/1830
f 1889/927/1826 2081/1196/2018 2112/1208/2049 1920/923/1857
f 1908/928/1845 2100/1212/2037 2099/1209/2036 1907/924/1844
f 1895/929/1832 2087/1213/2024 2086/1211/2023 1894/926/1831
f 1909/930/1846 2101/1214/2038 2100/1212/2037 1908/928/1845
f 1896/931/1833 2088/1215/2025 2087/1213/2024 1895/929/1832
f 1910/932/1847 2102/1216/2039 2101/1214/2038 1909/930/1846
f 1897/933/1834 2089/1217/2026 2088/1215/2025 1896/931/1833
f 1911/935/1848 2103/1219/2040 2102/1218/2039 1910/934/1847
f 1898/936/1835 2090/1220/2027 2089/1217/2026 1897/933/1834
f 1912/937/1849 2104/1221/2041 2103/1219/2040 1911/935/1848
f 1899/938/1836 2091/1222/2028 2090/1220/2027 1898/936/1835
f 1913/939/1850 2105/1223/2042 2104/1221/2041 1912/937/1849
f 1900/940/1837 2092/1224/2029 2091/1222/2028 1899/938/1836
f 1914/941/1851 2106/1225/2043 2105/1223/2042 1913/939/1850
f 1901/917/1838 2093/918/2030 2092/1224/2029 1900/940/1837
f 1915/942/1852 2107/1192/2044 2106/1225/2043 1914/941/1851
f 2135/1226/2072 2167/1229/2104 2166/1228/2103 2134/1227/2071
f 2100/1230/2037 2132/1233/2069 2131/1232/2068 2099/1231/2036
f 2087/1234/2024 2119/1237/2056 2118/1236/2055 2086/1235/2023
f 2101/1238/2038 2133/1239/2070 2132/1233/2069 2100/1230/2037
f 2088/1240/2025 2120/1241/2057 2119/1237/2056 2087/1234/2024
f 2102/1242/2039 2134/1227/2071 2133/1239/2070 2101/1238/2038
f 2089/1243/2026 2121/1244/2058 2120/1241/2057 2088/1240/2025
f 2103/1245/2040 2135/1226/2072 2134/1227/2071 2102/1242/2039
f 2090/1246/2027 2122/1247/2059 2121/1244/2058 2089/1243/2026
f 2104/1248/2041 2136/1249/2073 2135/1226/2072 2103/1245/2040
f 2091/1250/2028 2123/1251/2060 2122/1247/2059 2090/1246/2027
f 2105/1252/2042 2137/1253/2074 2136/1249/2073 2104/1248/2041
f 2092/1254/2029 2124/1255/2061 2123/1251/2060 2091/1250/2028
f 2106/1256/2043 2138/1257/2075 2137/1253/2074 2105/1252/2042
f 2093/1258/2030 2125/1259/2062 2124/1255/2061 2092/1254/2029
f 2107/1260/2044 2139/1261/2076 2138/1257/2075 2106/1256/2043
f 2094/1262/2031 2126/1263/2063 2125/1259/2062 2093/1258/2030
f 2108/1264/2045 2140/1265/2077 2139/1261/2076 2107/1260/2044
f 2095/1266/2032 2127/1267/2064 2126/1263/2063 2094/1262/2031
f 2082/1268/2019 2114/1269/2051 2113/1191/2050 2081/1188/2018
f 2109/1270/2046 2141/1271/2078 2140/1265/2077 2108/1264/2045
f 2096/1272/2033 2128/1273/2065 2127/1267/2064 2095/1266/2032
f 2083/1274/2020 2115/1275/2052 2114/1269/2051 2082/1268/2019
f 2110/1276/2047 2142/1277/2079 2141/1271/2078 2109/1270/2046
f 2097/1278/2034 2129/1279/2066 2128/1273/2065 2096/1272/2033
f 2084/1280/2021 2116/1281/2053 2115/1275/2052 2083/1274/2020
f 2111/1282/2048 2143/1283/2080 2142/1277/2079 2110/1276/2047
f 2098/1284/2035 2130/1285/2067 2129/1279/2066 2097/1278/2034
f 2085/1286/2022 2117/1287/2054 2116/1281/2053 2084/1280/2021
f 2112/1189/2049 2144/1190/2081 2143/1283/2080 2111/1282/2048
f 2099/1231/2036 2131/1232/2068 2130/1285/2067 2098/1284/2035
f 2086/1235/2023 2118/1236/2055 2117/1287/2054 2085/1286/2022
f 2170/1288/2107 2202/1291/2139 2201/1290/2138 2169/1289/2106
f 2122/1247/2059 2154/1293/2091 2153/1292/2090 2121/1244/2058
f 2136/1249/2073 2168/1294/2105 2167/1229/2104 2135/1226/2072
f 2123/1251/2060 2155/1295/2092 2154/1293/2091 2122/1247/2059
f 2137/1253/2074 2169/1289/2106 2168/1294/2105 2136/1249/2073
f 2124/1255/2061 2156/1296/2093 2155/1295/2092 2123/1251/2060
f 2138/1257/2075 2170/1288/2107 2169/1289/2106 2137/1253/2074
f 2125/1259/2062 2157/1297/2094 2156/1296/2093 2124/1255/2061
f 2139/1261/2076 2171/1298/2108 2170/1288/2107 2138/1257/2075
f 2126/1263/2063 2158/1299/2095 2157/1297/2094 2125/1259/2062
f 2140/1265/2077 2172/1300/2109 2171/1298/2108 2139/1261/2076
f 2127/1267/2064 2159/1301/2096 2158/1299/2095 2126/1263/2063
f 2114/1269/2051 2146/1303/2083 2145/1302/2082 2113/1191/2050
f 2141/1271/2078 2173/1304/2110 2172/1300/2109 2140/1265/2077
f 2128/1273/2065 2160/1305/2097 2159/1301/2096 2127/1267/2064
f 2115/1275/2052 2147/1306/2084 2146/1303/2083 2114/1269/2051
f 2142/1277/2079 2174/1307/2111 2173/1304/2110 2141/1271/2078
f 2129/1279/2066 2161/1308/2098 2160/1305/2097 2128/1273/2065
f 2116/1281/2053 2148/1309/2085 2147/1306/2084 2115/1275/2052
f 2143/1283/2080 2175/1310/2112 2174/1307/2111 2142/1277/2079
f 2130/1285/2067 2162/1311/2099 2161/1308/2098 2129/1279/2066
f 2117/1287/2054 2149/1312/2086 2148/1309/2085 2116/1281/2053
f 2144/1190/2081 2176/1313/2113 2175/1310/2112 2143/1283/2080
f 2131/1232/2068 2163/1314/2100 2162/1311/2099 2130/1285/2067
f 2118/1236/2055 2150/1315/2087 2149/1312/2086 2117/1287/2054
f 2113/1191/2050 2145/1302/2082 2176/1313/2113 2144/1190/2081
f 2132/1233/2069 2164/1316/2101 2163/1314/2100 2131/1232/2068
f 2119/1237/2056 2151/1317/2088 2150/1315/2087 2118/1236/2055
f 2133/1239/2070 2165/1318/2102 2164/1316/2101 2132/1233/2069
f 2120/1241/2057 2152/1319/2089 2151/1317/2088 2119/1237/2056
f 2134/1227/2071 2166/1228/2103 2165/1318/2102 2133/1239/2070
f 2121/1244/2058 2153/1292/2090 2152/1319/2089 2120/1241/2057
f 2178/1320/2115 2210/1323/2147 2209/1322/2146 2177/1321/2114
f 2157/1297/2094 2189/1325/2126 2188/1324/2125 2156/1296/2093
f 2171/1298/2108 2203/1326/2140 2202/1291/2139 2170/1288/2107
f 2158/1299/2095 2190/1327/2127 2189/1325/2126 2157/1297/2094
f 2172/1300/2109 2204/1328/2141 2203/1326/2140 2171/1298/2108
f 2159/1301/2096 2191/1329/2128 2190/1327/2127 2158/1299/2095
f 2146/1303/2083 2178/1320/2115 2177/1321/2114 2145/1302/2082
f 2173/1304/2110 2205/1330/2142 2204/1328/2141 2172/1300/2109
f 2160/1305/2097 2192/1331/2129 2191/1329/2128 2159/1301/2096
f 2147/1306/2084 2179/1332/2116 2178/1320/2115 2146/1303/2083
f 2174/1307/2111 2206/1333/2143 2205/1330/2142 2173/1304/2110
f 2161/1308/2098 2193/1334/2130 2192/1331/2129 2160/1305/2097
f 2148/1309/2085 2180/1335/2117 2179/1332/2116 2147/1306/2084
f 2175/1310/2112 2207/1336/2144 2206/1333/2143 2174/1307/2111
f 2162/1311/2099 2194/1337/2131 2193/1334/2130 2161/1308/2098
f 2149/1312/2086 2181/1338/2118 2180/1335/2117 2148/1309/2085
f 2176/1313/2113 2208/1339/2145 2207/1336/2144 2175/1310/2112
f 2163/1314/2100 2195/1340/2132 2194/1337/2131 2162/1311/2099
f 2150/1315/2087 2182/1341/2119 2181/1338/2118 2149/1312/2086
f 2145/1302/2082 2177/1321/2114 2208/1339/2145 2176/1313/2113
f 2164/1316/2101 2196/1342/2133 2195/1340/2132 2163/1314/2100
f 2151/1317/2088 2183/1343/2120 2182/1341/2119 2150/1315/2087
f 2165/1318/2102 2197/1344/2134 2196/1342/2133 2164/1316/2101
f 2152/1319/2089 2184/1345/2121 2183/1343/2120 2151/1317/2088
f 2166/1228/2103 2198/1346/2135 2197/1344/2134 2165/1318/2102
f 2153/1292/2090 2185/1347/2122 2184/1345/2121 2152/1319/2089
f 2167/1229/2104 2199/1348/2136 2198/1346/2135 2166/1228/2103
f 2154/1293/2091 2186/1349/2123 2185/1347/2122 2153/1292/2090
f 2168/1294/2105 2200/1350/2137 2199/1348/2136 2167/1229/2104
f 2155/1295/2092 2187/1351/2124 2186/1349/2123 2154/1293/2091
f 2169/1289/2106 2201/1290/2138 2200/1350/2137 2168/1294/2105
f 2156/1296/2093 2188/1324/2125 2187/1351/2124 2155/1295/2092
f 2213/1352/2150 2245/1355/2182 2244/1354/2181 2212/1353/2149
f 2205/1356/2142 2237/1359/2174 2236/1358/2173 2204/1357/2141
f 2192/1331/2129 2224/1361/2161 2223/1360/2160 2191/1329/2128
f 2179/1332/2116 2211/1362/2148 2210/1323/2147 2178/1320/2115
f 2206/1333/2143 2238/1364/2175 2237/1363/2174 2205/1330/2142
f 2193/1365/2130 2225/1368/2162 2224/1367/2161 2192/1366/2129
f 2180/1335/2117 2212/1369/2149 2211/1362/2148 2179/1332/2116
f 2207/1336/2144 2239/1370/2176 2238/1364/2175 2206/1333/2143
f 2194/1371/2131 2226/1372/2163 2225/1368/2162 2193/1365/2130
f 2181/1338/2118 2213/1373/2150 2212/1369/2149 2180/1335/2117
f 2208/1339/2145 2240/1374/2177 2239/1370/2176 2207/1336/2144
f 2195/1375/2132 2227/1376/2164 2226/1372/2163 2194/1371/2131
f 2182/1341/2119 2214/1377/2151 2213/1373/2150 2181/1338/2118
f 2177/1321/2114 2209/1322/2146 2240/1374/2177 2208/1339/2145
f 2196/1378/2133 2228/1379/2165 2227/1376/2164 2195/1375/2132
f 2183/1343/2120 2215/1380/2152 2214/1377/2151 2182/1341/2119
f 2197/1381/2134 2229/1382/2166 2228/1379/2165 2196/1378/2133
f 2184/1383/2121 2216/1386/2153 2215/1385/2152 2183/1384/2120
f 2198/1346/2135 2230/1388/2167 2229/1387/2166 2197/1344/2134
f 2185/1389/2122 2217/1390/2154 2216/1386/2153 2184/1383/2121
f 2199/1348/2136 2231/1391/2168 2230/1388/2167 2198/1346/2135
f 2186/1392/2123 2218/1393/2155 2217/1390/2154 2185/1389/2122
f 2200/1350/2137 2232/1394/2169 2231/1391/2168 2199/1348/2136
f 2187/1395/2124 2219/1396/2156 2218/1393/2155 2186/1392/2123
f 2201/1397/2138 2233/1400/2170 2232/1399/2169 2200/1398/2137
f 2188/1401/2125 2220/1402/2157 2219/1396/2156 2187/1395/2124
f 2202/1403/2139 2234/1404/2171 2233/1400/2170 2201/1397/2138
f 2189/1325/2126 2221/1406/2158 2220/1405/2157 2188/1324/2125
f 2203/1407/2140 2235/1408/2172 2234/1404/2171 2202/1403/2139
f 2190/1327/2127 2222/1409/2159 2221/1406/2158 2189/1325/2126
f 2204/1357/2141 2236/1358/2173 2235/1408/2172 2203/1407/2140
f 2191/1329/2128 2223/1360/2160 2222/1409/2159 2190/1327/2127
f 2248/1410/2185 2280/1413/2217 2279/1412/2216 2247/1411/2184
f 2240/1414/2177 2272/1417/2209 2271/1416/2208 2239/1415/2176
f 2227/1376/2164 2259/1419/2196 2258/1418/2195 2226/1372/2163
f 2214/1420/2151 2246/1423/2183 2245/1422/2182 2213/1421/2150
f 2209/1424/2146 2241/1425/2178 2272/1417/2209 2240/1414/2177
f 2228/1379/2165 2260/1426/2197 2259/1419/2196 2227/1376/2164
f 2215/1385/2152 2247/1411/2184 2246/1423/2183 2214/1420/2151
f 2229/1382/2166 2261/1427/2198 2260/1426/2197 2228/1379/2165
f 2216/1386/2153 2248/1410/2185 2247/1411/2184 2215/1385/2152
f 2230/1428/2167 2262/1429/2199 2261/1427/2198 2229/1382/2166
f 2217/1390/2154 2249/1430/2186 2248/1410/2185 2216/1386/2153
f 2231/1431/2168 2263/1434/2200 2262/1433/2199 2230/1432/2167
f 2218/1393/2155 2250/1435/2187 2249/1430/2186 2217/1390/2154
f 2232/1399/2169 2264/1436/2201 2263/1434/2200 2231/1431/2168
f 2219/1396/2156 2251/1437/2188 2250/1435/2187 2218/1393/2155
f 2233/1400/2170 2265/1438/2202 2264/1436/2201 2232/1399/2169
f 2220/1402/2157 2252/1439/2189 2251/1437/2188 2219/1396/2156
f 2234/1404/2171 2266/1440/2203 2265/1438/2202 2233/1400/2170
f 2221/1441/2158 2253/1442/2190 2252/1439/2189 2220/1402/2157
f 2235/1408/2172 2267/1443/2204 2266/1440/2203 2234/1404/2171
f 2222/1444/2159 2254/1445/2191 2253/1442/2190 2221/1441/2158
f 2236/1358/2173 2268/1446/2205 2267/1443/2204 2235/1408/2172
f 2223/1447/2160 2255/1450/2192 2254/1449/2191 2222/1448/2159
f 2210/1451/2147 2242/1452/2179 2241/1425/2178 2209/1424/2146
f 2237/1359/2174 2269/1453/2206 2268/1446/2205 2236/1358/2173
f 2224/1367/2161 2256/1454/2193 2255/1450/2192 2223/1447/2160
f 2211/1455/2148 2243/1456/2180 2242/1452/2179 2210/1451/2147
f 2238/1457/2175 2270/1458/2207 2269/1453/2206 2237/1359/2174
f 2225/1368/2162 2257/1459/2194 2256/1454/2193 2224/1367/2161
f 2212/1353/2149 2244/1354/2181 2243/1456/2180 2211/1455/2148
f 2239/1415/2176 2271/1416/2208 2270/1461/2207 2238/1460/2175
f 2226/1372/2163 2258/1418/2195 2257/1459/2194 2225/1368/2162
f 2283/1462/2220 2315/1465/2252 2314/1464/2251 2282/1463/2219
f 2262/1429/2199 2294/1467/2231 2293/1466/2230 2261/1427/2198
f 2249/1430/2186 2281/1468/2218 2280/1413/2217 2248/1410/2185
f 2263/1434/2200 2295/1470/2232 2294/1469/2231 2262/1433/2199
f 2250/1435/2187 2282/1463/2219 2281/1468/2218 2249/1430/2186
f 2264/1436/2201 2296/1471/2233 2295/1470/2232 2263/1434/2200
f 2251/1437/2188 2283/1462/2220 2282/1463/2219 2250/1435/2187
f 2265/1438/2202 2297/1472/2234 2296/1471/2233 2264/1436/2201
f 2252/1439/2189 2284/1473/2221 2283/1462/2220 2251/1437/2188
f 2266/1440/2203 2298/1474/2235 2297/1472/2234 2265/1438/2202
f 2253/1442/2190 2285/1475/2222 2284/1473/2221 2252/1439/2189
f 2267/1443/2204 2299/1476/2236 2298/1474/2235 2266/1440/2203
f 2254/1445/2191 2286/1477/2223 2285/1475/2222 2253/1442/2190
f 2268/1446/2205 2300/1478/2237 2299/1476/2236 2267/1443/2204
f 2255/1450/2192 2287/1480/2224 2286/1479/2223 2254/1449/2191
f 2242/1452/2179 2274/1482/2211 2273/1481/2210 2241/1425/2178
f 2269/1453/2206 2301/1483/2238 2300/1478/2237 2268/1446/2205
f 2256/1454/2193 2288/1484/2225 2287/1480/2224 2255/1450/2192
f 2243/1456/2180 2275/1485/2212 2274/1482/2211 2242/1452/2179
f 2270/1458/2207 2302/1486/2239 2301/1483/2238 2269/1453/2206
f 2257/1459/2194 2289/1487/2226 2288/1484/2225 2256/1454/2193
f 2244/1354/2181 2276/1488/2213 2275/1485/2212 2243/1456/2180
f 2271/1416/2208 2303/1490/2240 2302/1489/2239 2270/1461/2207
f 2258/1418/2195 2290/1491/2227 2289/1487/2226 2257/1459/2194
f 2245/1355/2182 2277/1492/2214 2276/1488/2213 2244/1354/2181
f 2272/1417/2209 2304/1493/2241 2303/1490/2240 2271/1416/2208
f 2259/1419/2196 2291/1494/2228 2290/1491/2227 2258/1418/2195
f 2246/1423/2183 2278/1496/2215 2277/1495/2214 2245/1422/2182
f 2241/1425/2178 2273/1481/2210 2304/1493/2241 2272/1417/2209
f 2260/1426/2197 2292/1497/2229 2291/1494/2228 2259/1419/2196
f 2247/1411/2184 2279/1412/2216 2278/1496/2215 2246/1423/2183
f 2261/1427/2198 2293/1466/2230 2292/1497/2229 2260/1426/2197
f 2318/1498/2255 2350/1501/2287 2349/1500/2286 2317/1499/2254
f 2297/1472/2234 2329/1503/2266 2328/1502/2265 2296/1471/2233
f 2284/1473/2221 2316/1504/2253 2315/1465/2252 2283/1462/2220
f 2298/1474/2235 2330/1505/2267 2329/1503/2266 2297/1472/2234
f 2285/1475/2222 2317/1506/2254 2316/1504/2253 2284/1473/2221
f 2299/1476/2236 2331/1507/2268 2330/1505/2267 2298/1474/2235
f 2286/1477/2223 2318/1508/2255 2317/1506/2254 2285/1475/2222
f 2300/1478/2237 2332/1509/2269 2331/1507/2268 2299/1476/2236
f 2287/1480/2224 2319/1511/2256 2318/1510/2255 2286/1479/2223
f 2274/1482/2211 2306/1513/2243 2305/1512/2242 2273/1481/2210
f 2301/1483/2238 2333/1514/2270 2332/1509/2269 2300/1478/2237
f 2288/1484/2225 2320/1515/2257 2319/1511/2256 2287/1480/2224
f 2275/1485/2212 2307/1516/2244 2306/1513/2243 2274/1482/2211
f 2302/1486/2239 2334/1517/2271 2333/1514/2270 2301/1483/2238
f 2289/1487/2226 2321/1518/2258 2320/1515/2257 2288/1484/2225
f 2276/1488/2213 2308/1519/2245 2307/1516/2244 2275/1485/2212
f 2303/1490/2240 2335/1521/2272 2334/1520/2271 2302/1489/2239
f 2290/1491/2227 2322/1522/2259 2321/1518/2258 2289/1487/2226
f 2277/1492/2214 2309/1523/2246 2308/1519/2245 2276/1488/2213
f 2304/1493/2241 2336/1524/2273 2335/1521/2272 2303/1490/2240
f 2291/1494/2228 2323/1525/2260 2322/1522/2259 2290/1491/2227
f 2278/1496/2215 2310/1527/2247 2309/1526/2246 2277/1495/2214
f 2273/1481/2210 2305/1512/2242 2336/1524/2273 2304/1493/2241
f 2292/1497/2229 2324/1528/2261 2323/1525/2260 2291/1494/2228
f 2279/1412/2216 2311/1529/2248 2310/1527/2247 2278/1496/2215
f 2293/1466/2230 2325/1530/2262 2324/1528/2261 2292/1497/2229
f 2280/1413/2217 2312/1531/2249 2311/1529/2248 2279/1412/2216
f 2294/1467/2231 2326/1532/2263 2325/1530/2262 2293/1466/2230
f 2281/1468/2218 2313/1533/2250 2312/1531/2249 2280/1413/2217
f 2295/1470/2232 2327/1535/2264 2326/1534/2263 2294/1469/2231
f 2282/1463/2219 2314/1464/2251 2313/1533/2250 2281/1468/2218
f 2296/1471/2233 2328/1502/2265 2327/1535/2264 2295/1470/2232
f 2338/1536/2275 2339/1565/2276 2340/1564/2277 2341/1563/2278 2342/1562/2279 2343/1561/2280 2344/1560/2281 2345/1559/2282 2346/1558/2283 2347/1557/2284 2348/1556/2285 2349/1500/2286 2350/1501/2287 2351/1555/2288 2352/1554/2289 2353/1553/2290 2354/1552/2291 2355/1551/2292 2356/1550/2293 2357/1549/2294 2358/1548/2295 2359/1547/2296 2360/1546/2297 2361/1545/2298 2362/1544/2299 2363/1543/2300 2364/1542/2301 2365/1541/2302 2366/1540/2303 2367/1539/2304 2368/1538/2305 2337/1537/2274
f 2332/1509/2269 2364/1567/2301 2363/1566/2300 2331/1507/2268
f 2319/1568/2256 2351/1555/2288 2350/1501/2287 2318/1498/2255
f 2306/1513/2243 2338/1570/2275 2337/1569/2274 2305/1512/2242
f 2333/1514/2270 2365/1571/2302 2364/1567/2301 2332/1509/2269
f 2320/1515/2257 2352/1573/2289 2351/1572/2288 2319/1511/2256
f 2307/1516/2244 2339/1574/2276 2338/1570/2275 2306/1513/2243
f 2334/1517/2271 2366/1575/2303 2365/1571/2302 2333/1514/2270
f 2321/1518/2258 2353/1576/2290 2352/1573/2289 2320/1515/2257
f 2308/1519/2245 2340/1577/2277 2339/1574/2276 2307/1516/2244
f 2335/1521/2272 2367/1579/2304 2366/1578/2303 2334/1520/2271
f 2322/1522/2259 2354/1580/2291 2353/1576/2290 2321/1518/2258
f 2309/1523/2246 2341/1581/2278 2340/1577/2277 2308/1519/2245
f 2336/1524/2273 2368/1582/2305 2367/1579/2304 2335/1521/2272
f 2323/1525/2260 2355/1583/2292 2354/1580/2291 2322/1522/2259
f 2310/1584/2247 2342/1585/2279 2341/1581/2278 2309/1523/2246
f 2305/1512/2242 2337/1569/2274 2368/1582/2305 2336/1524/2273
f 2324/1528/2261 2356/1586/2293 2355/1583/2292 2323/1525/2260
f 2311/1529/2248 2343/1588/2280 2342/1587/2279 2310/1527/2247
f 2325/1530/2262 2357/1589/2294 2356/1586/2293 2324/1528/2261
f 2312/1531/2249 2344/1590/2281 2343/1588/2280 2311/1529/2248
f 2326/1532/2263 2358/1591/2295 2357/1589/2294 2325/1530/2262
f 2313/1533/2250 2345/1592/2282 2344/1590/2281 2312/1531/2249
f 2327/1593/2264 2359/1547/2296 2358/1548/2295 2326/1594/2263
f 2314/1464/2251 2346/1595/2283 2345/1592/2282 2313/1533/2250
f 2328/1502/2265 2360/1597/2297 2359/1596/2296 2327/1535/2264
f 2315/1465/2252 2347/1598/2284 2346/1595/2283 2314/1464/2251
f 2329/1503/2266 2361/1599/2298 2360/1597/2297 2328/1502/2265
f 2316/1504/2253 2348/1600/2285 2347/1598/2284 2315/1465/2252
f 2330/1505/2267 2362/1601/2299 2361/1599/2298 2329/1503/2266
f 2317/1506/2254 2349/1602/2286 2348/1600/2285 2316/1504/2253
f 2331/1507/2268 2363/1566/2300 2362/1601/2299 2330/1505/2267
