# Blender 4.5.1 LTS
# www.blender.org
mtllib pegote_enemy.mtl
o bote_de_basura
v 0.970570 1.017141 -3.217800
v 0.733721 0.456905 -3.398281
v 0.970570 1.017141 -3.217800
v 0.776664 0.459278 -3.401708
v 0.970570 1.017141 -3.217800
v 0.817956 0.466304 -3.411857
v 0.970570 0.669749 -3.458297
v 0.856011 0.477714 -3.428339
v 0.956828 0.991729 -3.181093
v 0.889367 0.493070 -3.450520
v 0.916742 0.511781 -3.477547
v 0.970570 0.669749 -3.458297
v 0.937083 0.533128 -3.508382
v 0.956828 0.644337 -3.421590
v 0.949609 0.556291 -3.541841
v 0.934512 0.968309 -3.147264
v 0.953838 0.580379 -3.576636
v 0.956828 0.991729 -3.181093
v 0.949609 0.604468 -3.611431
v 0.937083 0.627630 -3.644889
v 0.934512 0.620917 -3.387761
v 0.916742 0.648978 -3.675725
v 0.904480 0.947782 -3.117613
v 0.889367 0.667688 -3.702752
v 0.970570 0.669749 -3.458297
v 0.856011 0.683044 -3.724933
v 0.956828 0.644337 -3.421590
v 0.817956 0.694454 -3.741415
v 0.904480 0.600390 -3.358109
v 0.776664 0.701480 -3.751564
v 0.867885 0.930935 -3.093278
v 0.733721 0.703853 -3.754991
v 0.934512 0.968309 -3.147264
v 0.690778 0.701480 -3.751564
v 0.956828 0.991729 -3.181093
v 0.649486 0.694454 -3.741415
v 0.867885 0.583543 -3.333775
v 0.611430 0.683044 -3.724933
v 0.826135 0.918417 -3.075196
v 0.578074 0.667688 -3.702752
v 0.550700 0.648978 -3.675725
v 0.934512 0.620917 -3.387761
v 0.530359 0.627630 -3.644889
v 0.826135 0.571025 -3.315693
v 0.517833 0.604468 -3.611431
v 0.780833 0.910709 -3.064061
v 0.513603 0.580379 -3.576636
v 0.904480 0.947782 -3.117613
v 0.517833 0.556291 -3.541841
v 0.530359 0.533128 -3.508382
v 0.780833 0.563317 -3.304558
v 0.550700 0.511781 -3.477547
v 0.733721 0.560714 -3.300798
v 0.578074 0.493070 -3.450520
v 0.956828 0.644337 -3.421590
v 0.611430 0.477714 -3.428339
v 0.904480 0.600390 -3.358109
v 0.649486 0.466304 -3.411857
v 0.733721 0.908106 -3.060301
v 0.690778 0.459278 -3.401708
v 0.733721 0.908106 -3.060301
v 0.780833 1.176428 -3.447886
v 0.780833 1.176428 -3.447886
v 0.733721 0.560714 -3.300798
v 0.780833 0.563317 -3.304558
v 0.780833 0.829036 -3.688383
v 0.780833 0.910709 -3.064061
v 0.826135 0.571025 -3.315693
v 0.826135 1.168719 -3.436752
v 0.826135 0.918417 -3.075196
v 0.867885 0.583543 -3.333775
v 0.780833 0.829036 -3.688383
v 0.826135 0.821327 -3.677248
v 0.867885 0.930935 -3.093278
v 0.904480 0.600390 -3.358109
v 0.867885 1.156201 -3.418669
v 0.826135 1.168719 -3.436752
v 0.904480 0.947782 -3.117613
v 0.934512 0.620917 -3.387761
v 0.867885 0.808809 -3.659166
v 0.934512 0.968309 -3.147264
v 0.956828 0.644337 -3.421590
v 0.904480 1.139355 -3.394335
v 0.956828 0.991729 -3.181093
v 0.970570 0.669749 -3.458297
v 0.826135 0.821327 -3.677248
v 0.904480 0.791963 -3.634832
v 0.970570 1.017141 -3.217800
v 0.975210 0.696176 -3.496470
v 0.934512 1.118827 -3.364684
v 0.867885 1.156201 -3.418669
v 0.975210 1.043568 -3.255974
v 0.970570 0.722604 -3.534644
v 0.934512 0.771435 -3.605180
v 0.970570 1.069996 -3.294147
v 0.956828 0.748016 -3.571351
v 0.956828 1.095407 -3.330854
v 0.956828 1.095407 -3.330854
v 0.934512 0.771435 -3.605180
v 0.867885 0.808809 -3.659166
v 0.956828 0.748016 -3.571351
v 0.934512 1.118827 -3.364684
v 0.904480 0.791963 -3.634832
v 0.970570 1.069996 -3.294147
v 0.904480 1.139355 -3.394335
v 0.904480 1.139355 -3.394335
v 0.867885 0.808809 -3.659166
v 0.970570 0.722604 -3.534644
v 0.867885 1.156201 -3.418669
v 0.826135 0.821327 -3.677248
v 0.975210 1.043568 -3.255974
v 0.826135 1.168719 -3.436752
v 0.780833 0.829036 -3.688383
v 0.904480 0.791963 -3.634832
v 0.975210 0.696176 -3.496470
v 0.780833 1.176428 -3.447886
v 0.733721 0.831639 -3.692143
v 0.733721 0.908106 -3.060301
v 0.934512 1.118827 -3.364684
v 0.733721 1.179031 -3.451646
v 0.686609 0.829036 -3.688383
v 0.733721 0.560714 -3.300798
v 0.686609 1.176428 -3.447886
v 0.641307 0.821327 -3.677248
v 0.780833 0.563317 -3.304558
v 0.641307 1.168719 -3.436752
v 0.599557 0.808809 -3.659166
v 0.934512 0.771435 -3.605180
v 0.780833 0.910709 -3.064061
v 0.599557 1.156201 -3.418669
v 0.562962 0.791963 -3.634832
v 0.826135 0.571025 -3.315693
v 0.956828 1.095407 -3.330854
v 0.562962 1.139355 -3.394335
v 0.532930 0.771435 -3.605180
v 0.826135 0.918417 -3.075196
v 0.532930 1.118827 -3.364684
v 0.510614 0.748016 -3.571351
v 0.867885 0.583543 -3.333775
v 0.510614 1.095407 -3.330854
v 0.496872 0.722604 -3.534644
v 0.956828 0.748016 -3.571351
v 0.867885 0.930935 -3.093278
v 0.496872 1.069996 -3.294147
v 0.492231 0.696176 -3.496470
v 0.904480 0.600390 -3.358109
v 0.970570 1.069996 -3.294147
v 0.492231 1.043568 -3.255974
v 0.496872 0.669749 -3.458297
v 0.904480 0.947782 -3.117613
v 0.496872 1.017141 -3.217800
v 0.510614 0.644337 -3.421590
v 0.934512 0.620917 -3.387761
v 0.510614 0.991729 -3.181093
v 0.532930 0.620917 -3.387761
v 0.970570 0.722604 -3.534644
v 0.934512 0.968309 -3.147264
v 0.532930 0.968309 -3.147264
v 0.562962 0.600390 -3.358109
v 0.956828 0.644337 -3.421590
v 0.975210 1.043568 -3.255974
v 0.562962 0.947782 -3.117613
v 0.599557 0.583543 -3.333775
v 0.956828 0.991729 -3.181093
v 0.599557 0.930935 -3.093278
v 0.641307 0.571025 -3.315693
v 0.970570 0.669749 -3.458297
v 0.641307 0.918417 -3.075196
v 0.686609 0.563317 -3.304558
v 0.975210 0.696176 -3.496470
v 0.970570 1.017141 -3.217800
v 0.686609 0.910709 -3.064061
v 0.733721 0.438273 -3.441318
v 0.771758 0.440375 -3.444354
v 0.808334 0.446599 -3.453344
v 0.842042 0.456705 -3.467942
v 0.871587 0.470307 -3.487590
v 0.895835 0.486880 -3.511529
v 0.913852 0.505789 -3.538842
v 0.924947 0.526306 -3.568479
v 0.928693 0.547643 -3.599299
v 0.924947 0.568979 -3.630120
v 0.913852 0.589496 -3.659756
v 0.895835 0.608405 -3.687069
v 0.871587 0.624978 -3.711009
v 0.842042 0.638580 -3.730656
v 0.808334 0.648686 -3.745255
v 0.771758 0.654910 -3.754245
v 0.733721 0.657012 -3.757280
v 0.695684 0.654910 -3.754245
v 0.659108 0.648686 -3.745255
v 0.625400 0.638580 -3.730656
v 0.595854 0.624978 -3.711009
v 0.571607 0.608405 -3.687069
v 0.553590 0.589496 -3.659756
v 0.542495 0.568979 -3.630120
v 0.538748 0.547643 -3.599299
v 0.542495 0.526306 -3.568479
v 0.553590 0.505789 -3.538842
v 0.571607 0.486880 -3.511529
v 0.595854 0.470307 -3.487590
v 0.625400 0.456705 -3.467942
v 0.659108 0.446599 -3.453344
v 0.695684 0.440375 -3.444354
v 0.733721 0.436783 -3.479969
v 0.765635 0.438546 -3.482516
v 0.796323 0.443768 -3.490058
v 0.824605 0.452248 -3.502307
v 0.849395 0.463659 -3.518792
v 0.869739 0.477565 -3.538878
v 0.884856 0.493430 -3.561794
v 0.894165 0.510644 -3.586660
v 0.897308 0.528546 -3.612519
v 0.894165 0.546448 -3.638379
v 0.884856 0.563663 -3.663244
v 0.869739 0.579527 -3.686161
v 0.849395 0.593433 -3.706247
v 0.824605 0.604845 -3.722731
v 0.796323 0.613325 -3.734980
v 0.765635 0.618547 -3.742523
v 0.733721 0.620310 -3.745070
v 0.701806 0.618547 -3.742523
v 0.671119 0.613325 -3.734980
v 0.642836 0.604845 -3.722731
v 0.618047 0.593433 -3.706247
v 0.597703 0.579527 -3.686161
v 0.582586 0.563663 -3.663244
v 0.573277 0.546448 -3.638379
v 0.570133 0.528546 -3.612519
v 0.573277 0.510644 -3.586660
v 0.582586 0.493430 -3.561794
v 0.597703 0.477565 -3.538878
v 0.618047 0.463659 -3.518792
v 0.642836 0.452248 -3.502307
v 0.671119 0.443768 -3.490058
v 0.701806 0.438546 -3.482516
v 0.733721 0.436783 -3.479969
v 0.765635 0.438546 -3.482516
v 0.796323 0.443768 -3.490058
v 0.824605 0.452248 -3.502307
v 0.849395 0.463659 -3.518792
v 0.869739 0.477565 -3.538878
v 0.884856 0.493430 -3.561794
v 0.894165 0.510644 -3.586660
v 0.897308 0.528546 -3.612519
v 0.894165 0.546448 -3.638379
v 0.884856 0.563663 -3.663244
v 0.869739 0.579527 -3.686161
v 0.849395 0.593433 -3.706247
v 0.824605 0.604845 -3.722731
v 0.796323 0.613325 -3.734980
v 0.765635 0.618547 -3.742523
v 0.733721 0.620310 -3.745070
v 0.701806 0.618547 -3.742523
v 0.671119 0.613325 -3.734980
v 0.642836 0.604845 -3.722731
v 0.618047 0.593433 -3.706247
v 0.597703 0.579527 -3.686161
v 0.582586 0.563663 -3.663244
v 0.573277 0.546448 -3.638379
v 0.570133 0.528546 -3.612519
v 0.573277 0.510644 -3.586660
v 0.582586 0.493430 -3.561794
v 0.597703 0.477565 -3.538878
v 0.618047 0.463659 -3.518792
v 0.642836 0.452248 -3.502307
v 0.671119 0.443768 -3.490058
v 0.701806 0.438546 -3.482516
v 0.733721 0.453223 -3.532863
v 0.755173 0.454408 -3.534575
v 0.775802 0.457918 -3.539645
v 0.794813 0.463618 -3.547879
v 0.811476 0.471289 -3.558959
v 0.825151 0.480637 -3.572461
v 0.835313 0.491301 -3.587865
v 0.841570 0.502872 -3.604580
v 0.843683 0.514906 -3.621962
v 0.841570 0.526940 -3.639345
v 0.835313 0.538511 -3.656059
v 0.825151 0.549175 -3.671463
v 0.811476 0.558522 -3.684965
v 0.794813 0.566193 -3.696046
v 0.775802 0.571894 -3.704280
v 0.755173 0.575404 -3.709350
v 0.733721 0.576589 -3.711062
v 0.712268 0.575404 -3.709350
v 0.691640 0.571894 -3.704280
v 0.672629 0.566193 -3.696046
v 0.655966 0.558522 -3.684965
v 0.642290 0.549175 -3.671463
v 0.632129 0.538511 -3.656059
v 0.625871 0.526940 -3.639345
v 0.623758 0.514906 -3.621962
v 0.625871 0.502872 -3.604580
v 0.632129 0.491301 -3.587865
v 0.642290 0.480637 -3.572461
v 0.655966 0.471289 -3.558959
v 0.672629 0.463618 -3.547879
v 0.691640 0.457918 -3.539645
v 0.712268 0.454408 -3.534575
v 0.733721 1.201883 -3.027374
v 0.753090 1.202954 -3.028919
v 0.771714 1.206123 -3.033497
v 0.788879 1.211269 -3.040931
v 0.803923 1.218195 -3.050935
v 0.816270 1.226634 -3.063126
v 0.825445 1.236263 -3.077034
v 0.831095 1.246710 -3.092124
v 0.833002 1.257575 -3.107819
v 0.831095 1.268440 -3.123513
v 0.825445 1.278887 -3.138604
v 0.816270 1.288515 -3.152512
v 0.803923 1.296955 -3.164702
v 0.788879 1.303881 -3.174706
v 0.771714 1.309027 -3.182140
v 0.753090 1.312196 -3.186718
v 0.733721 1.313266 -3.188264
v 0.714352 1.312196 -3.186718
v 0.695727 1.309027 -3.182140
v 0.678563 1.303881 -3.174706
v 0.663518 1.296955 -3.164702
v 0.651171 1.288515 -3.152512
v 0.641997 1.278887 -3.138604
v 0.636347 1.268440 -3.123513
v 0.634439 1.257575 -3.107819
v 0.636347 1.246710 -3.092124
v 0.641997 1.236263 -3.077034
v 0.651171 1.226634 -3.063126
v 0.663518 1.218195 -3.050935
v 0.678563 1.211269 -3.040931
v 0.695727 1.206123 -3.033497
v 0.714352 1.202954 -3.028919
v 0.733721 1.325074 -2.966322
v 0.749146 1.325926 -2.967553
v 0.763978 1.328450 -2.971199
v 0.777647 1.332548 -2.977119
v 0.789628 1.338064 -2.985086
v 0.799461 1.344785 -2.994794
v 0.806767 1.352452 -3.005870
v 0.811266 1.360772 -3.017888
v 0.812785 1.369425 -3.030386
v 0.811266 1.378077 -3.042884
v 0.806767 1.386397 -3.054902
v 0.799461 1.394065 -3.065978
v 0.789628 1.400785 -3.075686
v 0.777647 1.406301 -3.083653
v 0.763978 1.410400 -3.089573
v 0.749146 1.412923 -3.093219
v 0.733721 1.413776 -3.094450
v 0.718296 1.412923 -3.093219
v 0.703464 1.410400 -3.089573
v 0.689795 1.406301 -3.083653
v 0.677814 1.400785 -3.075686
v 0.667981 1.394065 -3.065978
v 0.660675 1.386397 -3.054902
v 0.656175 1.378077 -3.042884
v 0.654656 1.369425 -3.030386
v 0.656175 1.360772 -3.017888
v 0.660675 1.352452 -3.005870
v 0.667981 1.344785 -2.994794
v 0.677814 1.338064 -2.985086
v 0.689795 1.332548 -2.977119
v 0.703464 1.328450 -2.971199
v 0.718296 1.325926 -2.967553
v 0.733721 1.313733 -2.949941
v 0.753090 1.314803 -2.951487
v 0.771714 1.317972 -2.956064
v 0.788879 1.323119 -2.963498
v 0.803923 1.330045 -2.973503
v 0.816270 1.338484 -2.985693
v 0.825445 1.348112 -2.999601
v 0.831095 1.358560 -3.014692
v 0.833002 1.369425 -3.030386
v 0.831095 1.380290 -3.046080
v 0.825445 1.390737 -3.061171
v 0.816270 1.400365 -3.075079
v 0.803923 1.408804 -3.087269
v 0.788879 1.415730 -3.097274
v 0.771714 1.420877 -3.104707
v 0.753090 1.424046 -3.109285
v 0.733721 1.425116 -3.110831
v 0.714352 1.424046 -3.109285
v 0.695727 1.420877 -3.104707
v 0.678563 1.415730 -3.097274
v 0.663518 1.408804 -3.087269
v 0.651171 1.400365 -3.075079
v 0.641997 1.390737 -3.061171
v 0.636347 1.380290 -3.046080
v 0.634439 1.369425 -3.030386
v 0.636347 1.358560 -3.014692
v 0.641997 1.348112 -2.999601
v 0.651171 1.338484 -2.985693
v 0.663518 1.330045 -2.973503
v 0.678563 1.323119 -2.963498
v 0.695727 1.317972 -2.956064
v 0.714352 1.314803 -2.951487
v 0.733721 1.200689 -3.052433
v 0.749146 1.201541 -3.053664
v 0.763978 1.204065 -3.057309
v 0.777647 1.208163 -3.063230
v 0.789628 1.213679 -3.071197
v 0.799461 1.220400 -3.080904
v 0.806767 1.228067 -3.091980
v 0.811266 1.236387 -3.103998
v 0.812785 1.245040 -3.116497
v 0.811266 1.253692 -3.128995
v 0.806767 1.262012 -3.141013
v 0.799461 1.269680 -3.152089
v 0.789628 1.276400 -3.161797
v 0.777647 1.281916 -3.169764
v 0.763978 1.286015 -3.175684
v 0.749146 1.288538 -3.179330
v 0.733721 1.289391 -3.180561
v 0.718296 1.288538 -3.179330
v 0.703464 1.286015 -3.175684
v 0.689795 1.281916 -3.169764
v 0.677814 1.276400 -3.161797
v 0.667981 1.269680 -3.152089
v 0.660675 1.262012 -3.141013
v 0.656175 1.253692 -3.128995
v 0.654656 1.245040 -3.116497
v 0.656175 1.236387 -3.103998
v 0.660675 1.228067 -3.091980
v 0.667981 1.220400 -3.080904
v 0.677814 1.213679 -3.071197
v 0.689795 1.208163 -3.063230
v 0.703464 1.204065 -3.057309
v 0.718296 1.201541 -3.053664
v 0.733721 1.200689 -3.052433
v 0.749146 1.201541 -3.053664
v 0.763978 1.204065 -3.057309
v 0.777647 1.208163 -3.063230
v 0.789628 1.213679 -3.071197
v 0.799461 1.220400 -3.080904
v 0.806767 1.228067 -3.091980
v 0.811266 1.236387 -3.103998
v 0.812785 1.245040 -3.116497
v 0.811266 1.253692 -3.128995
v 0.806767 1.262012 -3.141013
v 0.799461 1.269680 -3.152089
v 0.789628 1.276400 -3.161797
v 0.777647 1.281916 -3.169764
v 0.763978 1.286015 -3.175684
v 0.749146 1.288538 -3.179330
v 0.733721 1.289391 -3.180561
v 0.718296 1.288538 -3.179330
v 0.703464 1.286015 -3.175684
v 0.689795 1.281916 -3.169764
v 0.677814 1.276400 -3.161797
v 0.667981 1.269680 -3.152089
v 0.660675 1.262012 -3.141013
v 0.656175 1.253692 -3.128995
v 0.654656 1.245040 -3.116497
v 0.656175 1.236387 -3.103998
v 0.660675 1.228067 -3.091980
v 0.667981 1.220400 -3.080904
v 0.677814 1.213679 -3.071197
v 0.689795 1.208163 -3.063230
v 0.703464 1.204065 -3.057309
v 0.718296 1.201541 -3.053664
v 0.733721 1.200689 -3.052433
v 0.749146 1.201541 -3.053664
v 0.763978 1.204065 -3.057309
v 0.777647 1.208163 -3.063230
v 0.789628 1.213679 -3.071197
v 0.799461 1.220400 -3.080904
v 0.806767 1.228067 -3.091980
v 0.811266 1.236387 -3.103998
v 0.812785 1.245040 -3.116497
v 0.811266 1.253692 -3.128995
v 0.806767 1.262012 -3.141013
v 0.799461 1.269680 -3.152089
v 0.789628 1.276400 -3.161797
v 0.777647 1.281916 -3.169764
v 0.763978 1.286015 -3.175684
v 0.749146 1.288538 -3.179330
v 0.733721 1.289391 -3.180561
v 0.718296 1.288538 -3.179330
v 0.703464 1.286015 -3.175684
v 0.689795 1.281916 -3.169764
v 0.677814 1.276400 -3.161797
v 0.667981 1.269680 -3.152089
v 0.660675 1.262012 -3.141013
v 0.656175 1.253692 -3.128995
v 0.654656 1.245040 -3.116497
v 0.656175 1.236387 -3.103998
v 0.660675 1.228067 -3.091980
v 0.667981 1.220400 -3.080904
v 0.677814 1.213679 -3.071197
v 0.689795 1.208163 -3.063230
v 0.703464 1.204065 -3.057309
v 0.718296 1.201541 -3.053664
v 0.733721 1.037290 -2.996775
v 0.776617 1.039660 -3.000198
v 0.817864 1.046679 -3.010336
v 0.855877 1.058077 -3.026800
v 0.889197 1.073415 -3.048956
v 0.916541 1.092106 -3.075954
v 0.936860 1.113429 -3.106755
v 0.949372 1.136567 -3.140177
v 0.953597 1.160629 -3.174934
v 0.949372 1.184691 -3.209691
v 0.936860 1.207828 -3.243113
v 0.916541 1.229152 -3.273914
v 0.889197 1.247842 -3.300912
v 0.855877 1.263181 -3.323068
v 0.817864 1.274578 -3.339532
v 0.776617 1.281597 -3.349670
v 0.733721 1.283967 -3.353093
v 0.690825 1.281597 -3.349670
v 0.649578 1.274578 -3.339532
v 0.611565 1.263181 -3.323068
v 0.578245 1.247842 -3.300912
v 0.550901 1.229152 -3.273914
v 0.530582 1.207828 -3.243113
v 0.518070 1.184691 -3.209691
v 0.513845 1.160629 -3.174934
v 0.518070 1.136567 -3.140177
v 0.530582 1.113429 -3.106755
v 0.550901 1.092106 -3.075954
v 0.578245 1.073415 -3.048956
v 0.611565 1.058077 -3.026800
v 0.649578 1.046679 -3.010336
v 0.690825 1.039660 -3.000198
v 0.733721 0.573797 -3.317647
v 0.776617 0.576167 -3.321070
v 0.817864 0.583186 -3.331208
v 0.855877 0.594584 -3.347672
v 0.889197 0.609922 -3.369828
v 0.916541 0.628613 -3.396826
v 0.936860 0.649936 -3.427628
v 0.949372 0.673074 -3.461049
v 0.953597 0.697136 -3.495806
v 0.949372 0.721198 -3.530563
v 0.936860 0.744335 -3.563985
v 0.916541 0.765659 -3.594786
v 0.889197 0.784349 -3.621784
v 0.855877 0.799688 -3.643940
v 0.817864 0.811085 -3.660404
v 0.776617 0.818104 -3.670542
v 0.733721 0.820474 -3.673966
v 0.690825 0.818104 -3.670542
v 0.649578 0.811085 -3.660404
v 0.611565 0.799688 -3.643940
v 0.578245 0.784349 -3.621784
v 0.550901 0.765659 -3.594786
v 0.530582 0.744335 -3.563985
v 0.518070 0.721198 -3.530564
v 0.513845 0.697136 -3.495806
v 0.518070 0.673074 -3.461049
v 0.530582 0.649936 -3.427628
v 0.550901 0.628613 -3.396826
v 0.578245 0.609922 -3.369828
v 0.611565 0.594584 -3.347672
v 0.649578 0.583186 -3.331208
v 0.690825 0.576167 -3.321070
v 0.733721 0.573797 -3.317647
v 0.776617 0.576167 -3.321070
v 0.817864 0.583186 -3.331208
v 0.855877 0.594584 -3.347672
v 0.889197 0.609922 -3.369828
v 0.916541 0.628613 -3.396826
v 0.936860 0.649936 -3.427628
v 0.949372 0.673074 -3.461049
v 0.953597 0.697136 -3.495806
v 0.949372 0.721198 -3.530563
v 0.936860 0.744335 -3.563985
v 0.916541 0.765659 -3.594786
v 0.889197 0.784349 -3.621784
v 0.855877 0.799688 -3.643940
v 0.817864 0.811085 -3.660404
v 0.776617 0.818104 -3.670542
v 0.733721 0.820474 -3.673966
v 0.690825 0.818104 -3.670542
v 0.649578 0.811085 -3.660404
v 0.611565 0.799688 -3.643940
v 0.578245 0.784349 -3.621784
v 0.550901 0.765659 -3.594786
v 0.530582 0.744335 -3.563985
v 0.518070 0.721198 -3.530564
v 0.513845 0.697136 -3.495806
v 0.518070 0.673074 -3.461049
v 0.530582 0.649936 -3.427628
v 0.550901 0.628613 -3.396826
v 0.578245 0.609922 -3.369828
v 0.611565 0.594584 -3.347672
v 0.649578 0.583186 -3.331208
v 0.690825 0.576167 -3.321070
v 0.733721 0.465808 -3.410892
v 0.773608 0.468012 -3.414076
v 0.811962 0.474538 -3.423503
v 0.847309 0.485136 -3.438812
v 0.878291 0.499399 -3.459414
v 0.903718 0.516778 -3.484518
v 0.922611 0.536606 -3.513159
v 0.934246 0.558121 -3.544236
v 0.938174 0.580495 -3.576555
v 0.934246 0.602869 -3.608875
v 0.922611 0.624384 -3.639952
v 0.903718 0.644212 -3.668593
v 0.878291 0.661591 -3.693697
v 0.847309 0.675854 -3.714299
v 0.811962 0.686452 -3.729608
v 0.773608 0.692979 -3.739035
v 0.733721 0.695182 -3.742219
v 0.693834 0.692979 -3.739035
v 0.655480 0.686452 -3.729608
v 0.620133 0.675854 -3.714299
v 0.589151 0.661591 -3.693697
v 0.563724 0.644212 -3.668593
v 0.544831 0.624384 -3.639952
v 0.533196 0.602869 -3.608875
v 0.529268 0.580495 -3.576555
v 0.533196 0.558121 -3.544236
v 0.544831 0.536606 -3.513159
v 0.563724 0.516778 -3.484518
v 0.589151 0.499399 -3.459414
v 0.620133 0.485136 -3.438812
v 0.655480 0.474538 -3.423503
v 0.693834 0.468012 -3.414076
v 0.733721 0.449804 -3.456643
v 0.767965 0.451696 -3.459375
v 0.800892 0.457299 -3.467469
v 0.831239 0.466398 -3.480612
v 0.857838 0.478643 -3.498299
v 0.879667 0.493563 -3.519852
v 0.895887 0.510586 -3.544441
v 0.905876 0.529057 -3.571121
v 0.909249 0.548265 -3.598868
v 0.905876 0.567474 -3.626615
v 0.895887 0.585945 -3.653295
v 0.879667 0.602968 -3.677884
v 0.857838 0.617888 -3.699436
v 0.831239 0.630133 -3.717124
v 0.800892 0.639232 -3.730267
v 0.767965 0.644835 -3.738360
v 0.733721 0.646727 -3.741093
v 0.699477 0.644835 -3.738360
v 0.666549 0.639232 -3.730267
v 0.636203 0.630133 -3.717124
v 0.609604 0.617888 -3.699436
v 0.587775 0.602968 -3.677884
v 0.571555 0.585945 -3.653295
v 0.561566 0.567474 -3.626615
v 0.558193 0.548265 -3.598868
v 0.561566 0.529056 -3.571121
v 0.571555 0.510586 -3.544441
v 0.587775 0.493563 -3.519852
v 0.609604 0.478643 -3.498299
v 0.636203 0.466398 -3.480612
v 0.666549 0.457299 -3.467469
v 0.699477 0.451696 -3.459375
v 0.733721 0.450106 -3.457078
v 0.767860 0.451992 -3.459803
v 0.800686 0.457578 -3.467872
v 0.830940 0.466649 -3.480974
v 0.857457 0.478856 -3.498608
v 0.879219 0.493731 -3.520094
v 0.895390 0.510701 -3.544607
v 0.905348 0.529115 -3.571206
v 0.908710 0.548265 -3.598868
v 0.905348 0.567415 -3.626530
v 0.895390 0.585829 -3.653128
v 0.879219 0.602800 -3.677642
v 0.857457 0.617675 -3.699128
v 0.830940 0.629882 -3.716761
v 0.800686 0.638953 -3.729864
v 0.767860 0.644539 -3.737933
v 0.733721 0.646425 -3.740657
v 0.699582 0.644539 -3.737933
v 0.666755 0.638953 -3.729864
v 0.636502 0.629882 -3.716761
v 0.609985 0.617675 -3.699128
v 0.588223 0.602800 -3.677642
v 0.572052 0.585829 -3.653128
v 0.562094 0.567415 -3.626530
v 0.558731 0.548265 -3.598868
v 0.562094 0.529115 -3.571206
v 0.572052 0.510701 -3.544607
v 0.588223 0.493731 -3.520094
v 0.609985 0.478856 -3.498608
v 0.636502 0.466649 -3.480974
v 0.666755 0.457578 -3.467872
v 0.699582 0.451992 -3.459803
v 0.733721 0.458691 -3.508833
v 0.758469 0.460058 -3.510808
v 0.782265 0.464108 -3.516657
v 0.804196 0.470683 -3.526155
v 0.823419 0.479533 -3.538938
v 0.839195 0.490316 -3.554513
v 0.850917 0.502618 -3.572284
v 0.858136 0.515966 -3.591565
v 0.860573 0.529849 -3.611618
v 0.858136 0.543731 -3.631670
v 0.850917 0.557079 -3.650952
v 0.839195 0.569381 -3.668722
v 0.823419 0.580164 -3.684298
v 0.804196 0.589014 -3.697081
v 0.782265 0.595589 -3.706579
v 0.758469 0.599639 -3.712428
v 0.733721 0.601006 -3.714403
v 0.708973 0.599639 -3.712428
v 0.685177 0.595589 -3.706579
v 0.663245 0.589014 -3.697081
v 0.644023 0.580164 -3.684298
v 0.628247 0.569381 -3.668722
v 0.616525 0.557079 -3.650952
v 0.609306 0.543731 -3.631670
v 0.606869 0.529849 -3.611618
v 0.609306 0.515966 -3.591565
v 0.616525 0.502618 -3.572284
v 0.628247 0.490316 -3.554513
v 0.644023 0.479533 -3.538938
v 0.663245 0.470683 -3.526155
v 0.685177 0.464108 -3.516657
v 0.708973 0.460058 -3.510808
v 0.733721 1.048760 -2.986733
v 0.733721 0.996526 -2.999089
v 0.733721 1.032664 -2.985974
v 0.733721 1.013544 -2.990497
v 0.780833 0.999128 -3.002849
v 0.776958 1.051149 -2.990184
v 0.780314 1.016119 -2.994215
v 0.778896 1.035159 -2.989579
v 0.826135 1.006837 -3.013984
v 0.818534 1.058223 -3.000403
v 0.825117 1.023742 -3.005227
v 0.822335 1.042551 -3.000256
v 0.867885 1.019355 -3.032066
v 0.856851 1.069712 -3.016998
v 0.866407 1.036122 -3.023110
v 0.862368 1.054554 -3.017595
v 0.904480 1.036201 -3.056400
v 0.890436 1.085173 -3.039331
v 0.902598 1.052783 -3.047176
v 0.897458 1.070708 -3.040928
v 0.934512 1.056729 -3.086052
v 0.917998 1.104012 -3.066544
v 0.932299 1.073085 -3.076501
v 0.926255 1.090391 -3.069360
v 0.956828 1.080149 -3.119881
v 0.938479 1.125506 -3.097591
v 0.954370 1.096246 -3.109957
v 0.947653 1.112848 -3.101799
v 0.970570 1.105560 -3.156588
v 0.951091 1.148827 -3.131279
v 0.967960 1.121378 -3.146260
v 0.960830 1.137215 -3.136996
v 0.975210 1.131988 -3.194762
v 0.955349 1.173081 -3.166313
v 0.972549 1.147514 -3.184013
v 0.965280 1.162556 -3.173600
v 0.970570 1.158415 -3.232935
v 0.951091 1.197335 -3.201347
v 0.967960 1.173651 -3.221766
v 0.960830 1.187896 -3.210204
v 0.956828 1.183827 -3.269642
v 0.938479 1.220657 -3.235035
v 0.954370 1.198782 -3.258069
v 0.947653 1.212263 -3.245401
v 0.934512 1.207247 -3.303472
v 0.917998 1.242151 -3.266082
v 0.932299 1.221944 -3.291525
v 0.926255 1.234720 -3.277839
v 0.904480 1.227774 -3.333123
v 0.890436 1.260990 -3.293295
v 0.902598 1.242245 -3.320850
v 0.897458 1.254403 -3.306272
v 0.867885 1.244621 -3.357457
v 0.856851 1.276451 -3.315628
v 0.866407 1.258906 -3.344916
v 0.862368 1.270557 -3.329605
v 0.826135 1.257139 -3.375539
v 0.818534 1.287940 -3.332223
v 0.825117 1.271286 -3.362799
v 0.822335 1.282560 -3.346944
v 0.780833 1.264847 -3.386674
v 0.776958 1.295014 -3.342442
v 0.780314 1.278910 -3.373811
v 0.778896 1.289952 -3.357621
v 0.733721 1.267450 -3.390434
v 0.733721 1.297403 -3.345893
v 0.733721 1.281484 -3.377529
v 0.733721 1.292447 -3.361226
v 0.686609 1.264847 -3.386674
v 0.690483 1.295014 -3.342442
v 0.687128 1.278910 -3.373811
v 0.688546 1.289952 -3.357621
v 0.641307 1.257139 -3.375539
v 0.648907 1.287940 -3.332223
v 0.642325 1.271286 -3.362799
v 0.645107 1.282560 -3.346944
v 0.599557 1.244621 -3.357457
v 0.610591 1.276451 -3.315628
v 0.601035 1.258906 -3.344916
v 0.605074 1.270557 -3.329605
v 0.562962 1.227774 -3.333123
v 0.577006 1.260990 -3.293295
v 0.564844 1.242245 -3.320850
v 0.569984 1.254403 -3.306272
v 0.532930 1.207247 -3.303472
v 0.549443 1.242151 -3.266082
v 0.535142 1.221944 -3.291525
v 0.541187 1.234720 -3.277839
v 0.510614 1.183827 -3.269642
v 0.528963 1.220657 -3.235035
v 0.513072 1.198782 -3.258069
v 0.519788 1.212263 -3.245401
v 0.496872 1.158415 -3.232935
v 0.516351 1.197335 -3.201347
v 0.499481 1.173651 -3.221766
v 0.506611 1.187896 -3.210204
v 0.492231 1.131988 -3.194762
v 0.512092 1.173081 -3.166313
v 0.494892 1.147514 -3.184013
v 0.502162 1.162556 -3.173600
v 0.496872 1.105560 -3.156588
v 0.516351 1.148827 -3.131279
v 0.499481 1.121378 -3.146260
v 0.506611 1.137215 -3.136996
v 0.510614 1.080149 -3.119881
v 0.528963 1.125506 -3.097591
v 0.513072 1.096246 -3.109957
v 0.519788 1.112848 -3.101799
v 0.532930 1.056729 -3.086052
v 0.549443 1.104012 -3.066544
v 0.535142 1.073085 -3.076501
v 0.541187 1.090391 -3.069360
v 0.562962 1.036201 -3.056400
v 0.577006 1.085173 -3.039331
v 0.564844 1.052783 -3.047176
v 0.569984 1.070708 -3.040928
v 0.599557 1.019355 -3.032066
v 0.610591 1.069712 -3.016998
v 0.601035 1.036122 -3.023110
v 0.605074 1.054554 -3.017595
v 0.641307 1.006837 -3.013984
v 0.648907 1.058223 -3.000403
v 0.642325 1.023742 -3.005227
v 0.645107 1.042551 -3.000256
v 0.686609 0.999128 -3.002849
v 0.690483 1.051149 -2.990184
v 0.687128 1.016119 -2.994215
v 0.688546 1.035159 -2.989579
v 0.975210 0.696176 -3.496470
v 0.867885 0.930935 -3.093278
v 0.934512 0.968309 -3.147264
v 0.975210 1.043568 -3.255974
v 0.970570 0.722604 -3.534644
v 0.867885 0.583543 -3.333775
v 0.970570 1.069996 -3.294147
v 0.956828 0.748016 -3.571351
v 0.826135 0.918417 -3.075196
v 0.956828 1.095407 -3.330854
v 0.934512 0.771435 -3.605180
v 0.934512 0.620917 -3.387761
v 0.826135 0.571025 -3.315693
v 0.934512 1.118827 -3.364684
v 0.904480 0.791963 -3.634832
v 0.780833 0.910709 -3.064061
v 0.904480 0.947782 -3.117613
v 0.904480 1.139355 -3.394335
v 0.867885 0.808809 -3.659166
v 0.780833 0.563317 -3.304558
v 0.867885 1.156201 -3.418669
v 0.826135 0.821327 -3.677248
v 0.733721 0.560714 -3.300798
v 0.826135 1.168719 -3.436752
v 0.780833 0.829036 -3.688383
v 0.904480 0.600390 -3.358109
v 0.733721 0.908106 -3.060301
v 0.780833 1.176428 -3.447886
v 0.733721 0.831639 -3.692143
v 0.975210 0.696176 -3.496470
v 0.867885 0.930935 -3.093278
v 0.733721 1.179031 -3.451646
v 0.686609 0.829036 -3.688383
v 0.975210 1.043568 -3.255974
v 0.686609 1.176428 -3.447886
v 0.641307 0.821327 -3.677248
v 0.970570 0.722604 -3.534644
v 0.641307 1.168719 -3.436752
v 0.599557 0.808809 -3.659166
v 0.867885 0.583543 -3.333775
v 0.970570 1.069996 -3.294147
v 0.599557 1.156201 -3.418669
v 0.562962 0.791963 -3.634832
v 0.956828 0.748016 -3.571351
v 0.826135 0.918417 -3.075196
v 0.562962 1.139355 -3.394335
v 0.532930 0.771435 -3.605180
v 0.956828 1.095407 -3.330854
v 0.532930 1.118827 -3.364684
v 0.510614 0.748016 -3.571351
v 0.934512 0.771435 -3.605180
v 0.510614 1.095407 -3.330854
v 0.496872 0.722604 -3.534644
v 0.826135 0.571025 -3.315693
v 0.934512 1.118827 -3.364684
v 0.496872 1.069996 -3.294147
v 0.492231 0.696176 -3.496470
v 0.904480 0.791963 -3.634832
v 0.780833 0.910709 -3.064061
v 0.492231 1.043568 -3.255974
v 0.496872 0.669749 -3.458297
v 0.904480 1.139355 -3.394335
v 0.496872 1.017141 -3.217800
v 0.510614 0.644337 -3.421590
v 0.867885 0.808809 -3.659166
v 0.510614 0.991729 -3.181093
v 0.532930 0.620917 -3.387761
v 0.780833 0.563317 -3.304558
v 0.867885 1.156201 -3.418669
v 0.532930 0.968309 -3.147264
v 0.562962 0.600390 -3.358109
v 0.826135 0.821327 -3.677248
v 0.733721 0.560714 -3.300798
v 0.562962 0.947782 -3.117613
v 0.599557 0.583543 -3.333775
v 0.826135 1.168719 -3.436752
v 0.599557 0.930935 -3.093278
v 0.641307 0.571025 -3.315693
v 0.780833 0.829036 -3.688383
v 0.641307 0.918417 -3.075196
v 0.686609 0.563317 -3.304558
v 0.733721 0.908106 -3.060301
v 0.780833 1.176428 -3.447886
v 0.686609 0.910709 -3.064061
v 0.733721 0.831639 -3.692143
v 0.733721 0.908106 -3.060301
v 0.733721 1.179031 -3.451646
v 0.686609 0.829036 -3.688383
v 0.733721 0.560714 -3.300798
v 0.686609 1.176428 -3.447886
v 0.641307 0.821327 -3.677248
v 0.780833 0.563317 -3.304558
v 0.641307 1.168719 -3.436752
v 0.599557 0.808809 -3.659166
v 0.780833 0.910709 -3.064061
v 0.599557 1.156201 -3.418669
v 0.562962 0.791963 -3.634832
v 0.826135 0.571025 -3.315693
v 0.562962 1.139355 -3.394335
v 0.532930 0.771435 -3.605180
v 0.826135 0.918417 -3.075196
v 0.532930 1.118827 -3.364684
v 0.510614 0.748016 -3.571351
v 0.867885 0.583543 -3.333775
v 0.510614 1.095407 -3.330854
v 0.496872 0.722604 -3.534644
v 0.867885 0.930935 -3.093278
v 0.496872 1.069996 -3.294147
v 0.492231 0.696176 -3.496470
v 0.904480 0.600390 -3.358109
v 0.492231 1.043568 -3.255974
v 0.496872 0.669749 -3.458297
v 0.904480 0.947782 -3.117613
v 0.496872 1.017141 -3.217800
v 0.510614 0.644337 -3.421590
v 0.934512 0.620917 -3.387761
v 0.510614 0.991729 -3.181093
v 0.532930 0.620917 -3.387761
v 0.934512 0.968309 -3.147264
v 0.532930 0.968309 -3.147264
v 0.562962 0.600390 -3.358109
v 0.956828 0.644337 -3.421590
v 0.562962 0.947782 -3.117613
v 0.599557 0.583543 -3.333775
v 0.956828 0.991729 -3.181093
v 0.599557 0.930935 -3.093278
v 0.641307 0.571025 -3.315693
v 0.970570 0.669749 -3.458297
v 0.641307 0.918417 -3.075196
v 0.686609 0.563317 -3.304558
v 0.970570 1.017141 -3.217800
v 0.686609 0.910709 -3.064061
v 0.733721 0.831639 -3.692143
v 0.975210 0.696176 -3.496470
v 0.733721 1.179031 -3.451646
v 0.686609 0.829036 -3.688383
v 0.975210 1.043568 -3.255974
v 0.686609 1.176428 -3.447886
v 0.641307 0.821327 -3.677248
v 0.970570 0.722604 -3.534644
v 0.641307 1.168719 -3.436752
v 0.599557 0.808809 -3.659166
v 0.970570 1.069996 -3.294147
v 0.599557 1.156201 -3.418669
v 0.562962 0.791963 -3.634832
v 0.956828 0.748016 -3.571351
v 0.562962 1.139355 -3.394335
v 0.532930 0.771435 -3.605180
v 0.956828 1.095407 -3.330854
v 0.532930 1.118827 -3.364684
v 0.510614 0.748016 -3.571351
v 0.934512 0.771435 -3.605180
v 0.510614 1.095407 -3.330854
v 0.496872 0.722604 -3.534644
v 0.934512 1.118827 -3.364684
v 0.496872 1.069996 -3.294147
v 0.492231 0.696176 -3.496470
v 0.904480 0.791963 -3.634832
v 0.492231 1.043568 -3.255974
v 0.496872 0.669749 -3.458297
v 0.904480 1.139355 -3.394335
v 0.496872 1.017141 -3.217800
v 0.510614 0.644337 -3.421590
v 0.867885 0.808809 -3.659166
v 0.510614 0.991729 -3.181093
v 0.532930 0.620917 -3.387761
v 0.867885 1.156201 -3.418669
v 0.532930 0.968309 -3.147264
v 0.562962 0.600390 -3.358109
v 0.826135 0.821327 -3.677248
v 0.562962 0.947782 -3.117613
v 0.599557 0.583543 -3.333775
v 0.826135 1.168719 -3.436752
v 0.599557 0.930935 -3.093278
v 0.641307 0.571025 -3.315693
v 0.780833 0.829036 -3.688383
v 0.641307 0.918417 -3.075196
v 0.686609 0.563317 -3.304558
v 0.780833 1.176428 -3.447886
v 0.686609 0.910709 -3.064061
v 0.733721 0.831639 -3.692143
v 0.733721 1.179031 -3.451646
v 0.686609 0.829036 -3.688383
v 0.686609 1.176428 -3.447886
v 0.641307 0.821327 -3.677248
v 0.641307 1.168719 -3.436752
v 0.599557 0.808809 -3.659166
v 0.599557 1.156201 -3.418669
v 0.562962 0.791963 -3.634832
v 0.562962 1.139355 -3.394335
v 0.532930 0.771435 -3.605180
v 0.532930 1.118827 -3.364684
v 0.510614 0.748016 -3.571351
v 0.510614 1.095407 -3.330854
v 0.496872 0.722604 -3.534644
v 0.496872 1.069996 -3.294147
v 0.492231 0.696176 -3.496470
v 0.492231 1.043568 -3.255974
v 0.496872 0.669749 -3.458297
v 0.496872 1.017141 -3.217800
v 0.510614 0.644337 -3.421590
v 0.510614 0.991729 -3.181093
v 0.532930 0.620917 -3.387761
v 0.532930 0.968309 -3.147264
v 0.562962 0.600390 -3.358109
v 0.562962 0.947782 -3.117613
v 0.599557 0.583543 -3.333775
v 0.599557 0.930935 -3.093278
v 0.641307 0.571025 -3.315693
v 0.641307 0.918417 -3.075196
v 0.686609 0.563317 -3.304558
v 0.686609 0.910709 -3.064061
v 0.733721 0.831639 -3.692143
v 0.733721 1.179031 -3.451646
v 0.686609 0.829036 -3.688383
v 0.686609 1.176428 -3.447886
v 0.641307 0.821327 -3.677248
v 0.641307 1.168719 -3.436752
v 0.599557 0.808809 -3.659166
v 0.599557 1.156201 -3.418669
v 0.562962 0.791963 -3.634832
v 0.562962 1.139355 -3.394335
v 0.532930 0.771435 -3.605180
v 0.532930 1.118827 -3.364684
v 0.510614 0.748016 -3.571351
v 0.510614 1.095407 -3.330854
v 0.496872 0.722604 -3.534644
v 0.496872 1.069996 -3.294147
v 0.492231 0.696176 -3.496470
v 0.492231 1.043568 -3.255974
v 0.496872 0.669749 -3.458297
v 0.496872 1.017141 -3.217800
v 0.510614 0.644337 -3.421590
v 0.510614 0.991729 -3.181093
v 0.532930 0.620917 -3.387761
v 0.532930 0.968309 -3.147264
v 0.562962 0.600390 -3.358109
v 0.562962 0.947782 -3.117613
v 0.599557 0.583543 -3.333775
v 0.599557 0.930935 -3.093278
v 0.641307 0.571025 -3.315693
v 0.641307 0.918417 -3.075196
v 0.686609 0.563317 -3.304558
v 0.686609 0.910709 -3.064061
v 0.970570 1.017141 -3.217800
v 0.970570 0.901344 -3.297966
v 0.970570 0.785546 -3.378131
v 0.970570 0.669749 -3.458297
v 0.956828 0.991729 -3.181093
v 0.956828 0.875932 -3.261259
v 0.956828 0.760134 -3.341424
v 0.956828 0.644337 -3.421590
v 0.934512 0.968309 -3.147264
v 0.934512 0.852512 -3.227430
v 0.934512 0.736715 -3.307595
v 0.934512 0.620917 -3.387761
v 0.904480 0.947782 -3.117613
v 0.904480 0.831985 -3.197778
v 0.904480 0.716187 -3.277944
v 0.904480 0.600390 -3.358109
v 0.867885 0.930935 -3.093278
v 0.867885 0.815138 -3.173444
v 0.867885 0.699341 -3.253609
v 0.867885 0.583543 -3.333775
v 0.826135 0.918417 -3.075196
v 0.826135 0.802620 -3.155362
v 0.826135 0.686823 -3.235527
v 0.826135 0.571025 -3.315693
v 0.780833 0.910709 -3.064061
v 0.780833 0.794911 -3.144227
v 0.780833 0.679114 -3.224392
v 0.780833 0.563317 -3.304558
v 0.733721 0.560714 -3.300798
v 0.733721 0.676511 -3.220633
v 0.733721 0.792309 -3.140467
v 0.733721 0.908106 -3.060301
v 0.975210 0.696176 -3.496470
v 0.975210 0.811974 -3.416305
v 0.975210 0.927771 -3.336139
v 0.975210 1.043568 -3.255974
v 0.970570 0.722604 -3.534644
v 0.970570 0.838401 -3.454479
v 0.970570 0.954198 -3.374313
v 0.970570 1.069996 -3.294147
v 0.956828 0.748016 -3.571351
v 0.956828 0.863813 -3.491185
v 0.956828 0.979610 -3.411020
v 0.956828 1.095407 -3.330854
v 0.934512 0.771435 -3.605180
v 0.934512 0.887233 -3.525015
v 0.934512 1.003030 -3.444849
v 0.934512 1.118827 -3.364684
v 0.904480 0.791963 -3.634832
v 0.904480 0.907760 -3.554666
v 0.904480 1.023557 -3.474501
v 0.904480 1.139355 -3.394335
v 0.867885 0.808809 -3.659166
v 0.867885 0.924607 -3.579000
v 0.867885 1.040404 -3.498835
v 0.867885 1.156201 -3.418669
v 0.826135 0.821327 -3.677248
v 0.826135 0.937125 -3.597083
v 0.826135 1.052922 -3.516917
v 0.826135 1.168719 -3.436752
v 0.780833 0.829036 -3.688383
v 0.780833 0.944833 -3.608217
v 0.780833 1.060630 -3.528052
v 0.780833 1.176428 -3.447886
v 0.733721 0.831639 -3.692143
v 0.733721 0.947436 -3.611977
v 0.733721 1.063233 -3.531812
v 0.733721 1.179031 -3.451646
v 0.686609 0.829036 -3.688383
v 0.686609 0.944833 -3.608217
v 0.686609 1.060630 -3.528052
v 0.686609 1.176428 -3.447886
v 0.641307 0.821327 -3.677248
v 0.641307 0.937125 -3.597083
v 0.641307 1.052922 -3.516917
v 0.641307 1.168719 -3.436752
v 0.599557 0.808809 -3.659166
v 0.599557 0.924607 -3.579000
v 0.599557 1.040404 -3.498835
v 0.599557 1.156201 -3.418669
v 0.562962 0.791963 -3.634832
v 0.562962 0.907760 -3.554666
v 0.562962 1.023557 -3.474501
v 0.562962 1.139355 -3.394335
v 0.532930 0.771435 -3.605180
v 0.532930 0.887233 -3.525015
v 0.532930 1.003030 -3.444849
v 0.532930 1.118827 -3.364684
v 0.510614 0.748016 -3.571351
v 0.510614 0.863813 -3.491185
v 0.510614 0.979610 -3.411020
v 0.510614 1.095407 -3.330854
v 0.496872 0.722604 -3.534644
v 0.496872 0.838401 -3.454479
v 0.496872 0.954198 -3.374313
v 0.496872 1.069996 -3.294147
v 0.492231 0.696176 -3.496470
v 0.492231 0.811974 -3.416305
v 0.492231 0.927771 -3.336139
v 0.492231 1.043568 -3.255974
v 0.496872 0.669749 -3.458297
v 0.496872 0.785546 -3.378131
v 0.496872 0.901344 -3.297966
v 0.496872 1.017141 -3.217800
v 0.510614 0.644337 -3.421590
v 0.510614 0.760134 -3.341424
v 0.510614 0.875932 -3.261259
v 0.510614 0.991729 -3.181093
v 0.532930 0.620917 -3.387761
v 0.532930 0.736715 -3.307595
v 0.532930 0.852512 -3.227430
v 0.532930 0.968309 -3.147264
v 0.562962 0.600390 -3.358109
v 0.562962 0.716187 -3.277944
v 0.562962 0.831985 -3.197778
v 0.562962 0.947782 -3.117613
v 0.599557 0.583543 -3.333775
v 0.599557 0.699341 -3.253609
v 0.599557 0.815138 -3.173444
v 0.599557 0.930935 -3.093278
v 0.641307 0.571025 -3.315693
v 0.641307 0.686823 -3.235527
v 0.641307 0.802620 -3.155362
v 0.641307 0.918417 -3.075196
v 0.686609 0.563317 -3.304558
v 0.686609 0.679114 -3.224392
v 0.686609 0.794911 -3.144227
v 0.686609 0.910709 -3.064061
v -0.763624 1.017141 -3.217800
v -1.000473 0.456905 -3.398281
v -0.763624 1.017141 -3.217800
v -0.957530 0.459278 -3.401708
v -0.763624 1.017141 -3.217800
v -0.916238 0.466304 -3.411857
v -0.763624 0.669749 -3.458297
v -0.878183 0.477714 -3.428339
v -0.777366 0.991729 -3.181093
v -0.844827 0.493070 -3.450520
v -0.817452 0.511781 -3.477547
v -0.763624 0.669749 -3.458297
v -0.797111 0.533128 -3.508382
v -0.777366 0.644337 -3.421590
v -0.784585 0.556291 -3.541841
v -0.799682 0.968309 -3.147264
v -0.780356 0.580379 -3.576636
v -0.777366 0.991729 -3.181093
v -0.784585 0.604468 -3.611431
v -0.797111 0.627630 -3.644889
v -0.799682 0.620917 -3.387761
v -0.817452 0.648978 -3.675725
v -0.829714 0.947782 -3.117613
v -0.844827 0.667688 -3.702752
v -0.763624 0.669749 -3.458297
v -0.878183 0.683044 -3.724933
v -0.777366 0.644337 -3.421590
v -0.916238 0.694454 -3.741415
v -0.829714 0.600390 -3.358109
v -0.957530 0.701480 -3.751564
v -0.866309 0.930935 -3.093278
v -1.000473 0.703853 -3.754991
v -0.799682 0.968309 -3.147264
v -1.043416 0.701480 -3.751564
v -0.777366 0.991729 -3.181093
v -1.084708 0.694454 -3.741415
v -0.866309 0.583543 -3.333775
v -1.122764 0.683044 -3.724933
v -0.908059 0.918417 -3.075196
v -1.156120 0.667688 -3.702752
v -1.183494 0.648978 -3.675725
v -0.799682 0.620917 -3.387761
v -1.203835 0.627630 -3.644889
v -0.908059 0.571025 -3.315693
v -1.216361 0.604468 -3.611431
v -0.953361 0.910709 -3.064061
v -1.220590 0.580379 -3.576636
v -0.829714 0.947782 -3.117613
v -1.216361 0.556291 -3.541841
v -1.203835 0.533128 -3.508382
v -0.953361 0.563317 -3.304558
v -1.183494 0.511781 -3.477547
v -1.000473 0.560714 -3.300798
v -1.156120 0.493070 -3.450520
v -0.777366 0.644337 -3.421590
v -1.122764 0.477714 -3.428339
v -0.829714 0.600390 -3.358109
v -1.084708 0.466304 -3.411857
v -1.000473 0.908106 -3.060301
v -1.043416 0.459278 -3.401708
v -1.000473 0.908106 -3.060301
v -0.953361 1.176428 -3.447886
v -0.953361 1.176428 -3.447886
v -1.000473 0.560714 -3.300798
v -0.953361 0.563317 -3.304558
v -0.953361 0.829036 -3.688383
v -0.953361 0.910709 -3.064061
v -0.908059 0.571025 -3.315693
v -0.908059 1.168719 -3.436752
v -0.908059 0.918417 -3.075196
v -0.866309 0.583543 -3.333775
v -0.953361 0.829036 -3.688383
v -0.908059 0.821327 -3.677248
v -0.866309 0.930935 -3.093278
v -0.829714 0.600390 -3.358109
v -0.866309 1.156201 -3.418669
v -0.908059 1.168719 -3.436752
v -0.829714 0.947782 -3.117613
v -0.799682 0.620917 -3.387761
v -0.866309 0.808809 -3.659166
v -0.799682 0.968309 -3.147264
v -0.777366 0.644337 -3.421590
v -0.829714 1.139355 -3.394335
v -0.777366 0.991729 -3.181093
v -0.763624 0.669749 -3.458297
v -0.908059 0.821327 -3.677248
v -0.829714 0.791963 -3.634832
v -0.763624 1.017141 -3.217800
v -0.758984 0.696176 -3.496470
v -0.799682 1.118827 -3.364684
v -0.866309 1.156201 -3.418669
v -0.758984 1.043568 -3.255974
v -0.763624 0.722604 -3.534644
v -0.799682 0.771435 -3.605180
v -0.763624 1.069996 -3.294147
v -0.777366 0.748016 -3.571351
v -0.777366 1.095407 -3.330854
v -0.777366 1.095407 -3.330854
v -0.799682 0.771435 -3.605180
v -0.866309 0.808809 -3.659166
v -0.777366 0.748016 -3.571351
v -0.799682 1.118827 -3.364684
v -0.829714 0.791963 -3.634832
v -0.763624 1.069996 -3.294147
v -0.829714 1.139355 -3.394335
v -0.829714 1.139355 -3.394335
v -0.866309 0.808809 -3.659166
v -0.763624 0.722604 -3.534644
v -0.866309 1.156201 -3.418669
v -0.908059 0.821327 -3.677248
v -0.758984 1.043568 -3.255974
v -0.908059 1.168719 -3.436752
v -0.953361 0.829036 -3.688383
v -0.829714 0.791963 -3.634832
v -0.758984 0.696176 -3.496470
v -0.953361 1.176428 -3.447886
v -1.000473 0.831639 -3.692143
v -1.000473 0.908106 -3.060301
v -0.799682 1.118827 -3.364684
v -1.000473 1.179031 -3.451646
v -1.047585 0.829036 -3.688383
v -1.000473 0.560714 -3.300798
v -1.047585 1.176428 -3.447886
v -1.092887 0.821327 -3.677248
v -0.953361 0.563317 -3.304558
v -1.092887 1.168719 -3.436752
v -1.134637 0.808809 -3.659166
v -0.799682 0.771435 -3.605180
v -0.953361 0.910709 -3.064061
v -1.134637 1.156201 -3.418669
v -1.171232 0.791963 -3.634832
v -0.908059 0.571025 -3.315693
v -0.777366 1.095407 -3.330854
v -1.171232 1.139355 -3.394335
v -1.201264 0.771435 -3.605180
v -0.908059 0.918417 -3.075196
v -1.201264 1.118827 -3.364684
v -1.223580 0.748016 -3.571351
v -0.866309 0.583543 -3.333775
v -1.223580 1.095407 -3.330854
v -1.237322 0.722604 -3.534644
v -0.777366 0.748016 -3.571351
v -0.866309 0.930935 -3.093278
v -1.237322 1.069996 -3.294147
v -1.241962 0.696176 -3.496470
v -0.829714 0.600390 -3.358109
v -0.763624 1.069996 -3.294147
v -1.241962 1.043568 -3.255974
v -1.237322 0.669749 -3.458297
v -0.829714 0.947782 -3.117613
v -1.237322 1.017141 -3.217800
v -1.223580 0.644337 -3.421590
v -0.799682 0.620917 -3.387761
v -1.223580 0.991729 -3.181093
v -1.201264 0.620917 -3.387761
v -0.763624 0.722604 -3.534644
v -0.799682 0.968309 -3.147264
v -1.201264 0.968309 -3.147264
v -1.171232 0.600390 -3.358109
v -0.777366 0.644337 -3.421590
v -0.758984 1.043568 -3.255974
v -1.171232 0.947782 -3.117613
v -1.134637 0.583543 -3.333775
v -0.777366 0.991729 -3.181093
v -1.134637 0.930935 -3.093278
v -1.092887 0.571025 -3.315693
v -0.763624 0.669749 -3.458297
v -1.092887 0.918417 -3.075196
v -1.047585 0.563317 -3.304558
v -0.758984 0.696176 -3.496470
v -0.763624 1.017141 -3.217800
v -1.047585 0.910709 -3.064061
v -1.000473 0.438273 -3.441318
v -0.962436 0.440375 -3.444354
v -0.925860 0.446599 -3.453344
v -0.892152 0.456705 -3.467942
v -0.862607 0.470307 -3.487590
v -0.838359 0.486880 -3.511529
v -0.820342 0.505789 -3.538842
v -0.809247 0.526306 -3.568479
v -0.805501 0.547643 -3.599299
v -0.809247 0.568979 -3.630120
v -0.820342 0.589496 -3.659756
v -0.838359 0.608405 -3.687069
v -0.862607 0.624978 -3.711009
v -0.892152 0.638580 -3.730656
v -0.925860 0.648686 -3.745255
v -0.962436 0.654910 -3.754245
v -1.000473 0.657012 -3.757280
v -1.038510 0.654910 -3.754245
v -1.075086 0.648686 -3.745255
v -1.108794 0.638580 -3.730656
v -1.138340 0.624978 -3.711009
v -1.162587 0.608405 -3.687069
v -1.180604 0.589496 -3.659756
v -1.191699 0.568979 -3.630120
v -1.195446 0.547643 -3.599299
v -1.191699 0.526306 -3.568479
v -1.180604 0.505789 -3.538842
v -1.162587 0.486880 -3.511529
v -1.138340 0.470307 -3.487590
v -1.108794 0.456705 -3.467942
v -1.075086 0.446599 -3.453344
v -1.038510 0.440375 -3.444354
v -1.000473 0.436783 -3.479969
v -0.968559 0.438546 -3.482516
v -0.937871 0.443768 -3.490058
v -0.909589 0.452248 -3.502307
v -0.884799 0.463659 -3.518792
v -0.864455 0.477565 -3.538878
v -0.849338 0.493430 -3.561794
v -0.840029 0.510644 -3.586660
v -0.836886 0.528546 -3.612519
v -0.840029 0.546448 -3.638379
v -0.849338 0.563663 -3.663244
v -0.864455 0.579527 -3.686161
v -0.884799 0.593433 -3.706247
v -0.909589 0.604845 -3.722731
v -0.937871 0.613325 -3.734980
v -0.968559 0.618547 -3.742523
v -1.000473 0.620310 -3.745070
v -1.032387 0.618547 -3.742523
v -1.063075 0.613325 -3.734980
v -1.091357 0.604845 -3.722731
v -1.116147 0.593433 -3.706247
v -1.136491 0.579527 -3.686161
v -1.151608 0.563663 -3.663244
v -1.160917 0.546448 -3.638379
v -1.164061 0.528546 -3.612519
v -1.160917 0.510644 -3.586660
v -1.151608 0.493430 -3.561794
v -1.136491 0.477565 -3.538878
v -1.116147 0.463659 -3.518792
v -1.091357 0.452248 -3.502307
v -1.063075 0.443768 -3.490058
v -1.032387 0.438546 -3.482516
v -1.000473 0.436783 -3.479969
v -0.968559 0.438546 -3.482516
v -0.937871 0.443768 -3.490058
v -0.909589 0.452248 -3.502307
v -0.884799 0.463659 -3.518792
v -0.864455 0.477565 -3.538878
v -0.849338 0.493430 -3.561794
v -0.840029 0.510644 -3.586660
v -0.836886 0.528546 -3.612519
v -0.840029 0.546448 -3.638379
v -0.849338 0.563663 -3.663244
v -0.864455 0.579527 -3.686161
v -0.884799 0.593433 -3.706247
v -0.909589 0.604845 -3.722731
v -0.937871 0.613325 -3.734980
v -0.968559 0.618547 -3.742523
v -1.000473 0.620310 -3.745070
v -1.032387 0.618547 -3.742523
v -1.063075 0.613325 -3.734980
v -1.091357 0.604845 -3.722731
v -1.116147 0.593433 -3.706247
v -1.136491 0.579527 -3.686161
v -1.151608 0.563663 -3.663244
v -1.160917 0.546448 -3.638379
v -1.164061 0.528546 -3.612519
v -1.160917 0.510644 -3.586660
v -1.151608 0.493430 -3.561794
v -1.136491 0.477565 -3.538878
v -1.116147 0.463659 -3.518792
v -1.091357 0.452248 -3.502307
v -1.063075 0.443768 -3.490058
v -1.032387 0.438546 -3.482516
v -1.000473 0.453223 -3.532863
v -0.979021 0.454408 -3.534575
v -0.958392 0.457918 -3.539645
v -0.939381 0.463618 -3.547879
v -0.922718 0.471289 -3.558959
v -0.909043 0.480637 -3.572461
v -0.898881 0.491301 -3.587865
v -0.892624 0.502872 -3.604580
v -0.890511 0.514906 -3.621962
v -0.892624 0.526940 -3.639345
v -0.898881 0.538511 -3.656059
v -0.909043 0.549175 -3.671463
v -0.922718 0.558522 -3.684965
v -0.939381 0.566193 -3.696046
v -0.958392 0.571894 -3.704280
v -0.979021 0.575404 -3.709350
v -1.000473 0.576589 -3.711062
v -1.021926 0.575404 -3.709350
v -1.042554 0.571894 -3.704280
v -1.061565 0.566193 -3.696046
v -1.078228 0.558522 -3.684965
v -1.091903 0.549175 -3.671463
v -1.102065 0.538511 -3.656059
v -1.108323 0.526940 -3.639345
v -1.110435 0.514906 -3.621962
v -1.108323 0.502872 -3.604580
v -1.102065 0.491301 -3.587865
v -1.091903 0.480637 -3.572461
v -1.078228 0.471289 -3.558959
v -1.061565 0.463618 -3.547879
v -1.042554 0.457918 -3.539645
v -1.021926 0.454408 -3.534575
v -1.000473 1.201883 -3.027374
v -0.981104 1.202954 -3.028919
v -0.962480 1.206123 -3.033497
v -0.945315 1.211269 -3.040931
v -0.930271 1.218195 -3.050935
v -0.917924 1.226634 -3.063126
v -0.908749 1.236263 -3.077034
v -0.903099 1.246710 -3.092124
v -0.901192 1.257575 -3.107819
v -0.903099 1.268440 -3.123513
v -0.908749 1.278887 -3.138604
v -0.917924 1.288515 -3.152512
v -0.930271 1.296955 -3.164702
v -0.945315 1.303881 -3.174706
v -0.962480 1.309027 -3.182140
v -0.981104 1.312196 -3.186718
v -1.000473 1.313266 -3.188264
v -1.019842 1.312196 -3.186718
v -1.038466 1.309027 -3.182140
v -1.055631 1.303881 -3.174706
v -1.070676 1.296955 -3.164702
v -1.083023 1.288515 -3.152512
v -1.092197 1.278887 -3.138604
v -1.097847 1.268440 -3.123513
v -1.099754 1.257575 -3.107819
v -1.097847 1.246710 -3.092124
v -1.092197 1.236263 -3.077034
v -1.083023 1.226634 -3.063126
v -1.070676 1.218195 -3.050935
v -1.055631 1.211269 -3.040931
v -1.038466 1.206123 -3.033497
v -1.019842 1.202954 -3.028919
v -1.000473 1.325074 -2.966322
v -0.985048 1.325926 -2.967553
v -0.970216 1.328450 -2.971199
v -0.956547 1.332548 -2.977119
v -0.944566 1.338064 -2.985086
v -0.934733 1.344785 -2.994794
v -0.927427 1.352452 -3.005870
v -0.922928 1.360772 -3.017888
v -0.921409 1.369425 -3.030386
v -0.922928 1.378077 -3.042884
v -0.927427 1.386397 -3.054902
v -0.934733 1.394065 -3.065978
v -0.944566 1.400785 -3.075686
v -0.956547 1.406301 -3.083653
v -0.970216 1.410400 -3.089573
v -0.985048 1.412923 -3.093219
v -1.000473 1.413776 -3.094450
v -1.015898 1.412923 -3.093219
v -1.030730 1.410400 -3.089573
v -1.044399 1.406301 -3.083653
v -1.056380 1.400785 -3.075686
v -1.066213 1.394065 -3.065978
v -1.073519 1.386397 -3.054902
v -1.078019 1.378077 -3.042884
v -1.079538 1.369425 -3.030386
v -1.078019 1.360772 -3.017888
v -1.073519 1.352452 -3.005870
v -1.066213 1.344785 -2.994794
v -1.056380 1.338064 -2.985086
v -1.044399 1.332548 -2.977119
v -1.030730 1.328450 -2.971199
v -1.015898 1.325926 -2.967553
v -1.000473 1.313733 -2.949941
v -0.981104 1.314803 -2.951487
v -0.962480 1.317972 -2.956064
v -0.945315 1.323119 -2.963498
v -0.930271 1.330045 -2.973503
v -0.917924 1.338484 -2.985693
v -0.908749 1.348112 -2.999601
v -0.903099 1.358560 -3.014692
v -0.901192 1.369425 -3.030386
v -0.903099 1.380290 -3.046080
v -0.908749 1.390737 -3.061171
v -0.917924 1.400365 -3.075079
v -0.930271 1.408804 -3.087269
v -0.945315 1.415730 -3.097274
v -0.962480 1.420877 -3.104707
v -0.981104 1.424046 -3.109285
v -1.000473 1.425116 -3.110831
v -1.019842 1.424046 -3.109285
v -1.038466 1.420877 -3.104707
v -1.055631 1.415730 -3.097274
v -1.070676 1.408804 -3.087269
v -1.083023 1.400365 -3.075079
v -1.092197 1.390737 -3.061171
v -1.097847 1.380290 -3.046080
v -1.099754 1.369425 -3.030386
v -1.097847 1.358560 -3.014692
v -1.092197 1.348112 -2.999601
v -1.083023 1.338484 -2.985693
v -1.070676 1.330045 -2.973503
v -1.055631 1.323119 -2.963498
v -1.038466 1.317972 -2.956064
v -1.019842 1.314803 -2.951487
v -1.000473 1.200689 -3.052433
v -0.985048 1.201541 -3.053664
v -0.970216 1.204065 -3.057309
v -0.956547 1.208163 -3.063230
v -0.944566 1.213679 -3.071197
v -0.934733 1.220400 -3.080904
v -0.927427 1.228067 -3.091980
v -0.922928 1.236387 -3.103998
v -0.921409 1.245040 -3.116497
v -0.922928 1.253692 -3.128995
v -0.927427 1.262012 -3.141013
v -0.934733 1.269680 -3.152089
v -0.944566 1.276400 -3.161797
v -0.956547 1.281916 -3.169764
v -0.970216 1.286015 -3.175684
v -0.985048 1.288538 -3.179330
v -1.000473 1.289391 -3.180561
v -1.015898 1.288538 -3.179330
v -1.030730 1.286015 -3.175684
v -1.044399 1.281916 -3.169764
v -1.056380 1.276400 -3.161797
v -1.066213 1.269680 -3.152089
v -1.073519 1.262012 -3.141013
v -1.078019 1.253692 -3.128995
v -1.079538 1.245040 -3.116497
v -1.078019 1.236387 -3.103998
v -1.073519 1.228067 -3.091980
v -1.066213 1.220400 -3.080904
v -1.056380 1.213679 -3.071197
v -1.044399 1.208163 -3.063230
v -1.030730 1.204065 -3.057309
v -1.015898 1.201541 -3.053664
v -1.000473 1.200689 -3.052433
v -0.985048 1.201541 -3.053664
v -0.970216 1.204065 -3.057309
v -0.956547 1.208163 -3.063230
v -0.944566 1.213679 -3.071197
v -0.934733 1.220400 -3.080904
v -0.927427 1.228067 -3.091980
v -0.922928 1.236387 -3.103998
v -0.921409 1.245040 -3.116497
v -0.922928 1.253692 -3.128995
v -0.927427 1.262012 -3.141013
v -0.934733 1.269680 -3.152089
v -0.944566 1.276400 -3.161797
v -0.956547 1.281916 -3.169764
v -0.970216 1.286015 -3.175684
v -0.985048 1.288538 -3.179330
v -1.000473 1.289391 -3.180561
v -1.015898 1.288538 -3.179330
v -1.030730 1.286015 -3.175684
v -1.044399 1.281916 -3.169764
v -1.056380 1.276400 -3.161797
v -1.066213 1.269680 -3.152089
v -1.073519 1.262012 -3.141013
v -1.078019 1.253692 -3.128995
v -1.079538 1.245040 -3.116497
v -1.078019 1.236387 -3.103998
v -1.073519 1.228067 -3.091980
v -1.066213 1.220400 -3.080904
v -1.056380 1.213679 -3.071197
v -1.044399 1.208163 -3.063230
v -1.030730 1.204065 -3.057309
v -1.015898 1.201541 -3.053664
v -1.000473 1.200689 -3.052433
v -0.985048 1.201541 -3.053664
v -0.970216 1.204065 -3.057309
v -0.956547 1.208163 -3.063230
v -0.944566 1.213679 -3.071197
v -0.934733 1.220400 -3.080904
v -0.927427 1.228067 -3.091980
v -0.922928 1.236387 -3.103998
v -0.921409 1.245040 -3.116497
v -0.922928 1.253692 -3.128995
v -0.927427 1.262012 -3.141013
v -0.934733 1.269680 -3.152089
v -0.944566 1.276400 -3.161797
v -0.956547 1.281916 -3.169764
v -0.970216 1.286015 -3.175684
v -0.985048 1.288538 -3.179330
v -1.000473 1.289391 -3.180561
v -1.015898 1.288538 -3.179330
v -1.030730 1.286015 -3.175684
v -1.044399 1.281916 -3.169764
v -1.056380 1.276400 -3.161797
v -1.066213 1.269680 -3.152089
v -1.073519 1.262012 -3.141013
v -1.078019 1.253692 -3.128995
v -1.079538 1.245040 -3.116497
v -1.078019 1.236387 -3.103998
v -1.073519 1.228067 -3.091980
v -1.066213 1.220400 -3.080904
v -1.056380 1.213679 -3.071197
v -1.044399 1.208163 -3.063230
v -1.030730 1.204065 -3.057309
v -1.015898 1.201541 -3.053664
v -1.000473 1.037290 -2.996775
v -0.957577 1.039660 -3.000198
v -0.916330 1.046679 -3.010336
v -0.878317 1.058077 -3.026800
v -0.844998 1.073415 -3.048956
v -0.817653 1.092106 -3.075954
v -0.797334 1.113429 -3.106755
v -0.784822 1.136567 -3.140177
v -0.780597 1.160629 -3.174934
v -0.784822 1.184691 -3.209691
v -0.797334 1.207828 -3.243113
v -0.817653 1.229152 -3.273914
v -0.844998 1.247842 -3.300912
v -0.878317 1.263181 -3.323068
v -0.916330 1.274578 -3.339532
v -0.957577 1.281597 -3.349670
v -1.000473 1.283967 -3.353093
v -1.043369 1.281597 -3.349670
v -1.084616 1.274578 -3.339532
v -1.122630 1.263181 -3.323068
v -1.155949 1.247842 -3.300912
v -1.183293 1.229152 -3.273914
v -1.203612 1.207828 -3.243113
v -1.216124 1.184691 -3.209691
v -1.220349 1.160629 -3.174934
v -1.216124 1.136567 -3.140177
v -1.203612 1.113429 -3.106755
v -1.183293 1.092106 -3.075954
v -1.155949 1.073415 -3.048956
v -1.122630 1.058077 -3.026800
v -1.084616 1.046679 -3.010336
v -1.043369 1.039660 -3.000198
v -1.000473 0.573797 -3.317647
v -0.957577 0.576167 -3.321070
v -0.916330 0.583186 -3.331208
v -0.878317 0.594584 -3.347672
v -0.844998 0.609922 -3.369828
v -0.817653 0.628613 -3.396826
v -0.797334 0.649936 -3.427628
v -0.784822 0.673074 -3.461049
v -0.780597 0.697136 -3.495806
v -0.784822 0.721198 -3.530563
v -0.797334 0.744335 -3.563985
v -0.817653 0.765659 -3.594786
v -0.844998 0.784349 -3.621784
v -0.878317 0.799688 -3.643940
v -0.916330 0.811085 -3.660404
v -0.957577 0.818104 -3.670542
v -1.000473 0.820474 -3.673966
v -1.043369 0.818104 -3.670542
v -1.084616 0.811085 -3.660404
v -1.122629 0.799688 -3.643940
v -1.155949 0.784349 -3.621784
v -1.183293 0.765659 -3.594786
v -1.203612 0.744335 -3.563985
v -1.216124 0.721198 -3.530564
v -1.220349 0.697136 -3.495806
v -1.216124 0.673074 -3.461049
v -1.203612 0.649936 -3.427628
v -1.183293 0.628613 -3.396826
v -1.155949 0.609922 -3.369828
v -1.122629 0.594584 -3.347672
v -1.084616 0.583186 -3.331208
v -1.043369 0.576167 -3.321070
v -1.000473 0.573797 -3.317647
v -0.957577 0.576167 -3.321070
v -0.916330 0.583186 -3.331208
v -0.878317 0.594584 -3.347672
v -0.844998 0.609922 -3.369828
v -0.817653 0.628613 -3.396826
v -0.797334 0.649936 -3.427628
v -0.784822 0.673074 -3.461049
v -0.780597 0.697136 -3.495806
v -0.784822 0.721198 -3.530563
v -0.797334 0.744335 -3.563985
v -0.817653 0.765659 -3.594786
v -0.844998 0.784349 -3.621784
v -0.878317 0.799688 -3.643940
v -0.916330 0.811085 -3.660404
v -0.957577 0.818104 -3.670542
v -1.000473 0.820474 -3.673966
v -1.043369 0.818104 -3.670542
v -1.084616 0.811085 -3.660404
v -1.122629 0.799688 -3.643940
v -1.155949 0.784349 -3.621784
v -1.183293 0.765659 -3.594786
v -1.203612 0.744335 -3.563985
v -1.216124 0.721198 -3.530564
v -1.220349 0.697136 -3.495806
v -1.216124 0.673074 -3.461049
v -1.203612 0.649936 -3.427628
v -1.183293 0.628613 -3.396826
v -1.155949 0.609922 -3.369828
v -1.122629 0.594584 -3.347672
v -1.084616 0.583186 -3.331208
v -1.043369 0.576167 -3.321070
v -1.000473 0.465808 -3.410892
v -0.960586 0.468012 -3.414076
v -0.922232 0.474538 -3.423503
v -0.886885 0.485136 -3.438812
v -0.855903 0.499399 -3.459414
v -0.830476 0.516778 -3.484518
v -0.811583 0.536606 -3.513159
v -0.799948 0.558121 -3.544236
v -0.796020 0.580495 -3.576555
v -0.799948 0.602869 -3.608875
v -0.811583 0.624384 -3.639952
v -0.830476 0.644212 -3.668593
v -0.855903 0.661591 -3.693697
v -0.886885 0.675854 -3.714299
v -0.922232 0.686452 -3.729608
v -0.960586 0.692979 -3.739035
v -1.000473 0.695182 -3.742219
v -1.040360 0.692979 -3.739035
v -1.078714 0.686452 -3.729608
v -1.114061 0.675854 -3.714299
v -1.145043 0.661591 -3.693697
v -1.170470 0.644212 -3.668593
v -1.189363 0.624384 -3.639952
v -1.200998 0.602869 -3.608875
v -1.204926 0.580495 -3.576555
v -1.200998 0.558121 -3.544236
v -1.189363 0.536606 -3.513159
v -1.170470 0.516778 -3.484518
v -1.145043 0.499399 -3.459414
v -1.114061 0.485136 -3.438812
v -1.078714 0.474538 -3.423503
v -1.040360 0.468012 -3.414076
v -1.000473 0.449804 -3.456643
v -0.966229 0.451696 -3.459375
v -0.933302 0.457299 -3.467469
v -0.902955 0.466398 -3.480612
v -0.876356 0.478643 -3.498299
v -0.854527 0.493563 -3.519852
v -0.838307 0.510586 -3.544441
v -0.828318 0.529057 -3.571121
v -0.824945 0.548265 -3.598868
v -0.828318 0.567474 -3.626615
v -0.838307 0.585945 -3.653295
v -0.854527 0.602968 -3.677884
v -0.876356 0.617888 -3.699436
v -0.902955 0.630133 -3.717124
v -0.933302 0.639232 -3.730267
v -0.966229 0.644835 -3.738360
v -1.000473 0.646727 -3.741093
v -1.034717 0.644835 -3.738360
v -1.067644 0.639232 -3.730267
v -1.097991 0.630133 -3.717124
v -1.124590 0.617888 -3.699436
v -1.146419 0.602968 -3.677884
v -1.162639 0.585945 -3.653295
v -1.172628 0.567474 -3.626615
v -1.176001 0.548265 -3.598868
v -1.172628 0.529056 -3.571121
v -1.162639 0.510586 -3.544441
v -1.146419 0.493563 -3.519852
v -1.124590 0.478643 -3.498299
v -1.097991 0.466398 -3.480612
v -1.067644 0.457299 -3.467469
v -1.034717 0.451696 -3.459375
v -1.000473 0.450106 -3.457078
v -0.966334 0.451992 -3.459803
v -0.933507 0.457578 -3.467872
v -0.903254 0.466649 -3.480974
v -0.876737 0.478856 -3.498608
v -0.854975 0.493731 -3.520094
v -0.838804 0.510701 -3.544607
v -0.828846 0.529115 -3.571206
v -0.825484 0.548265 -3.598868
v -0.828846 0.567415 -3.626530
v -0.838804 0.585829 -3.653128
v -0.854975 0.602800 -3.677642
v -0.876737 0.617675 -3.699128
v -0.903254 0.629882 -3.716761
v -0.933507 0.638953 -3.729864
v -0.966334 0.644539 -3.737933
v -1.000473 0.646425 -3.740657
v -1.034612 0.644539 -3.737933
v -1.067439 0.638953 -3.729864
v -1.097692 0.629882 -3.716761
v -1.124209 0.617675 -3.699128
v -1.145971 0.602800 -3.677642
v -1.162142 0.585829 -3.653128
v -1.172100 0.567415 -3.626530
v -1.175462 0.548265 -3.598868
v -1.172100 0.529115 -3.571206
v -1.162142 0.510701 -3.544607
v -1.145971 0.493731 -3.520094
v -1.124209 0.478856 -3.498608
v -1.097692 0.466649 -3.480974
v -1.067439 0.457578 -3.467872
v -1.034612 0.451992 -3.459803
v -1.000473 0.458691 -3.508833
v -0.975725 0.460058 -3.510808
v -0.951929 0.464108 -3.516657
v -0.929998 0.470683 -3.526155
v -0.910775 0.479533 -3.538938
v -0.894999 0.490316 -3.554513
v -0.883277 0.502618 -3.572284
v -0.876058 0.515966 -3.591565
v -0.873621 0.529849 -3.611618
v -0.876058 0.543731 -3.631670
v -0.883277 0.557079 -3.650952
v -0.894999 0.569381 -3.668722
v -0.910775 0.580164 -3.684298
v -0.929998 0.589014 -3.697081
v -0.951929 0.595589 -3.706579
v -0.975725 0.599639 -3.712428
v -1.000473 0.601006 -3.714403
v -1.025221 0.599639 -3.712428
v -1.049017 0.595589 -3.706579
v -1.070948 0.589014 -3.697081
v -1.090171 0.580164 -3.684298
v -1.105947 0.569381 -3.668722
v -1.117669 0.557079 -3.650952
v -1.124888 0.543731 -3.631670
v -1.127325 0.529849 -3.611618
v -1.124888 0.515966 -3.591565
v -1.117669 0.502618 -3.572284
v -1.105947 0.490316 -3.554513
v -1.090171 0.479533 -3.538938
v -1.070948 0.470683 -3.526155
v -1.049017 0.464108 -3.516657
v -1.025221 0.460058 -3.510808
v -1.000473 1.048760 -2.986733
v -1.000473 0.996526 -2.999089
v -1.000473 1.032664 -2.985974
v -1.000473 1.013544 -2.990497
v -0.953361 0.999128 -3.002849
v -0.957236 1.051149 -2.990184
v -0.953880 1.016119 -2.994215
v -0.955298 1.035159 -2.989579
v -0.908059 1.006837 -3.013984
v -0.915660 1.058223 -3.000403
v -0.909077 1.023742 -3.005227
v -0.911859 1.042551 -3.000256
v -0.866309 1.019355 -3.032066
v -0.877343 1.069712 -3.016998
v -0.867787 1.036122 -3.023110
v -0.871826 1.054554 -3.017595
v -0.829714 1.036201 -3.056400
v -0.843758 1.085173 -3.039331
v -0.831596 1.052783 -3.047176
v -0.836736 1.070708 -3.040928
v -0.799682 1.056729 -3.086052
v -0.816196 1.104012 -3.066544
v -0.801895 1.073085 -3.076501
v -0.807939 1.090391 -3.069360
v -0.777366 1.080149 -3.119881
v -0.795715 1.125506 -3.097591
v -0.779824 1.096246 -3.109957
v -0.786541 1.112848 -3.101799
v -0.763624 1.105560 -3.156588
v -0.783103 1.148827 -3.131279
v -0.766234 1.121378 -3.146260
v -0.773364 1.137215 -3.136996
v -0.758984 1.131988 -3.194762
v -0.778845 1.173081 -3.166313
v -0.761645 1.147514 -3.184013
v -0.768914 1.162556 -3.173600
v -0.763624 1.158415 -3.232935
v -0.783103 1.197335 -3.201347
v -0.766234 1.173651 -3.221766
v -0.773364 1.187896 -3.210204
v -0.777366 1.183827 -3.269642
v -0.795715 1.220657 -3.235035
v -0.779824 1.198782 -3.258069
v -0.786541 1.212263 -3.245401
v -0.799682 1.207247 -3.303472
v -0.816196 1.242151 -3.266082
v -0.801895 1.221944 -3.291525
v -0.807939 1.234720 -3.277839
v -0.829714 1.227774 -3.333123
v -0.843758 1.260990 -3.293295
v -0.831596 1.242245 -3.320850
v -0.836736 1.254403 -3.306272
v -0.866309 1.244621 -3.357457
v -0.877343 1.276451 -3.315628
v -0.867787 1.258906 -3.344916
v -0.871826 1.270557 -3.329605
v -0.908059 1.257139 -3.375539
v -0.915660 1.287940 -3.332223
v -0.909077 1.271286 -3.362799
v -0.911859 1.282560 -3.346944
v -0.953361 1.264847 -3.386674
v -0.957236 1.295014 -3.342442
v -0.953880 1.278910 -3.373811
v -0.955298 1.289952 -3.357621
v -1.000473 1.267450 -3.390434
v -1.000473 1.297403 -3.345893
v -1.000473 1.281484 -3.377529
v -1.000473 1.292447 -3.361226
v -1.047585 1.264847 -3.386674
v -1.043711 1.295014 -3.342442
v -1.047066 1.278910 -3.373811
v -1.045648 1.289952 -3.357621
v -1.092887 1.257139 -3.375539
v -1.085287 1.287940 -3.332223
v -1.091869 1.271286 -3.362799
v -1.089087 1.282560 -3.346944
v -1.134637 1.244621 -3.357457
v -1.123603 1.276451 -3.315628
v -1.133159 1.258906 -3.344916
v -1.129120 1.270557 -3.329605
v -1.171232 1.227774 -3.333123
v -1.157188 1.260990 -3.293295
v -1.169350 1.242245 -3.320850
v -1.164210 1.254403 -3.306272
v -1.201264 1.207247 -3.303472
v -1.184751 1.242151 -3.266082
v -1.199052 1.221944 -3.291525
v -1.193007 1.234720 -3.277839
v -1.223580 1.183827 -3.269642
v -1.205231 1.220657 -3.235035
v -1.221122 1.198782 -3.258069
v -1.214406 1.212263 -3.245401
v -1.237322 1.158415 -3.232935
v -1.217843 1.197335 -3.201347
v -1.234713 1.173651 -3.221766
v -1.227583 1.187896 -3.210204
v -1.241962 1.131988 -3.194762
v -1.222102 1.173081 -3.166313
v -1.239302 1.147514 -3.184013
v -1.232032 1.162556 -3.173600
v -1.237322 1.105560 -3.156588
v -1.217843 1.148827 -3.131279
v -1.234713 1.121378 -3.146260
v -1.227583 1.137215 -3.136996
v -1.223580 1.080149 -3.119881
v -1.205231 1.125506 -3.097591
v -1.221122 1.096246 -3.109957
v -1.214406 1.112848 -3.101799
v -1.201264 1.056729 -3.086052
v -1.184751 1.104012 -3.066544
v -1.199052 1.073085 -3.076501
v -1.193007 1.090391 -3.069360
v -1.171232 1.036201 -3.056400
v -1.157188 1.085173 -3.039331
v -1.169350 1.052783 -3.047176
v -1.164210 1.070708 -3.040928
v -1.134637 1.019355 -3.032066
v -1.123603 1.069712 -3.016998
v -1.133159 1.036122 -3.023110
v -1.129120 1.054554 -3.017595
v -1.092887 1.006837 -3.013984
v -1.085287 1.058223 -3.000403
v -1.091869 1.023742 -3.005227
v -1.089087 1.042551 -3.000256
v -1.047585 0.999128 -3.002849
v -1.043711 1.051149 -2.990184
v -1.047066 1.016119 -2.994215
v -1.045648 1.035159 -2.989579
v -0.758984 0.696176 -3.496470
v -0.866309 0.930935 -3.093278
v -0.799682 0.968309 -3.147264
v -0.758984 1.043568 -3.255974
v -0.763624 0.722604 -3.534644
v -0.866309 0.583543 -3.333775
v -0.763624 1.069996 -3.294147
v -0.777366 0.748016 -3.571351
v -0.908059 0.918417 -3.075196
v -0.777366 1.095407 -3.330854
v -0.799682 0.771435 -3.605180
v -0.799682 0.620917 -3.387761
v -0.908059 0.571025 -3.315693
v -0.799682 1.118827 -3.364684
v -0.829714 0.791963 -3.634832
v -0.953361 0.910709 -3.064061
v -0.829714 0.947782 -3.117613
v -0.829714 1.139355 -3.394335
v -0.866309 0.808809 -3.659166
v -0.953361 0.563317 -3.304558
v -0.866309 1.156201 -3.418669
v -0.908059 0.821327 -3.677248
v -1.000473 0.560714 -3.300798
v -0.908059 1.168719 -3.436752
v -0.953361 0.829036 -3.688383
v -0.829714 0.600390 -3.358109
v -1.000473 0.908106 -3.060301
v -0.953361 1.176428 -3.447886
v -1.000473 0.831639 -3.692143
v -0.758984 0.696176 -3.496470
v -0.866309 0.930935 -3.093278
v -1.000473 1.179031 -3.451646
v -1.047585 0.829036 -3.688383
v -0.758984 1.043568 -3.255974
v -1.047585 1.176428 -3.447886
v -1.092887 0.821327 -3.677248
v -0.763624 0.722604 -3.534644
v -1.092887 1.168719 -3.436752
v -1.134637 0.808809 -3.659166
v -0.866309 0.583543 -3.333775
v -0.763624 1.069996 -3.294147
v -1.134637 1.156201 -3.418669
v -1.171232 0.791963 -3.634832
v -0.777366 0.748016 -3.571351
v -0.908059 0.918417 -3.075196
v -1.171232 1.139355 -3.394335
v -1.201264 0.771435 -3.605180
v -0.777366 1.095407 -3.330854
v -1.201264 1.118827 -3.364684
v -1.223580 0.748016 -3.571351
v -0.799682 0.771435 -3.605180
v -1.223580 1.095407 -3.330854
v -1.237322 0.722604 -3.534644
v -0.908059 0.571025 -3.315693
v -0.799682 1.118827 -3.364684
v -1.237322 1.069996 -3.294147
v -1.241962 0.696176 -3.496470
v -0.829714 0.791963 -3.634832
v -0.953361 0.910709 -3.064061
v -1.241962 1.043568 -3.255974
v -1.237322 0.669749 -3.458297
v -0.829714 1.139355 -3.394335
v -1.237322 1.017141 -3.217800
v -1.223580 0.644337 -3.421590
v -0.866309 0.808809 -3.659166
v -1.223580 0.991729 -3.181093
v -1.201264 0.620917 -3.387761
v -0.953361 0.563317 -3.304558
v -0.866309 1.156201 -3.418669
v -1.201264 0.968309 -3.147264
v -1.171232 0.600390 -3.358109
v -0.908059 0.821327 -3.677248
v -1.000473 0.560714 -3.300798
v -1.171232 0.947782 -3.117613
v -1.134637 0.583543 -3.333775
v -0.908059 1.168719 -3.436752
v -1.134637 0.930935 -3.093278
v -1.092887 0.571025 -3.315693
v -0.953361 0.829036 -3.688383
v -1.092887 0.918417 -3.075196
v -1.047585 0.563317 -3.304558
v -1.000473 0.908106 -3.060301
v -0.953361 1.176428 -3.447886
v -1.047585 0.910709 -3.064061
v -1.000473 0.831639 -3.692143
v -1.000473 0.908106 -3.060301
v -1.000473 1.179031 -3.451646
v -1.047585 0.829036 -3.688383
v -1.000473 0.560714 -3.300798
v -1.047585 1.176428 -3.447886
v -1.092887 0.821327 -3.677248
v -0.953361 0.563317 -3.304558
v -1.092887 1.168719 -3.436752
v -1.134637 0.808809 -3.659166
v -0.953361 0.910709 -3.064061
v -1.134637 1.156201 -3.418669
v -1.171232 0.791963 -3.634832
v -0.908059 0.571025 -3.315693
v -1.171232 1.139355 -3.394335
v -1.201264 0.771435 -3.605180
v -0.908059 0.918417 -3.075196
v -1.201264 1.118827 -3.364684
v -1.223580 0.748016 -3.571351
v -0.866309 0.583543 -3.333775
v -1.223580 1.095407 -3.330854
v -1.237322 0.722604 -3.534644
v -0.866309 0.930935 -3.093278
v -1.237322 1.069996 -3.294147
v -1.241962 0.696176 -3.496470
v -0.829714 0.600390 -3.358109
v -1.241962 1.043568 -3.255974
v -1.237322 0.669749 -3.458297
v -0.829714 0.947782 -3.117613
v -1.237322 1.017141 -3.217800
v -1.223580 0.644337 -3.421590
v -0.799682 0.620917 -3.387761
v -1.223580 0.991729 -3.181093
v -1.201264 0.620917 -3.387761
v -0.799682 0.968309 -3.147264
v -1.201264 0.968309 -3.147264
v -1.171232 0.600390 -3.358109
v -0.777366 0.644337 -3.421590
v -1.171232 0.947782 -3.117613
v -1.134637 0.583543 -3.333775
v -0.777366 0.991729 -3.181093
v -1.134637 0.930935 -3.093278
v -1.092887 0.571025 -3.315693
v -0.763624 0.669749 -3.458297
v -1.092887 0.918417 -3.075196
v -1.047585 0.563317 -3.304558
v -0.763624 1.017141 -3.217800
v -1.047585 0.910709 -3.064061
v -1.000473 0.831639 -3.692143
v -0.758984 0.696176 -3.496470
v -1.000473 1.179031 -3.451646
v -1.047585 0.829036 -3.688383
v -0.758984 1.043568 -3.255974
v -1.047585 1.176428 -3.447886
v -1.092887 0.821327 -3.677248
v -0.763624 0.722604 -3.534644
v -1.092887 1.168719 -3.436752
v -1.134637 0.808809 -3.659166
v -0.763624 1.069996 -3.294147
v -1.134637 1.156201 -3.418669
v -1.171232 0.791963 -3.634832
v -0.777366 0.748016 -3.571351
v -1.171232 1.139355 -3.394335
v -1.201264 0.771435 -3.605180
v -0.777366 1.095407 -3.330854
v -1.201264 1.118827 -3.364684
v -1.223580 0.748016 -3.571351
v -0.799682 0.771435 -3.605180
v -1.223580 1.095407 -3.330854
v -1.237322 0.722604 -3.534644
v -0.799682 1.118827 -3.364684
v -1.237322 1.069996 -3.294147
v -1.241962 0.696176 -3.496470
v -0.829714 0.791963 -3.634832
v -1.241962 1.043568 -3.255974
v -1.237322 0.669749 -3.458297
v -0.829714 1.139355 -3.394335
v -1.237322 1.017141 -3.217800
v -1.223580 0.644337 -3.421590
v -0.866309 0.808809 -3.659166
v -1.223580 0.991729 -3.181093
v -1.201264 0.620917 -3.387761
v -0.866309 1.156201 -3.418669
v -1.201264 0.968309 -3.147264
v -1.171232 0.600390 -3.358109
v -0.908059 0.821327 -3.677248
v -1.171232 0.947782 -3.117613
v -1.134637 0.583543 -3.333775
v -0.908059 1.168719 -3.436752
v -1.134637 0.930935 -3.093278
v -1.092887 0.571025 -3.315693
v -0.953361 0.829036 -3.688383
v -1.092887 0.918417 -3.075196
v -1.047585 0.563317 -3.304558
v -0.953361 1.176428 -3.447886
v -1.047585 0.910709 -3.064061
v -1.000473 0.831639 -3.692143
v -1.000473 1.179031 -3.451646
v -1.047585 0.829036 -3.688383
v -1.047585 1.176428 -3.447886
v -1.092887 0.821327 -3.677248
v -1.092887 1.168719 -3.436752
v -1.134637 0.808809 -3.659166
v -1.134637 1.156201 -3.418669
v -1.171232 0.791963 -3.634832
v -1.171232 1.139355 -3.394335
v -1.201264 0.771435 -3.605180
v -1.201264 1.118827 -3.364684
v -1.223580 0.748016 -3.571351
v -1.223580 1.095407 -3.330854
v -1.237322 0.722604 -3.534644
v -1.237322 1.069996 -3.294147
v -1.241962 0.696176 -3.496470
v -1.241962 1.043568 -3.255974
v -1.237322 0.669749 -3.458297
v -1.237322 1.017141 -3.217800
v -1.223580 0.644337 -3.421590
v -1.223580 0.991729 -3.181093
v -1.201264 0.620917 -3.387761
v -1.201264 0.968309 -3.147264
v -1.171232 0.600390 -3.358109
v -1.171232 0.947782 -3.117613
v -1.134637 0.583543 -3.333775
v -1.134637 0.930935 -3.093278
v -1.092887 0.571025 -3.315693
v -1.092887 0.918417 -3.075196
v -1.047585 0.563317 -3.304558
v -1.047585 0.910709 -3.064061
v -1.000473 0.831639 -3.692143
v -1.000473 1.179031 -3.451646
v -1.047585 0.829036 -3.688383
v -1.047585 1.176428 -3.447886
v -1.092887 0.821327 -3.677248
v -1.092887 1.168719 -3.436752
v -1.134637 0.808809 -3.659166
v -1.134637 1.156201 -3.418669
v -1.171232 0.791963 -3.634832
v -1.171232 1.139355 -3.394335
v -1.201264 0.771435 -3.605180
v -1.201264 1.118827 -3.364684
v -1.223580 0.748016 -3.571351
v -1.223580 1.095407 -3.330854
v -1.237322 0.722604 -3.534644
v -1.237322 1.069996 -3.294147
v -1.241962 0.696176 -3.496470
v -1.241962 1.043568 -3.255974
v -1.237322 0.669749 -3.458297
v -1.237322 1.017141 -3.217800
v -1.223580 0.644337 -3.421590
v -1.223580 0.991729 -3.181093
v -1.201264 0.620917 -3.387761
v -1.201264 0.968309 -3.147264
v -1.171232 0.600390 -3.358109
v -1.171232 0.947782 -3.117613
v -1.134637 0.583543 -3.333775
v -1.134637 0.930935 -3.093278
v -1.092887 0.571025 -3.315693
v -1.092887 0.918417 -3.075196
v -1.047585 0.563317 -3.304558
v -1.047585 0.910709 -3.064061
v -0.763624 1.017141 -3.217800
v -0.763624 0.901344 -3.297966
v -0.763624 0.785546 -3.378131
v -0.763624 0.669749 -3.458297
v -0.777366 0.991729 -3.181093
v -0.777366 0.875932 -3.261259
v -0.777366 0.760134 -3.341424
v -0.777366 0.644337 -3.421590
v -0.799682 0.968309 -3.147264
v -0.799682 0.852512 -3.227430
v -0.799682 0.736715 -3.307595
v -0.799682 0.620917 -3.387761
v -0.829714 0.947782 -3.117613
v -0.829714 0.831985 -3.197778
v -0.829714 0.716187 -3.277944
v -0.829714 0.600390 -3.358109
v -0.866309 0.930935 -3.093278
v -0.866309 0.815138 -3.173444
v -0.866309 0.699341 -3.253609
v -0.866309 0.583543 -3.333775
v -0.908059 0.918417 -3.075196
v -0.908059 0.802620 -3.155362
v -0.908059 0.686823 -3.235527
v -0.908059 0.571025 -3.315693
v -0.953361 0.910709 -3.064061
v -0.953361 0.794911 -3.144227
v -0.953361 0.679114 -3.224392
v -0.953361 0.563317 -3.304558
v -1.000473 0.560714 -3.300798
v -1.000473 0.676511 -3.220633
v -1.000473 0.792309 -3.140467
v -1.000473 0.908106 -3.060301
v -0.758984 0.696176 -3.496470
v -0.758984 0.811974 -3.416305
v -0.758984 0.927771 -3.336139
v -0.758984 1.043568 -3.255974
v -0.763624 0.722604 -3.534644
v -0.763624 0.838401 -3.454479
v -0.763624 0.954198 -3.374313
v -0.763624 1.069996 -3.294147
v -0.777366 0.748016 -3.571351
v -0.777366 0.863813 -3.491185
v -0.777366 0.979610 -3.411020
v -0.777366 1.095407 -3.330854
v -0.799682 0.771435 -3.605180
v -0.799682 0.887233 -3.525015
v -0.799682 1.003030 -3.444849
v -0.799682 1.118827 -3.364684
v -0.829714 0.791963 -3.634832
v -0.829714 0.907760 -3.554666
v -0.829714 1.023557 -3.474501
v -0.829714 1.139355 -3.394335
v -0.866309 0.808809 -3.659166
v -0.866309 0.924607 -3.579000
v -0.866309 1.040404 -3.498835
v -0.866309 1.156201 -3.418669
v -0.908059 0.821327 -3.677248
v -0.908059 0.937125 -3.597083
v -0.908059 1.052922 -3.516917
v -0.908059 1.168719 -3.436752
v -0.953361 0.829036 -3.688383
v -0.953361 0.944833 -3.608217
v -0.953361 1.060630 -3.528052
v -0.953361 1.176428 -3.447886
v -1.000473 0.831639 -3.692143
v -1.000473 0.947436 -3.611977
v -1.000473 1.063233 -3.531812
v -1.000473 1.179031 -3.451646
v -1.047585 0.829036 -3.688383
v -1.047585 0.944833 -3.608217
v -1.047585 1.060630 -3.528052
v -1.047585 1.176428 -3.447886
v -1.092887 0.821327 -3.677248
v -1.092887 0.937125 -3.597083
v -1.092887 1.052922 -3.516917
v -1.092887 1.168719 -3.436752
v -1.134637 0.808809 -3.659166
v -1.134637 0.924607 -3.579000
v -1.134637 1.040404 -3.498835
v -1.134637 1.156201 -3.418669
v -1.171232 0.791963 -3.634832
v -1.171232 0.907760 -3.554666
v -1.171232 1.023557 -3.474501
v -1.171232 1.139355 -3.394335
v -1.201264 0.771435 -3.605180
v -1.201264 0.887233 -3.525015
v -1.201264 1.003030 -3.444849
v -1.201264 1.118827 -3.364684
v -1.223580 0.748016 -3.571351
v -1.223580 0.863813 -3.491185
v -1.223580 0.979610 -3.411020
v -1.223580 1.095407 -3.330854
v -1.237322 0.722604 -3.534644
v -1.237322 0.838401 -3.454479
v -1.237322 0.954198 -3.374313
v -1.237322 1.069996 -3.294147
v -1.241962 0.696176 -3.496470
v -1.241962 0.811974 -3.416305
v -1.241962 0.927771 -3.336139
v -1.241962 1.043568 -3.255974
v -1.237322 0.669749 -3.458297
v -1.237322 0.785546 -3.378131
v -1.237322 0.901344 -3.297966
v -1.237322 1.017141 -3.217800
v -1.223580 0.644337 -3.421590
v -1.223580 0.760134 -3.341424
v -1.223580 0.875932 -3.261259
v -1.223580 0.991729 -3.181093
v -1.201264 0.620917 -3.387761
v -1.201264 0.736715 -3.307595
v -1.201264 0.852512 -3.227430
v -1.201264 0.968309 -3.147264
v -1.171232 0.600390 -3.358109
v -1.171232 0.716187 -3.277944
v -1.171232 0.831985 -3.197778
v -1.171232 0.947782 -3.117613
v -1.134637 0.583543 -3.333775
v -1.134637 0.699341 -3.253609
v -1.134637 0.815138 -3.173444
v -1.134637 0.930935 -3.093278
v -1.092887 0.571025 -3.315693
v -1.092887 0.686823 -3.235527
v -1.092887 0.802620 -3.155362
v -1.092887 0.918417 -3.075196
v -1.047585 0.563317 -3.304558
v -1.047585 0.679114 -3.224392
v -1.047585 0.794911 -3.144227
v -1.047585 0.910709 -3.064061
v 0.696933 1.799411 -5.048410
v 0.563596 0.542467 -3.909691
v 0.696933 2.196149 -4.775917
v 0.563596 1.463526 -3.272050
v 0.529841 2.203112 -4.157543
v 0.760866 1.249061 -4.813273
v 0.408716 1.272624 -4.699738
v 0.455833 2.209946 -4.066162
v 0.586723 2.035880 -4.483023
v 0.521433 1.484015 -4.865074
v 0.572538 2.143960 -4.603134
v 0.579793 1.574701 -4.997227
v 0.802966 1.369839 -4.995112
v 0.607090 2.178013 -4.435619
v 1.105245 0.542467 -3.909691
v 1.105245 2.173445 -4.876393
v 1.105245 1.463526 -3.272050
v 1.105245 1.841157 -5.106433
v 1.105245 1.220673 -4.835991
v 1.105245 2.201631 -4.156883
v 1.105245 2.231737 -4.051076
v 1.105245 1.272624 -4.699738
v 1.105245 1.268808 -4.912899
v 1.105245 2.143357 -4.307457
v 1.105245 1.562227 -5.000450
v 1.105245 2.160434 -4.586317
v 1.105245 2.207708 -4.382591
v 1.105245 1.324820 -4.993807
v 0.245915 1.415578 -4.301917
v 0.263238 1.728616 -4.085204
v 1.105245 0.968075 -4.639524
v 1.105245 2.167354 -3.809274
v 0.204009 1.171776 -4.172621
v 1.105245 0.671699 -4.483757
v 0.221331 1.598187 -3.877420
v 0.222566 1.046569 -4.074139
v 1.105245 0.516477 -4.360204
v 1.105245 1.871024 -3.422463
v 0.239888 1.486671 -3.769460
v 0.228302 1.684021 -3.969163
v 0.210979 1.281955 -4.247509
v 1.105245 0.806340 -4.575277
v 1.105245 2.081691 -3.692261
v 0.993676 0.542467 -3.909691
v 0.698090 0.542467 -3.909691
v 1.008958 2.172684 -4.876920
v 0.847693 2.169359 -4.881386
v 0.908559 2.191820 -4.148210
v 0.968555 2.143357 -4.307457
v 0.677742 2.134393 -4.366730
v 0.996985 2.160434 -4.586317
v 0.662785 2.165075 -4.583104
v 0.999524 2.198664 -4.388852
v 0.669523 2.183700 -4.399211
v 0.698090 1.463526 -3.272050
v 0.993676 1.463526 -3.272050
v 0.847693 1.840091 -5.107171
v 1.008958 1.840091 -5.107171
v 0.852403 1.249729 -4.814237
v 0.994628 1.220384 -4.835574
v 0.572953 1.272624 -4.699738
v 0.963144 1.272624 -4.699738
v 0.801074 1.323466 -4.928128
v 0.968555 1.268808 -4.912899
v 0.670040 1.572168 -4.993568
v 0.996985 1.562227 -5.000450
v 0.865399 1.354642 -4.973161
v 0.999524 1.324820 -4.993807
v 0.517447 1.011656 -4.609353
v 0.921753 0.968075 -4.639524
v 0.921753 2.167354 -3.809274
v 0.517447 2.145563 -3.824360
v 0.919068 2.125090 -3.778298
v 0.517447 1.986184 -3.570456
v 0.517447 0.713738 -4.451358
v 0.914250 0.670156 -4.481530
v 0.517447 0.560739 -4.331017
v 0.919574 0.517158 -4.361187
v 0.919574 1.871705 -3.423447
v 0.517447 1.849915 -3.438532
v 0.918002 2.079335 -3.688089
v 0.517447 2.089854 -3.680807
v 0.517447 0.847158 -4.541113
v 0.918002 0.803576 -4.571284
v 0.516180 1.443483 -4.804561
v 0.581469 2.027362 -4.400346
v 1.105245 2.165727 -4.237208
v 1.105245 1.244484 -4.874976
v 0.809350 1.287378 -4.873211
v 0.978409 1.249408 -4.882089
v 0.862177 2.195544 -4.218826
v 0.283319 1.734561 -4.107533
v 0.265997 1.443702 -4.307477
v 1.105245 1.002441 -4.646319
v 1.105245 2.174619 -3.836560
v 0.517447 1.046023 -4.616148
v 0.926424 1.002441 -4.646319
v 0.978409 2.170391 -4.244501
v 0.994628 2.201342 -4.156465
v 0.686018 2.144309 -4.279965
v 0.608273 2.196403 -4.147851
v 0.963144 2.231737 -4.051076
v 0.620069 2.209946 -4.066162
v 0.926424 2.174619 -3.836560
v 0.517447 2.152828 -3.851646
v 0.663901 2.196383 -4.150105
v 0.951240 2.225954 -4.055857
v 0.621251 2.233547 -4.023094
v 0.742824 2.196003 -4.218508
v 0.907867 2.167699 -3.872449
v 0.663373 2.172520 -3.869111
v 0.908265 2.160542 -4.136787
v 0.663608 2.162908 -4.140204
v 0.950914 2.169312 -4.027581
v 0.620924 2.169312 -4.027581
v 0.862053 2.167163 -4.218548
v 0.742622 2.168454 -4.217655
v 0.908354 2.133277 -3.876304
v 0.663087 2.137384 -3.873460
v 0.851325 2.156645 -4.133176
v 0.742597 2.161035 -3.944054
v 0.736084 2.156645 -4.133176
v 0.801871 2.172424 -4.137709
v 0.902646 2.169312 -4.027581
v 0.692669 2.169312 -4.027581
v 0.860003 2.161035 -3.944054
v 0.747759 2.187117 -4.811475
v 0.544433 2.201600 -4.155358
v 0.511203 2.209946 -4.066162
v 0.618137 2.155059 -4.396581
v 0.602964 2.151079 -4.596381
v 0.628138 2.179931 -4.423345
v 0.300406 1.858946 -4.004352
v 0.264549 1.718757 -3.781019
v 0.281086 1.598895 -3.664980
v 0.273209 1.810604 -3.879035
v 0.747759 1.813126 -5.068221
v 0.791727 1.249286 -4.813598
v 0.464086 1.272624 -4.699738
v 0.741469 1.344132 -4.957979
v 0.610218 1.573847 -4.995994
v 0.824014 1.364715 -4.987711
v 0.288924 1.300977 -4.390628
v 0.253067 1.038930 -4.251657
v 0.269604 0.904353 -4.145805
v 0.261726 1.156945 -4.331558
v 0.739320 1.293861 -4.882575
v 0.615988 2.150394 -4.289604
v 0.306606 1.331205 -4.396605
v 0.318089 1.865336 -4.028352
v 0.563596 1.002996 -3.590871
v 0.696933 1.997780 -4.912164
v 0.547415 1.726087 -4.485408
v 0.432275 1.741285 -4.382950
v 0.514179 1.771877 -4.665790
v 0.572538 1.854360 -4.803621
v 0.607090 1.773926 -4.715366
v 1.105245 1.002996 -3.590871
v 1.105245 2.007301 -4.991413
v 0.254576 1.572097 -4.193560
v 0.212670 1.384981 -4.025021
v 0.231227 1.266620 -3.921799
v 0.219640 1.482988 -4.108336
v 0.698090 1.002996 -3.590871
v 0.993676 1.002996 -3.590871
v 1.008958 2.006387 -4.992045
v 0.847693 2.004725 -4.994279
v 0.508926 1.747352 -4.594195
v 0.274658 1.589132 -4.207505
v 0.747759 2.000121 -4.939848
v 0.992281 1.884789 -3.435871
v 0.992359 2.080717 -3.690085
v 0.801638 1.860810 -3.430990
v 0.914250 1.975665 -3.577738
v 0.740011 1.855362 -3.434761
v 0.517447 1.946739 -3.545936
v 1.105245 2.114676 -3.762778
v 0.639534 1.996545 -3.573813
v 0.604018 2.100749 -3.673264
v 0.647591 2.156459 -3.816817
v 0.560732 2.095301 -3.677035
v 0.919878 2.163396 -3.772017
v 0.517447 2.141605 -3.787102
v 1.105245 1.975011 -3.576727
v 0.774050 2.108921 -3.667607
v 1.105245 2.150986 -3.750140
v 0.994235 2.167354 -3.809274
v 0.993297 2.120276 -3.709730
v 0.916912 1.939840 -3.489408
v 0.990462 1.871365 -3.422955
v 0.800307 1.903136 -3.459671
v 0.739313 1.956004 -3.539522
v 0.628063 1.988907 -3.568570
v 0.647354 2.148640 -3.782233
v 0.652368 2.143040 -3.760201
v 0.919068 2.157400 -3.755930
v 0.921153 1.950459 -3.500700
v 1.105245 1.946821 -3.498430
v 0.747647 1.964524 -3.545645
v 0.805119 1.914682 -3.470444
v 0.773331 2.102121 -3.651975
v 0.921153 1.918149 -3.523067
v 1.105245 1.915009 -3.520453
v 0.798976 1.964769 -3.585281
v 0.799641 1.932920 -3.555503
v 0.805119 1.882373 -3.492812
v 0.738680 1.959322 -3.589052
v 0.747647 1.932214 -3.568012
v 0.639534 1.964235 -3.596181
v 0.647591 2.073887 -3.691860
v 0.616975 2.069521 -3.693537
v 0.773331 2.069811 -3.674343
v 0.652368 2.110730 -3.782569
v 0.990935 2.083453 -3.717169
v 0.992281 1.852479 -3.458238
v 0.616975 2.101831 -3.671169
v 0.990935 2.115762 -3.694801
v 1.105245 1.943084 -3.501017
v 1.105245 1.921832 -3.515730
v 1.105245 2.153601 -3.763388
v 0.995115 2.046746 -4.912913
v 0.995115 2.108199 -5.001680
v 0.995115 1.869304 -5.035755
v 0.995115 1.930756 -5.124522
v 1.210930 2.046746 -4.912913
v 1.210930 2.108199 -5.001680
v 1.210930 1.869304 -5.035755
v 1.210930 1.930756 -5.124522
v 1.057640 2.005007 -5.026822
v 0.840746 2.089208 -5.142918
v 1.057640 1.934918 -5.043753
v 0.840746 1.913001 -5.185484
v 1.089609 2.011419 -5.053367
v 0.992510 2.119651 -5.268934
v 1.089609 1.941331 -5.070298
v 0.992510 1.943444 -5.311501
v 1.078953 1.939193 -5.061450
v 1.068297 1.937056 -5.052601
v 0.762218 1.994659 -5.364666
v 0.813810 2.005008 -5.407505
v 1.068297 2.007144 -5.035670
v 1.078953 2.009282 -5.044518
v 0.813810 2.108701 -5.382455
v 0.762218 2.098352 -5.339616
v 0.949353 2.063473 -5.081058
v 0.949353 1.907659 -5.118698
v 1.040898 1.926022 -5.194712
v 1.040898 2.081836 -5.157071
v 1.010383 2.075715 -5.131733
v 0.979868 2.069594 -5.106395
v 0.979868 1.913780 -5.144036
v 1.010383 1.919901 -5.169374
v -0.676554 2.005007 -5.026822
v -0.893449 2.089208 -5.142918
v -0.676554 1.934918 -5.043753
v -0.893449 1.913001 -5.185484
v -0.644585 2.011419 -5.053367
v -0.741684 2.119651 -5.268934
v -0.644585 1.941331 -5.070298
v -0.741684 1.943444 -5.311501
v -0.655241 1.939193 -5.061450
v -0.665897 1.937056 -5.052601
v -0.971976 1.994659 -5.364666
v -0.920384 2.005008 -5.407505
v -0.665897 2.007144 -5.035670
v -0.655241 2.009282 -5.044518
v -0.920384 2.108701 -5.382455
v -0.971976 2.098352 -5.339616
v -0.784841 2.063473 -5.081058
v -0.784841 1.907659 -5.118698
v -0.693296 1.926022 -5.194712
v -0.693296 2.081836 -5.157071
v -0.723811 2.075715 -5.131733
v -0.754326 2.069594 -5.106395
v -0.754326 1.913780 -5.144036
v -0.723811 1.919901 -5.169374
v -0.739079 2.046746 -4.912913
v -0.739079 2.108199 -5.001680
v -0.739079 1.869304 -5.035755
v -0.739079 1.930756 -5.124522
v -0.523264 2.046746 -4.912913
v -0.523264 2.108199 -5.001680
v -0.523264 1.869304 -5.035755
v -0.523264 1.930756 -5.124522
v -1.037261 1.799411 -5.048410
v -1.170598 0.542467 -3.909691
v -1.037261 2.196149 -4.775917
v -1.170598 1.463526 -3.272050
v -1.204353 2.203112 -4.157543
v -0.973328 1.249061 -4.813273
v -1.325477 1.272624 -4.699738
v -1.278361 2.209946 -4.066162
v -1.147471 2.035880 -4.483023
v -1.212761 1.484015 -4.865074
v -1.161655 2.143960 -4.603134
v -1.154401 1.574701 -4.997227
v -0.931228 1.369839 -4.995112
v -1.127104 2.178013 -4.435619
v -0.628949 0.542467 -3.909691
v -0.628949 2.173445 -4.876393
v -0.628949 1.463526 -3.272050
v -0.628949 1.841157 -5.106433
v -0.628949 1.220673 -4.835991
v -0.628949 2.201631 -4.156883
v -0.628949 2.231737 -4.051076
v -0.628949 1.272624 -4.699738
v -0.628949 1.268808 -4.912899
v -0.628949 2.143357 -4.307457
v -0.628949 1.562227 -5.000450
v -0.628949 2.160434 -4.586317
v -0.628949 2.207708 -4.382591
v -0.628949 1.324820 -4.993807
v -1.488279 1.415578 -4.301917
v -1.470956 1.728616 -4.085204
v -0.628949 0.968075 -4.639524
v -0.628949 2.167354 -3.809274
v -1.530185 1.171776 -4.172621
v -0.628949 0.671699 -4.483757
v -1.512862 1.598187 -3.877420
v -1.511628 1.046569 -4.074139
v -0.628949 0.516477 -4.360204
v -0.628949 1.871024 -3.422463
v -1.494306 1.486671 -3.769460
v -1.505892 1.684021 -3.969163
v -1.523215 1.281955 -4.247509
v -0.628949 0.806340 -4.575277
v -0.628949 2.081691 -3.692261
v -0.740518 0.542467 -3.909691
v -1.036104 0.542467 -3.909691
v -0.725236 2.172684 -4.876920
v -0.886501 2.169359 -4.881386
v -0.825635 2.191820 -4.148210
v -0.765639 2.143357 -4.307457
v -1.056452 2.134393 -4.366730
v -0.737209 2.160434 -4.586317
v -1.071409 2.165075 -4.583104
v -0.734670 2.198664 -4.388852
v -1.064670 2.183700 -4.399211
v -1.036104 1.463526 -3.272050
v -0.740518 1.463526 -3.272050
v -0.886501 1.840091 -5.107171
v -0.725236 1.840091 -5.107171
v -0.881791 1.249729 -4.814237
v -0.739566 1.220384 -4.835574
v -1.161241 1.272624 -4.699738
v -0.771050 1.272624 -4.699738
v -0.933120 1.323466 -4.928128
v -0.765639 1.268808 -4.912899
v -1.064154 1.572168 -4.993568
v -0.737209 1.562227 -5.000450
v -0.868794 1.354642 -4.973161
v -0.734670 1.324820 -4.993807
v -1.216747 1.011656 -4.609353
v -0.812440 0.968075 -4.639524
v -0.812441 2.167354 -3.809274
v -1.216747 2.145563 -3.824360
v -0.815126 2.125090 -3.778298
v -1.216747 1.986184 -3.570456
v -1.216747 0.713738 -4.451358
v -0.819944 0.670156 -4.481530
v -1.216747 0.560739 -4.331017
v -0.814620 0.517158 -4.361187
v -0.814620 1.871705 -3.423447
v -1.216747 1.849915 -3.438532
v -0.816192 2.079335 -3.688089
v -1.216747 2.089854 -3.680807
v -1.216747 0.847158 -4.541113
v -0.816192 0.803576 -4.571284
v -1.218014 1.443483 -4.804561
v -1.152725 2.027362 -4.400346
v -0.628949 2.165727 -4.237208
v -0.628949 1.244484 -4.874976
v -0.924844 1.287378 -4.873211
v -0.755785 1.249408 -4.882089
v -0.872017 2.195544 -4.218826
v -1.450875 1.734561 -4.107533
v -1.468197 1.443702 -4.307477
v -0.628949 1.002441 -4.646319
v -0.628949 2.174619 -3.836560
v -1.216747 1.046023 -4.616148
v -0.807770 1.002441 -4.646319
v -0.755785 2.170391 -4.244501
v -0.739566 2.201342 -4.156465
v -1.048176 2.144309 -4.279965
v -1.125921 2.196403 -4.147851
v -0.771050 2.231737 -4.051076
v -1.114125 2.209946 -4.066162
v -0.807770 2.174619 -3.836560
v -1.216747 2.152828 -3.851646
v -1.070293 2.196383 -4.150105
v -0.782954 2.225954 -4.055857
v -1.112943 2.233547 -4.023094
v -0.991370 2.196003 -4.218508
v -0.826327 2.167699 -3.872449
v -1.070821 2.172520 -3.869111
v -0.825928 2.160542 -4.136787
v -1.070586 2.162908 -4.140204
v -0.783280 2.169312 -4.027581
v -1.113270 2.169312 -4.027581
v -0.872141 2.167163 -4.218548
v -0.991572 2.168454 -4.217655
v -0.825839 2.133277 -3.876304
v -1.071106 2.137384 -3.873460
v -0.882869 2.156645 -4.133176
v -0.991597 2.161035 -3.944054
v -0.998110 2.156645 -4.133176
v -0.932323 2.172424 -4.137709
v -0.831548 2.169312 -4.027581
v -1.041525 2.169312 -4.027581
v -0.874191 2.161035 -3.944054
v -0.986435 2.187117 -4.811475
v -1.189761 2.201600 -4.155358
v -1.222991 2.209946 -4.066162
v -1.116057 2.155059 -4.396581
v -1.131230 2.151079 -4.596381
v -1.106055 2.179931 -4.423345
v -1.433788 1.858946 -4.004352
v -1.469645 1.718757 -3.781019
v -1.453107 1.598895 -3.664980
v -1.460985 1.810604 -3.879035
v -0.986435 1.813126 -5.068221
v -0.942467 1.249286 -4.813598
v -1.270108 1.272624 -4.699738
v -0.992725 1.344132 -4.957979
v -1.123976 1.573847 -4.995994
v -0.910180 1.364715 -4.987711
v -1.445270 1.300977 -4.390628
v -1.481127 1.038930 -4.251657
v -1.464590 0.904353 -4.145805
v -1.472467 1.156945 -4.331558
v -0.994874 1.293861 -4.882575
v -1.118206 2.150394 -4.289604
v -1.427588 1.331205 -4.396605
v -1.416105 1.865336 -4.028352
v -1.170598 1.002996 -3.590871
v -1.037261 1.997780 -4.912164
v -1.186778 1.726087 -4.485408
v -1.301919 1.741285 -4.382950
v -1.220015 1.771877 -4.665790
v -1.161655 1.854360 -4.803621
v -1.127104 1.773926 -4.715366
v -0.628949 1.002996 -3.590871
v -0.628949 2.007301 -4.991413
v -1.479618 1.572097 -4.193560
v -1.521524 1.384981 -4.025021
v -1.502967 1.266620 -3.921799
v -1.514554 1.482988 -4.108336
v -1.036104 1.002996 -3.590871
v -0.740518 1.002996 -3.590871
v -0.725236 2.006387 -4.992045
v -0.886501 2.004725 -4.994279
v -1.225268 1.747352 -4.594195
v -1.459536 1.589132 -4.207505
v -0.986435 2.000121 -4.939848
v -0.741913 1.884789 -3.435871
v -0.741835 2.080717 -3.690085
v -0.932556 1.860810 -3.430990
v -0.819944 1.975665 -3.577738
v -0.994183 1.855362 -3.434761
v -1.216747 1.946739 -3.545936
v -0.628949 2.114676 -3.762778
v -1.094660 1.996545 -3.573813
v -1.130176 2.100749 -3.673264
v -1.086603 2.156459 -3.816817
v -1.173461 2.095301 -3.677035
v -0.814316 2.163396 -3.772017
v -1.216747 2.141605 -3.787102
v -0.628949 1.975011 -3.576727
v -0.960144 2.108921 -3.667607
v -0.628949 2.150986 -3.750140
v -0.739959 2.167354 -3.809274
v -0.740897 2.120276 -3.709730
v -0.817282 1.939840 -3.489408
v -0.743731 1.871365 -3.422955
v -0.933887 1.903136 -3.459671
v -0.994881 1.956004 -3.539522
v -1.106131 1.988907 -3.568570
v -1.086840 2.148640 -3.782233
v -1.081826 2.143040 -3.760201
v -0.815126 2.157400 -3.755930
v -0.813041 1.950459 -3.500700
v -0.628949 1.946821 -3.498430
v -0.986547 1.964524 -3.545645
v -0.929075 1.914682 -3.470444
v -0.960863 2.102121 -3.651975
v -0.813041 1.918149 -3.523067
v -0.628949 1.915009 -3.520453
v -0.935218 1.964769 -3.585281
v -0.934553 1.932920 -3.555503
v -0.929075 1.882373 -3.492812
v -0.995514 1.959322 -3.589052
v -0.986547 1.932214 -3.568012
v -1.094660 1.964235 -3.596181
v -1.086603 2.073887 -3.691860
v -1.117219 2.069521 -3.693537
v -0.960863 2.069811 -3.674343
v -1.081826 2.110730 -3.782569
v -0.743259 2.083453 -3.717169
v -0.741913 1.852479 -3.458238
v -1.117219 2.101831 -3.671169
v -0.743259 2.115762 -3.694801
v -0.628949 1.943084 -3.501017
v -0.628949 1.921832 -3.515730
v -0.628949 2.153601 -3.763388
v -0.590682 1.017141 -3.217800
v -0.353833 0.456905 -3.398281
v -0.590682 1.017141 -3.217800
v -0.396776 0.459278 -3.401708
v -0.590682 1.017141 -3.217800
v -0.438068 0.466304 -3.411857
v -0.590682 0.669749 -3.458297
v -0.476124 0.477714 -3.428339
v -0.576940 0.991729 -3.181093
v -0.509480 0.493070 -3.450520
v -0.536854 0.511781 -3.477547
v -0.590682 0.669749 -3.458297
v -0.557195 0.533128 -3.508382
v -0.576940 0.644337 -3.421590
v -0.569721 0.556291 -3.541841
v -0.554624 0.968309 -3.147264
v -0.573951 0.580379 -3.576636
v -0.576940 0.991729 -3.181093
v -0.569721 0.604468 -3.611431
v -0.557195 0.627630 -3.644889
v -0.554624 0.620917 -3.387761
v -0.536854 0.648978 -3.675725
v -0.524592 0.947782 -3.117613
v -0.509480 0.667688 -3.702752
v -0.590682 0.669749 -3.458297
v -0.476124 0.683044 -3.724933
v -0.576940 0.644337 -3.421590
v -0.438068 0.694454 -3.741415
v -0.524592 0.600390 -3.358109
v -0.396776 0.701480 -3.751564
v -0.487997 0.930935 -3.093278
v -0.353833 0.703853 -3.754991
v -0.554624 0.968309 -3.147264
v -0.310890 0.701480 -3.751564
v -0.576940 0.991729 -3.181093
v -0.269598 0.694454 -3.741415
v -0.487997 0.583543 -3.333775
v -0.231543 0.683044 -3.724933
v -0.446247 0.918417 -3.075196
v -0.198187 0.667688 -3.702752
v -0.170812 0.648978 -3.675725
v -0.554624 0.620917 -3.387761
v -0.150471 0.627630 -3.644889
v -0.446247 0.571025 -3.315693
v -0.137945 0.604468 -3.611431
v -0.400945 0.910709 -3.064061
v -0.133716 0.580379 -3.576636
v -0.524592 0.947782 -3.117613
v -0.137945 0.556291 -3.541841
v -0.150471 0.533128 -3.508382
v -0.400945 0.563317 -3.304558
v -0.170812 0.511781 -3.477547
v -0.353833 0.560714 -3.300798
v -0.198187 0.493070 -3.450520
v -0.576940 0.644337 -3.421590
v -0.231543 0.477714 -3.428339
v -0.524592 0.600390 -3.358109
v -0.269598 0.466304 -3.411857
v -0.353833 0.908106 -3.060301
v -0.310890 0.459278 -3.401708
v -0.353833 0.908106 -3.060301
v -0.400945 1.176428 -3.447886
v -0.400945 1.176428 -3.447886
v -0.353833 0.560714 -3.300798
v -0.400945 0.563317 -3.304558
v -0.400945 0.829036 -3.688383
v -0.400945 0.910709 -3.064061
v -0.446247 0.571025 -3.315693
v -0.446247 1.168719 -3.436752
v -0.446247 0.918417 -3.075196
v -0.487997 0.583543 -3.333775
v -0.400945 0.829036 -3.688383
v -0.446247 0.821327 -3.677248
v -0.487997 0.930935 -3.093278
v -0.524592 0.600390 -3.358109
v -0.487997 1.156201 -3.418669
v -0.446247 1.168719 -3.436752
v -0.524592 0.947782 -3.117613
v -0.554624 0.620917 -3.387761
v -0.487997 0.808809 -3.659166
v -0.554624 0.968309 -3.147264
v -0.576940 0.644337 -3.421590
v -0.524592 1.139355 -3.394335
v -0.576940 0.991729 -3.181093
v -0.590682 0.669749 -3.458297
v -0.446247 0.821327 -3.677248
v -0.524592 0.791963 -3.634832
v -0.590682 1.017141 -3.217800
v -0.595323 0.696176 -3.496470
v -0.554624 1.118827 -3.364684
v -0.487997 1.156201 -3.418669
v -0.595323 1.043568 -3.255974
v -0.590682 0.722604 -3.534644
v -0.554624 0.771435 -3.605180
v -0.590682 1.069996 -3.294147
v -0.576940 0.748016 -3.571351
v -0.576940 1.095407 -3.330854
v -0.576940 1.095407 -3.330854
v -0.554624 0.771435 -3.605180
v -0.487997 0.808809 -3.659166
v -0.576940 0.748016 -3.571351
v -0.554624 1.118827 -3.364684
v -0.524592 0.791963 -3.634832
v -0.590682 1.069996 -3.294147
v -0.524592 1.139355 -3.394335
v -0.524592 1.139355 -3.394335
v -0.487997 0.808809 -3.659166
v -0.590682 0.722604 -3.534644
v -0.487997 1.156201 -3.418669
v -0.446247 0.821327 -3.677248
v -0.595323 1.043568 -3.255974
v -0.446247 1.168719 -3.436752
v -0.400945 0.829036 -3.688383
v -0.524592 0.791963 -3.634832
v -0.595323 0.696176 -3.496470
v -0.400945 1.176428 -3.447886
v -0.353833 0.831639 -3.692143
v -0.353833 0.908106 -3.060301
v -0.554624 1.118827 -3.364684
v -0.353833 1.179031 -3.451646
v -0.306721 0.829036 -3.688383
v -0.353833 0.560714 -3.300798
v -0.306721 1.176428 -3.447886
v -0.261419 0.821327 -3.677248
v -0.400945 0.563317 -3.304558
v -0.261419 1.168719 -3.436752
v -0.219669 0.808809 -3.659166
v -0.554624 0.771435 -3.605180
v -0.400945 0.910709 -3.064061
v -0.219669 1.156201 -3.418669
v -0.183074 0.791963 -3.634832
v -0.446247 0.571025 -3.315693
v -0.576940 1.095407 -3.330854
v -0.183074 1.139355 -3.394335
v -0.153042 0.771435 -3.605180
v -0.446247 0.918417 -3.075196
v -0.153042 1.118827 -3.364684
v -0.130726 0.748016 -3.571351
v -0.487997 0.583543 -3.333775
v -0.130726 1.095407 -3.330854
v -0.116984 0.722604 -3.534644
v -0.576940 0.748016 -3.571351
v -0.487997 0.930935 -3.093278
v -0.116984 1.069996 -3.294147
v -0.112344 0.696176 -3.496470
v -0.524592 0.600390 -3.358109
v -0.590682 1.069996 -3.294147
v -0.112344 1.043568 -3.255974
v -0.116984 0.669749 -3.458297
v -0.524592 0.947782 -3.117613
v -0.116984 1.017141 -3.217800
v -0.130726 0.644337 -3.421590
v -0.554624 0.620917 -3.387761
v -0.130726 0.991729 -3.181093
v -0.153042 0.620917 -3.387761
v -0.590682 0.722604 -3.534644
v -0.554624 0.968309 -3.147264
v -0.153042 0.968309 -3.147264
v -0.183074 0.600390 -3.358109
v -0.576940 0.644337 -3.421590
v -0.595323 1.043568 -3.255974
v -0.183074 0.947782 -3.117613
v -0.219669 0.583543 -3.333775
v -0.576940 0.991729 -3.181093
v -0.219669 0.930935 -3.093278
v -0.261419 0.571025 -3.315693
v -0.590682 0.669749 -3.458297
v -0.261419 0.918417 -3.075196
v -0.306721 0.563317 -3.304558
v -0.595323 0.696176 -3.496470
v -0.590682 1.017141 -3.217800
v -0.306721 0.910709 -3.064061
v -0.353833 0.438273 -3.441318
v -0.391870 0.440375 -3.444354
v -0.428446 0.446599 -3.453344
v -0.462154 0.456705 -3.467942
v -0.491700 0.470307 -3.487590
v -0.515947 0.486880 -3.511529
v -0.533964 0.505789 -3.538842
v -0.545059 0.526306 -3.568479
v -0.548806 0.547643 -3.599299
v -0.545059 0.568979 -3.630120
v -0.533964 0.589496 -3.659756
v -0.515947 0.608405 -3.687069
v -0.491700 0.624978 -3.711009
v -0.462154 0.638580 -3.730656
v -0.428446 0.648686 -3.745255
v -0.391870 0.654910 -3.754245
v -0.353833 0.657012 -3.757280
v -0.315796 0.654910 -3.754245
v -0.279220 0.648686 -3.745255
v -0.245512 0.638580 -3.730656
v -0.215967 0.624978 -3.711009
v -0.191719 0.608405 -3.687069
v -0.173702 0.589496 -3.659756
v -0.162607 0.568979 -3.630120
v -0.158861 0.547643 -3.599299
v -0.162607 0.526306 -3.568479
v -0.173702 0.505789 -3.538842
v -0.191719 0.486880 -3.511529
v -0.215967 0.470307 -3.487590
v -0.245512 0.456705 -3.467942
v -0.279220 0.446599 -3.453344
v -0.315796 0.440375 -3.444354
v -0.353833 0.436783 -3.479969
v -0.385748 0.438546 -3.482516
v -0.416435 0.443768 -3.490058
v -0.444718 0.452248 -3.502307
v -0.469507 0.463659 -3.518792
v -0.489851 0.477565 -3.538878
v -0.504968 0.493430 -3.561794
v -0.514277 0.510644 -3.586660
v -0.517421 0.528546 -3.612519
v -0.514277 0.546448 -3.638379
v -0.504968 0.563663 -3.663244
v -0.489851 0.579527 -3.686161
v -0.469507 0.593433 -3.706247
v -0.444718 0.604845 -3.722731
v -0.416435 0.613325 -3.734980
v -0.385748 0.618547 -3.742523
v -0.353833 0.620310 -3.745070
v -0.321919 0.618547 -3.742523
v -0.291231 0.613325 -3.734980
v -0.262949 0.604845 -3.722731
v -0.238159 0.593433 -3.706247
v -0.217815 0.579527 -3.686161
v -0.202698 0.563663 -3.663244
v -0.193389 0.546448 -3.638379
v -0.190246 0.528546 -3.612519
v -0.193389 0.510644 -3.586660
v -0.202698 0.493430 -3.561794
v -0.217815 0.477565 -3.538878
v -0.238159 0.463659 -3.518792
v -0.262949 0.452248 -3.502307
v -0.291231 0.443768 -3.490058
v -0.321919 0.438546 -3.482516
v -0.353833 0.436783 -3.479969
v -0.385748 0.438546 -3.482516
v -0.416435 0.443768 -3.490058
v -0.444718 0.452248 -3.502307
v -0.469507 0.463659 -3.518792
v -0.489851 0.477565 -3.538878
v -0.504968 0.493430 -3.561794
v -0.514277 0.510644 -3.586660
v -0.517421 0.528546 -3.612519
v -0.514277 0.546448 -3.638379
v -0.504968 0.563663 -3.663244
v -0.489851 0.579527 -3.686161
v -0.469507 0.593433 -3.706247
v -0.444718 0.604845 -3.722731
v -0.416435 0.613325 -3.734980
v -0.385748 0.618547 -3.742523
v -0.353833 0.620310 -3.745070
v -0.321919 0.618547 -3.742523
v -0.291231 0.613325 -3.734980
v -0.262949 0.604845 -3.722731
v -0.238159 0.593433 -3.706247
v -0.217815 0.579527 -3.686161
v -0.202698 0.563663 -3.663244
v -0.193389 0.546448 -3.638379
v -0.190246 0.528546 -3.612519
v -0.193389 0.510644 -3.586660
v -0.202698 0.493430 -3.561794
v -0.217815 0.477565 -3.538878
v -0.238159 0.463659 -3.518792
v -0.262949 0.452248 -3.502307
v -0.291231 0.443768 -3.490058
v -0.321919 0.438546 -3.482516
v -0.353833 0.453223 -3.532863
v -0.375286 0.454408 -3.534575
v -0.395914 0.457918 -3.539645
v -0.414925 0.463618 -3.547879
v -0.431588 0.471289 -3.558959
v -0.445264 0.480637 -3.572461
v -0.455425 0.491301 -3.587865
v -0.461683 0.502872 -3.604580
v -0.463796 0.514906 -3.621962
v -0.461683 0.526940 -3.639345
v -0.455425 0.538511 -3.656059
v -0.445264 0.549175 -3.671463
v -0.431588 0.558522 -3.684965
v -0.414925 0.566193 -3.696046
v -0.395914 0.571894 -3.704280
v -0.375286 0.575404 -3.709350
v -0.353833 0.576589 -3.711062
v -0.332381 0.575404 -3.709350
v -0.311752 0.571894 -3.704280
v -0.292741 0.566193 -3.696046
v -0.276078 0.558522 -3.684965
v -0.262403 0.549175 -3.671463
v -0.252241 0.538511 -3.656059
v -0.245984 0.526940 -3.639345
v -0.243871 0.514906 -3.621962
v -0.245984 0.502872 -3.604580
v -0.252241 0.491301 -3.587865
v -0.262403 0.480637 -3.572461
v -0.276078 0.471289 -3.558959
v -0.292741 0.463618 -3.547879
v -0.311752 0.457918 -3.539645
v -0.332381 0.454408 -3.534575
v -0.353833 1.201883 -3.027374
v -0.373202 1.202954 -3.028919
v -0.391827 1.206123 -3.033497
v -0.408991 1.211269 -3.040931
v -0.424036 1.218195 -3.050935
v -0.436383 1.226634 -3.063126
v -0.445557 1.236263 -3.077034
v -0.451207 1.246710 -3.092124
v -0.453115 1.257575 -3.107819
v -0.451207 1.268440 -3.123513
v -0.445557 1.278887 -3.138604
v -0.436383 1.288515 -3.152512
v -0.424036 1.296955 -3.164702
v -0.408991 1.303881 -3.174706
v -0.391827 1.309027 -3.182140
v -0.373202 1.312196 -3.186718
v -0.353833 1.313266 -3.188264
v -0.334464 1.312196 -3.186718
v -0.315840 1.309027 -3.182140
v -0.298675 1.303881 -3.174706
v -0.283631 1.296955 -3.164702
v -0.271284 1.288515 -3.152512
v -0.262109 1.278887 -3.138604
v -0.256460 1.268440 -3.123513
v -0.254552 1.257575 -3.107819
v -0.256460 1.246710 -3.092124
v -0.262109 1.236263 -3.077034
v -0.271284 1.226634 -3.063126
v -0.283631 1.218195 -3.050935
v -0.298675 1.211269 -3.040931
v -0.315840 1.206123 -3.033497
v -0.334464 1.202954 -3.028919
v -0.353833 1.325074 -2.966322
v -0.369258 1.325926 -2.967553
v -0.384090 1.328450 -2.971199
v -0.397759 1.332548 -2.977119
v -0.409740 1.338064 -2.985086
v -0.419573 1.344785 -2.994794
v -0.426879 1.352452 -3.005870
v -0.431379 1.360772 -3.017888
v -0.432898 1.369425 -3.030386
v -0.431379 1.378077 -3.042884
v -0.426879 1.386397 -3.054902
v -0.419573 1.394065 -3.065978
v -0.409740 1.400785 -3.075686
v -0.397759 1.406301 -3.083653
v -0.384090 1.410400 -3.089573
v -0.369258 1.412923 -3.093219
v -0.353833 1.413776 -3.094450
v -0.338408 1.412923 -3.093219
v -0.323577 1.410400 -3.089573
v -0.309907 1.406301 -3.083653
v -0.297926 1.400785 -3.075686
v -0.288093 1.394065 -3.065978
v -0.280787 1.386397 -3.054902
v -0.276288 1.378077 -3.042884
v -0.274769 1.369425 -3.030386
v -0.276288 1.360772 -3.017888
v -0.280787 1.352452 -3.005870
v -0.288093 1.344785 -2.994794
v -0.297926 1.338064 -2.985086
v -0.309907 1.332548 -2.977119
v -0.323577 1.328450 -2.971199
v -0.338408 1.325926 -2.967553
v -0.353833 1.313733 -2.949941
v -0.373202 1.314803 -2.951487
v -0.391827 1.317972 -2.956064
v -0.408991 1.323119 -2.963498
v -0.424036 1.330045 -2.973503
v -0.436383 1.338484 -2.985693
v -0.445557 1.348112 -2.999601
v -0.451207 1.358560 -3.014692
v -0.453115 1.369425 -3.030386
v -0.451207 1.380290 -3.046080
v -0.445557 1.390737 -3.061171
v -0.436383 1.400365 -3.075079
v -0.424036 1.408804 -3.087269
v -0.408991 1.415730 -3.097274
v -0.391827 1.420877 -3.104707
v -0.373202 1.424046 -3.109285
v -0.353833 1.425116 -3.110831
v -0.334464 1.424046 -3.109285
v -0.315840 1.420877 -3.104707
v -0.298675 1.415730 -3.097274
v -0.283631 1.408804 -3.087269
v -0.271284 1.400365 -3.075079
v -0.262109 1.390737 -3.061171
v -0.256460 1.380290 -3.046080
v -0.254552 1.369425 -3.030386
v -0.256460 1.358560 -3.014692
v -0.262109 1.348112 -2.999601
v -0.271284 1.338484 -2.985693
v -0.283631 1.330045 -2.973503
v -0.298675 1.323119 -2.963498
v -0.315840 1.317972 -2.956064
v -0.334464 1.314803 -2.951487
v -0.353833 1.200689 -3.052433
v -0.369258 1.201541 -3.053664
v -0.384090 1.204065 -3.057309
v -0.397759 1.208163 -3.063230
v -0.409740 1.213679 -3.071197
v -0.419573 1.220400 -3.080904
v -0.426879 1.228067 -3.091980
v -0.431379 1.236387 -3.103998
v -0.432898 1.245040 -3.116497
v -0.431379 1.253692 -3.128995
v -0.426879 1.262012 -3.141013
v -0.419573 1.269680 -3.152089
v -0.409740 1.276400 -3.161797
v -0.397759 1.281916 -3.169764
v -0.384090 1.286015 -3.175684
v -0.369258 1.288538 -3.179330
v -0.353833 1.289391 -3.180561
v -0.338408 1.288538 -3.179330
v -0.323577 1.286015 -3.175684
v -0.309907 1.281916 -3.169764
v -0.297926 1.276400 -3.161797
v -0.288093 1.269680 -3.152089
v -0.280787 1.262012 -3.141013
v -0.276288 1.253692 -3.128995
v -0.274769 1.245040 -3.116497
v -0.276288 1.236387 -3.103998
v -0.280787 1.228067 -3.091980
v -0.288093 1.220400 -3.080904
v -0.297926 1.213679 -3.071197
v -0.309907 1.208163 -3.063230
v -0.323577 1.204065 -3.057309
v -0.338408 1.201541 -3.053664
v -0.353833 1.200689 -3.052433
v -0.369258 1.201541 -3.053664
v -0.384090 1.204065 -3.057309
v -0.397759 1.208163 -3.063230
v -0.409740 1.213679 -3.071197
v -0.419573 1.220400 -3.080904
v -0.426879 1.228067 -3.091980
v -0.431379 1.236387 -3.103998
v -0.432898 1.245040 -3.116497
v -0.431379 1.253692 -3.128995
v -0.426879 1.262012 -3.141013
v -0.419573 1.269680 -3.152089
v -0.409740 1.276400 -3.161797
v -0.397759 1.281916 -3.169764
v -0.384090 1.286015 -3.175684
v -0.369258 1.288538 -3.179330
v -0.353833 1.289391 -3.180561
v -0.338408 1.288538 -3.179330
v -0.323577 1.286015 -3.175684
v -0.309907 1.281916 -3.169764
v -0.297926 1.276400 -3.161797
v -0.288093 1.269680 -3.152089
v -0.280787 1.262012 -3.141013
v -0.276288 1.253692 -3.128995
v -0.274769 1.245040 -3.116497
v -0.276288 1.236387 -3.103998
v -0.280787 1.228067 -3.091980
v -0.288093 1.220400 -3.080904
v -0.297926 1.213679 -3.071197
v -0.309907 1.208163 -3.063230
v -0.323577 1.204065 -3.057309
v -0.338408 1.201541 -3.053664
v -0.353833 1.200689 -3.052433
v -0.369258 1.201541 -3.053664
v -0.384090 1.204065 -3.057309
v -0.397759 1.208163 -3.063230
v -0.409740 1.213679 -3.071197
v -0.419573 1.220400 -3.080904
v -0.426879 1.228067 -3.091980
v -0.431379 1.236387 -3.103998
v -0.432898 1.245040 -3.116497
v -0.431379 1.253692 -3.128995
v -0.426879 1.262012 -3.141013
v -0.419573 1.269680 -3.152089
v -0.409740 1.276400 -3.161797
v -0.397759 1.281916 -3.169764
v -0.384090 1.286015 -3.175684
v -0.369258 1.288538 -3.179330
v -0.353833 1.289391 -3.180561
v -0.338408 1.288538 -3.179330
v -0.323577 1.286015 -3.175684
v -0.309907 1.281916 -3.169764
v -0.297926 1.276400 -3.161797
v -0.288093 1.269680 -3.152089
v -0.280787 1.262012 -3.141013
v -0.276288 1.253692 -3.128995
v -0.274769 1.245040 -3.116497
v -0.276288 1.236387 -3.103998
v -0.280787 1.228067 -3.091980
v -0.288093 1.220400 -3.080904
v -0.297926 1.213679 -3.071197
v -0.309907 1.208163 -3.063230
v -0.323577 1.204065 -3.057309
v -0.338408 1.201541 -3.053664
v -0.353833 1.037290 -2.996775
v -0.396729 1.039660 -3.000198
v -0.437976 1.046679 -3.010336
v -0.475990 1.058077 -3.026800
v -0.509309 1.073415 -3.048956
v -0.536653 1.092106 -3.075954
v -0.556972 1.113429 -3.106755
v -0.569484 1.136567 -3.140177
v -0.573709 1.160629 -3.174934
v -0.569484 1.184691 -3.209691
v -0.556972 1.207828 -3.243113
v -0.536653 1.229152 -3.273914
v -0.509309 1.247842 -3.300912
v -0.475990 1.263181 -3.323068
v -0.437976 1.274578 -3.339532
v -0.396729 1.281597 -3.349670
v -0.353833 1.283967 -3.353093
v -0.310938 1.281597 -3.349670
v -0.269691 1.274578 -3.339532
v -0.231677 1.263181 -3.323068
v -0.198358 1.247842 -3.300912
v -0.171013 1.229152 -3.273914
v -0.150695 1.207828 -3.243113
v -0.138183 1.184691 -3.209691
v -0.133958 1.160629 -3.174934
v -0.138183 1.136567 -3.140177
v -0.150695 1.113429 -3.106755
v -0.171013 1.092106 -3.075954
v -0.198358 1.073415 -3.048956
v -0.231677 1.058077 -3.026800
v -0.269691 1.046679 -3.010336
v -0.310938 1.039660 -3.000198
v -0.353833 0.573797 -3.317647
v -0.396729 0.576167 -3.321070
v -0.437976 0.583186 -3.331208
v -0.475990 0.594584 -3.347672
v -0.509309 0.609922 -3.369828
v -0.536653 0.628613 -3.396826
v -0.556972 0.649936 -3.427628
v -0.569484 0.673074 -3.461049
v -0.573709 0.697136 -3.495806
v -0.569484 0.721198 -3.530563
v -0.556972 0.744335 -3.563985
v -0.536653 0.765659 -3.594786
v -0.509309 0.784349 -3.621784
v -0.475990 0.799688 -3.643940
v -0.437976 0.811085 -3.660404
v -0.396729 0.818104 -3.670542
v -0.353833 0.820474 -3.673966
v -0.310938 0.818104 -3.670542
v -0.269691 0.811085 -3.660404
v -0.231677 0.799688 -3.643940
v -0.198358 0.784349 -3.621784
v -0.171013 0.765659 -3.594786
v -0.150695 0.744335 -3.563985
v -0.138183 0.721198 -3.530564
v -0.133958 0.697136 -3.495806
v -0.138183 0.673074 -3.461049
v -0.150695 0.649936 -3.427628
v -0.171013 0.628613 -3.396826
v -0.198358 0.609922 -3.369828
v -0.231677 0.594584 -3.347672
v -0.269691 0.583186 -3.331208
v -0.310938 0.576167 -3.321070
v -0.353833 0.573797 -3.317647
v -0.396729 0.576167 -3.321070
v -0.437976 0.583186 -3.331208
v -0.475990 0.594584 -3.347672
v -0.509309 0.609922 -3.369828
v -0.536653 0.628613 -3.396826
v -0.556972 0.649936 -3.427628
v -0.569484 0.673074 -3.461049
v -0.573709 0.697136 -3.495806
v -0.569484 0.721198 -3.530563
v -0.556972 0.744335 -3.563985
v -0.536653 0.765659 -3.594786
v -0.509309 0.784349 -3.621784
v -0.475990 0.799688 -3.643940
v -0.437976 0.811085 -3.660404
v -0.396729 0.818104 -3.670542
v -0.353833 0.820474 -3.673966
v -0.310938 0.818104 -3.670542
v -0.269691 0.811085 -3.660404
v -0.231677 0.799688 -3.643940
v -0.198358 0.784349 -3.621784
v -0.171013 0.765659 -3.594786
v -0.150695 0.744335 -3.563985
v -0.138183 0.721198 -3.530564
v -0.133958 0.697136 -3.495806
v -0.138183 0.673074 -3.461049
v -0.150695 0.649936 -3.427628
v -0.171013 0.628613 -3.396826
v -0.198358 0.609922 -3.369828
v -0.231677 0.594584 -3.347672
v -0.269691 0.583186 -3.331208
v -0.310938 0.576167 -3.321070
v -0.353833 0.465808 -3.410892
v -0.393720 0.468012 -3.414076
v -0.432074 0.474538 -3.423503
v -0.467421 0.485136 -3.438812
v -0.498404 0.499399 -3.459414
v -0.523830 0.516778 -3.484518
v -0.542724 0.536606 -3.513159
v -0.554358 0.558121 -3.544236
v -0.558287 0.580495 -3.576555
v -0.554358 0.602869 -3.608875
v -0.542724 0.624384 -3.639952
v -0.523830 0.644212 -3.668593
v -0.498404 0.661591 -3.693697
v -0.467421 0.675854 -3.714299
v -0.432074 0.686452 -3.729608
v -0.393720 0.692979 -3.739035
v -0.353833 0.695182 -3.742219
v -0.313946 0.692979 -3.739035
v -0.275592 0.686452 -3.729608
v -0.240245 0.675854 -3.714299
v -0.209263 0.661591 -3.693697
v -0.183837 0.644212 -3.668593
v -0.164943 0.624384 -3.639952
v -0.153309 0.602869 -3.608875
v -0.149380 0.580495 -3.576555
v -0.153309 0.558121 -3.544236
v -0.164943 0.536606 -3.513159
v -0.183837 0.516778 -3.484518
v -0.209263 0.499399 -3.459414
v -0.240245 0.485136 -3.438812
v -0.275592 0.474538 -3.423503
v -0.313946 0.468012 -3.414076
v -0.353833 0.449804 -3.456643
v -0.388077 0.451696 -3.459375
v -0.421005 0.457299 -3.467469
v -0.451351 0.466398 -3.480612
v -0.477950 0.478643 -3.498299
v -0.499779 0.493563 -3.519852
v -0.516000 0.510586 -3.544441
v -0.525988 0.529057 -3.571121
v -0.529361 0.548265 -3.598868
v -0.525988 0.567474 -3.626615
v -0.516000 0.585945 -3.653295
v -0.499779 0.602968 -3.677884
v -0.477950 0.617888 -3.699436
v -0.451351 0.630133 -3.717124
v -0.421005 0.639232 -3.730267
v -0.388077 0.644835 -3.738360
v -0.353833 0.646727 -3.741093
v -0.319590 0.644835 -3.738360
v -0.286662 0.639232 -3.730267
v -0.256315 0.630133 -3.717124
v -0.229717 0.617888 -3.699436
v -0.207887 0.602968 -3.677884
v -0.191667 0.585945 -3.653295
v -0.181678 0.567474 -3.626615
v -0.178306 0.548265 -3.598868
v -0.181678 0.529056 -3.571121
v -0.191667 0.510586 -3.544441
v -0.207887 0.493563 -3.519852
v -0.229717 0.478643 -3.498299
v -0.256315 0.466398 -3.480612
v -0.286662 0.457299 -3.467469
v -0.319590 0.451696 -3.459375
v -0.353833 0.450106 -3.457078
v -0.387972 0.451992 -3.459803
v -0.420799 0.457578 -3.467872
v -0.451052 0.466649 -3.480974
v -0.477570 0.478856 -3.498608
v -0.499332 0.493731 -3.520094
v -0.515503 0.510701 -3.544607
v -0.525460 0.529115 -3.571206
v -0.528823 0.548265 -3.598868
v -0.525460 0.567415 -3.626530
v -0.515503 0.585829 -3.653128
v -0.499332 0.602800 -3.677642
v -0.477570 0.617675 -3.699128
v -0.451052 0.629882 -3.716761
v -0.420799 0.638953 -3.729864
v -0.387972 0.644539 -3.737933
v -0.353833 0.646425 -3.740657
v -0.319695 0.644539 -3.737933
v -0.286868 0.638953 -3.729864
v -0.256614 0.629882 -3.716761
v -0.230097 0.617675 -3.699128
v -0.208335 0.602800 -3.677642
v -0.192164 0.585829 -3.653128
v -0.182206 0.567415 -3.626530
v -0.178844 0.548265 -3.598868
v -0.182206 0.529115 -3.571206
v -0.192164 0.510701 -3.544607
v -0.208335 0.493731 -3.520094
v -0.230097 0.478856 -3.498608
v -0.256614 0.466649 -3.480974
v -0.286868 0.457578 -3.467872
v -0.319695 0.451992 -3.459803
v -0.353833 0.458691 -3.508833
v -0.378581 0.460058 -3.510808
v -0.402378 0.464108 -3.516657
v -0.424309 0.470683 -3.526155
v -0.443532 0.479533 -3.538938
v -0.459307 0.490316 -3.554513
v -0.471030 0.502618 -3.572284
v -0.478248 0.515966 -3.591565
v -0.480686 0.529849 -3.611618
v -0.478248 0.543731 -3.631670
v -0.471030 0.557079 -3.650952
v -0.459307 0.569381 -3.668722
v -0.443532 0.580164 -3.684298
v -0.424309 0.589014 -3.697081
v -0.402378 0.595589 -3.706579
v -0.378581 0.599639 -3.712428
v -0.353833 0.601006 -3.714403
v -0.329086 0.599639 -3.712428
v -0.305289 0.595589 -3.706579
v -0.283358 0.589014 -3.697081
v -0.264135 0.580164 -3.684298
v -0.248359 0.569381 -3.668722
v -0.236637 0.557079 -3.650952
v -0.229418 0.543731 -3.631670
v -0.226981 0.529849 -3.611618
v -0.229418 0.515966 -3.591565
v -0.236637 0.502618 -3.572284
v -0.248359 0.490316 -3.554513
v -0.264135 0.479533 -3.538938
v -0.283358 0.470683 -3.526155
v -0.305289 0.464108 -3.516657
v -0.329086 0.460058 -3.510808
v -0.353833 1.048760 -2.986733
v -0.353833 0.996526 -2.999089
v -0.353833 1.032664 -2.985974
v -0.353833 1.013544 -2.990497
v -0.400945 0.999128 -3.002849
v -0.397071 1.051149 -2.990184
v -0.400426 1.016119 -2.994215
v -0.399008 1.035159 -2.989579
v -0.446247 1.006837 -3.013984
v -0.438647 1.058223 -3.000403
v -0.445229 1.023742 -3.005227
v -0.442447 1.042551 -3.000256
v -0.487997 1.019355 -3.032066
v -0.476963 1.069712 -3.016998
v -0.486519 1.036122 -3.023110
v -0.482480 1.054554 -3.017595
v -0.524592 1.036201 -3.056400
v -0.510548 1.085173 -3.039331
v -0.522710 1.052783 -3.047176
v -0.517570 1.070708 -3.040928
v -0.554624 1.056729 -3.086052
v -0.538111 1.104012 -3.066544
v -0.552412 1.073085 -3.076501
v -0.546367 1.090391 -3.069360
v -0.576940 1.080149 -3.119881
v -0.558591 1.125506 -3.097591
v -0.574482 1.096246 -3.109957
v -0.567766 1.112848 -3.101799
v -0.590682 1.105560 -3.156588
v -0.571203 1.148827 -3.131279
v -0.588073 1.121378 -3.146260
v -0.580943 1.137215 -3.136996
v -0.595323 1.131988 -3.194762
v -0.575462 1.173081 -3.166313
v -0.592662 1.147514 -3.184013
v -0.585392 1.162556 -3.173600
v -0.590682 1.158415 -3.232935
v -0.571203 1.197335 -3.201347
v -0.588073 1.173651 -3.221766
v -0.580943 1.187896 -3.210204
v -0.576940 1.183827 -3.269642
v -0.558591 1.220657 -3.235035
v -0.574482 1.198782 -3.258069
v -0.567766 1.212263 -3.245401
v -0.554624 1.207247 -3.303472
v -0.538111 1.242151 -3.266082
v -0.552412 1.221944 -3.291525
v -0.546367 1.234720 -3.277839
v -0.524592 1.227774 -3.333123
v -0.510548 1.260990 -3.293295
v -0.522710 1.242245 -3.320850
v -0.517570 1.254403 -3.306272
v -0.487997 1.244621 -3.357457
v -0.476963 1.276451 -3.315628
v -0.486519 1.258906 -3.344916
v -0.482480 1.270557 -3.329605
v -0.446247 1.257139 -3.375539
v -0.438647 1.287940 -3.332223
v -0.445229 1.271286 -3.362799
v -0.442447 1.282560 -3.346944
v -0.400945 1.264847 -3.386674
v -0.397071 1.295014 -3.342442
v -0.400426 1.278910 -3.373811
v -0.399008 1.289952 -3.357621
v -0.353833 1.267450 -3.390434
v -0.353833 1.297403 -3.345893
v -0.353833 1.281484 -3.377529
v -0.353833 1.292447 -3.361226
v -0.306721 1.264847 -3.386674
v -0.310596 1.295014 -3.342442
v -0.307240 1.278910 -3.373811
v -0.308658 1.289952 -3.357621
v -0.261419 1.257139 -3.375539
v -0.269020 1.287940 -3.332223
v -0.262437 1.271286 -3.362799
v -0.265219 1.282560 -3.346944
v -0.219669 1.244621 -3.357457
v -0.230703 1.276451 -3.315628
v -0.221147 1.258906 -3.344916
v -0.225186 1.270557 -3.329605
v -0.183074 1.227774 -3.333123
v -0.197118 1.260990 -3.293295
v -0.184956 1.242245 -3.320850
v -0.190096 1.254403 -3.306272
v -0.153042 1.207247 -3.303472
v -0.169556 1.242151 -3.266082
v -0.155255 1.221944 -3.291525
v -0.161299 1.234720 -3.277839
v -0.130726 1.183827 -3.269642
v -0.149075 1.220657 -3.235035
v -0.133184 1.198782 -3.258069
v -0.139901 1.212263 -3.245401
v -0.116984 1.158415 -3.232935
v -0.136463 1.197335 -3.201347
v -0.119594 1.173651 -3.221766
v -0.126724 1.187896 -3.210204
v -0.112344 1.131988 -3.194762
v -0.132205 1.173081 -3.166313
v -0.115005 1.147514 -3.184013
v -0.122274 1.162556 -3.173600
v -0.116984 1.105560 -3.156588
v -0.136463 1.148827 -3.131279
v -0.119594 1.121378 -3.146260
v -0.126724 1.137215 -3.136996
v -0.130726 1.080149 -3.119881
v -0.149075 1.125506 -3.097591
v -0.133184 1.096246 -3.109957
v -0.139901 1.112848 -3.101799
v -0.153042 1.056729 -3.086052
v -0.169556 1.104012 -3.066544
v -0.155255 1.073085 -3.076501
v -0.161299 1.090391 -3.069360
v -0.183074 1.036201 -3.056400
v -0.197118 1.085173 -3.039331
v -0.184956 1.052783 -3.047176
v -0.190096 1.070708 -3.040928
v -0.219669 1.019355 -3.032066
v -0.230703 1.069712 -3.016998
v -0.221147 1.036122 -3.023110
v -0.225186 1.054554 -3.017595
v -0.261419 1.006837 -3.013984
v -0.269020 1.058223 -3.000403
v -0.262437 1.023742 -3.005227
v -0.265219 1.042551 -3.000256
v -0.306721 0.999128 -3.002849
v -0.310596 1.051149 -2.990184
v -0.307240 1.016119 -2.994215
v -0.308658 1.035159 -2.989579
v -0.595323 0.696176 -3.496470
v -0.487997 0.930935 -3.093278
v -0.554624 0.968309 -3.147264
v -0.595323 1.043568 -3.255974
v -0.590682 0.722604 -3.534644
v -0.487997 0.583543 -3.333775
v -0.590682 1.069996 -3.294147
v -0.576940 0.748016 -3.571351
v -0.446247 0.918417 -3.075196
v -0.576940 1.095407 -3.330854
v -0.554624 0.771435 -3.605180
v -0.554624 0.620917 -3.387761
v -0.446247 0.571025 -3.315693
v -0.554624 1.118827 -3.364684
v -0.524592 0.791963 -3.634832
v -0.400945 0.910709 -3.064061
v -0.524592 0.947782 -3.117613
v -0.524592 1.139355 -3.394335
v -0.487997 0.808809 -3.659166
v -0.400945 0.563317 -3.304558
v -0.487997 1.156201 -3.418669
v -0.446247 0.821327 -3.677248
v -0.353833 0.560714 -3.300798
v -0.446247 1.168719 -3.436752
v -0.400945 0.829036 -3.688383
v -0.524592 0.600390 -3.358109
v -0.353833 0.908106 -3.060301
v -0.400945 1.176428 -3.447886
v -0.353833 0.831639 -3.692143
v -0.595323 0.696176 -3.496470
v -0.487997 0.930935 -3.093278
v -0.353833 1.179031 -3.451646
v -0.306721 0.829036 -3.688383
v -0.595323 1.043568 -3.255974
v -0.306721 1.176428 -3.447886
v -0.261419 0.821327 -3.677248
v -0.590682 0.722604 -3.534644
v -0.261419 1.168719 -3.436752
v -0.219669 0.808809 -3.659166
v -0.487997 0.583543 -3.333775
v -0.590682 1.069996 -3.294147
v -0.219669 1.156201 -3.418669
v -0.183074 0.791963 -3.634832
v -0.576940 0.748016 -3.571351
v -0.446247 0.918417 -3.075196
v -0.183074 1.139355 -3.394335
v -0.153042 0.771435 -3.605180
v -0.576940 1.095407 -3.330854
v -0.153042 1.118827 -3.364684
v -0.130726 0.748016 -3.571351
v -0.554624 0.771435 -3.605180
v -0.130726 1.095407 -3.330854
v -0.116984 0.722604 -3.534644
v -0.446247 0.571025 -3.315693
v -0.554624 1.118827 -3.364684
v -0.116984 1.069996 -3.294147
v -0.112344 0.696176 -3.496470
v -0.524592 0.791963 -3.634832
v -0.400945 0.910709 -3.064061
v -0.112344 1.043568 -3.255974
v -0.116984 0.669749 -3.458297
v -0.524592 1.139355 -3.394335
v -0.116984 1.017141 -3.217800
v -0.130726 0.644337 -3.421590
v -0.487997 0.808809 -3.659166
v -0.130726 0.991729 -3.181093
v -0.153042 0.620917 -3.387761
v -0.400945 0.563317 -3.304558
v -0.487997 1.156201 -3.418669
v -0.153042 0.968309 -3.147264
v -0.183074 0.600390 -3.358109
v -0.446247 0.821327 -3.677248
v -0.353833 0.560714 -3.300798
v -0.183074 0.947782 -3.117613
v -0.219669 0.583543 -3.333775
v -0.446247 1.168719 -3.436752
v -0.219669 0.930935 -3.093278
v -0.261419 0.571025 -3.315693
v -0.400945 0.829036 -3.688383
v -0.261419 0.918417 -3.075196
v -0.306721 0.563317 -3.304558
v -0.353833 0.908106 -3.060301
v -0.400945 1.176428 -3.447886
v -0.306721 0.910709 -3.064061
v -0.353833 0.831639 -3.692143
v -0.353833 0.908106 -3.060301
v -0.353833 1.179031 -3.451646
v -0.306721 0.829036 -3.688383
v -0.353833 0.560714 -3.300798
v -0.306721 1.176428 -3.447886
v -0.261419 0.821327 -3.677248
v -0.400945 0.563317 -3.304558
v -0.261419 1.168719 -3.436752
v -0.219669 0.808809 -3.659166
v -0.400945 0.910709 -3.064061
v -0.219669 1.156201 -3.418669
v -0.183074 0.791963 -3.634832
v -0.446247 0.571025 -3.315693
v -0.183074 1.139355 -3.394335
v -0.153042 0.771435 -3.605180
v -0.446247 0.918417 -3.075196
v -0.153042 1.118827 -3.364684
v -0.130726 0.748016 -3.571351
v -0.487997 0.583543 -3.333775
v -0.130726 1.095407 -3.330854
v -0.116984 0.722604 -3.534644
v -0.487997 0.930935 -3.093278
v -0.116984 1.069996 -3.294147
v -0.112344 0.696176 -3.496470
v -0.524592 0.600390 -3.358109
v -0.112344 1.043568 -3.255974
v -0.116984 0.669749 -3.458297
v -0.524592 0.947782 -3.117613
v -0.116984 1.017141 -3.217800
v -0.130726 0.644337 -3.421590
v -0.554624 0.620917 -3.387761
v -0.130726 0.991729 -3.181093
v -0.153042 0.620917 -3.387761
v -0.554624 0.968309 -3.147264
v -0.153042 0.968309 -3.147264
v -0.183074 0.600390 -3.358109
v -0.576940 0.644337 -3.421590
v -0.183074 0.947782 -3.117613
v -0.219669 0.583543 -3.333775
v -0.576940 0.991729 -3.181093
v -0.219669 0.930935 -3.093278
v -0.261419 0.571025 -3.315693
v -0.590682 0.669749 -3.458297
v -0.261419 0.918417 -3.075196
v -0.306721 0.563317 -3.304558
v -0.590682 1.017141 -3.217800
v -0.306721 0.910709 -3.064061
v -0.353833 0.831639 -3.692143
v -0.595323 0.696176 -3.496470
v -0.353833 1.179031 -3.451646
v -0.306721 0.829036 -3.688383
v -0.595323 1.043568 -3.255974
v -0.306721 1.176428 -3.447886
v -0.261419 0.821327 -3.677248
v -0.590682 0.722604 -3.534644
v -0.261419 1.168719 -3.436752
v -0.219669 0.808809 -3.659166
v -0.590682 1.069996 -3.294147
v -0.219669 1.156201 -3.418669
v -0.183074 0.791963 -3.634832
v -0.576940 0.748016 -3.571351
v -0.183074 1.139355 -3.394335
v -0.153042 0.771435 -3.605180
v -0.576940 1.095407 -3.330854
v -0.153042 1.118827 -3.364684
v -0.130726 0.748016 -3.571351
v -0.554624 0.771435 -3.605180
v -0.130726 1.095407 -3.330854
v -0.116984 0.722604 -3.534644
v -0.554624 1.118827 -3.364684
v -0.116984 1.069996 -3.294147
v -0.112344 0.696176 -3.496470
v -0.524592 0.791963 -3.634832
v -0.112344 1.043568 -3.255974
v -0.116984 0.669749 -3.458297
v -0.524592 1.139355 -3.394335
v -0.116984 1.017141 -3.217800
v -0.130726 0.644337 -3.421590
v -0.487997 0.808809 -3.659166
v -0.130726 0.991729 -3.181093
v -0.153042 0.620917 -3.387761
v -0.487997 1.156201 -3.418669
v -0.153042 0.968309 -3.147264
v -0.183074 0.600390 -3.358109
v -0.446247 0.821327 -3.677248
v -0.183074 0.947782 -3.117613
v -0.219669 0.583543 -3.333775
v -0.446247 1.168719 -3.436752
v -0.219669 0.930935 -3.093278
v -0.261419 0.571025 -3.315693
v -0.400945 0.829036 -3.688383
v -0.261419 0.918417 -3.075196
v -0.306721 0.563317 -3.304558
v -0.400945 1.176428 -3.447886
v -0.306721 0.910709 -3.064061
v -0.353833 0.831639 -3.692143
v -0.353833 1.179031 -3.451646
v -0.306721 0.829036 -3.688383
v -0.306721 1.176428 -3.447886
v -0.261419 0.821327 -3.677248
v -0.261419 1.168719 -3.436752
v -0.219669 0.808809 -3.659166
v -0.219669 1.156201 -3.418669
v -0.183074 0.791963 -3.634832
v -0.183074 1.139355 -3.394335
v -0.153042 0.771435 -3.605180
v -0.153042 1.118827 -3.364684
v -0.130726 0.748016 -3.571351
v -0.130726 1.095407 -3.330854
v -0.116984 0.722604 -3.534644
v -0.116984 1.069996 -3.294147
v -0.112344 0.696176 -3.496470
v -0.112344 1.043568 -3.255974
v -0.116984 0.669749 -3.458297
v -0.116984 1.017141 -3.217800
v -0.130726 0.644337 -3.421590
v -0.130726 0.991729 -3.181093
v -0.153042 0.620917 -3.387761
v -0.153042 0.968309 -3.147264
v -0.183074 0.600390 -3.358109
v -0.183074 0.947782 -3.117613
v -0.219669 0.583543 -3.333775
v -0.219669 0.930935 -3.093278
v -0.261419 0.571025 -3.315693
v -0.261419 0.918417 -3.075196
v -0.306721 0.563317 -3.304558
v -0.306721 0.910709 -3.064061
v -0.353833 0.831639 -3.692143
v -0.353833 1.179031 -3.451646
v -0.306721 0.829036 -3.688383
v -0.306721 1.176428 -3.447886
v -0.261419 0.821327 -3.677248
v -0.261419 1.168719 -3.436752
v -0.219669 0.808809 -3.659166
v -0.219669 1.156201 -3.418669
v -0.183074 0.791963 -3.634832
v -0.183074 1.139355 -3.394335
v -0.153042 0.771435 -3.605180
v -0.153042 1.118827 -3.364684
v -0.130726 0.748016 -3.571351
v -0.130726 1.095407 -3.330854
v -0.116984 0.722604 -3.534644
v -0.116984 1.069996 -3.294147
v -0.112344 0.696176 -3.496470
v -0.112344 1.043568 -3.255974
v -0.116984 0.669749 -3.458297
v -0.116984 1.017141 -3.217800
v -0.130726 0.644337 -3.421590
v -0.130726 0.991729 -3.181093
v -0.153042 0.620917 -3.387761
v -0.153042 0.968309 -3.147264
v -0.183074 0.600390 -3.358109
v -0.183074 0.947782 -3.117613
v -0.219669 0.583543 -3.333775
v -0.219669 0.930935 -3.093278
v -0.261419 0.571025 -3.315693
v -0.261419 0.918417 -3.075196
v -0.306721 0.563317 -3.304558
v -0.306721 0.910709 -3.064061
v -0.590682 1.017141 -3.217800
v -0.590682 0.901344 -3.297966
v -0.590682 0.785546 -3.378131
v -0.590682 0.669749 -3.458297
v -0.576940 0.991729 -3.181093
v -0.576940 0.875932 -3.261259
v -0.576940 0.760134 -3.341424
v -0.576940 0.644337 -3.421590
v -0.554624 0.968309 -3.147264
v -0.554624 0.852512 -3.227430
v -0.554624 0.736715 -3.307595
v -0.554624 0.620917 -3.387761
v -0.524592 0.947782 -3.117613
v -0.524592 0.831985 -3.197778
v -0.524592 0.716187 -3.277944
v -0.524592 0.600390 -3.358109
v -0.487997 0.930935 -3.093278
v -0.487997 0.815138 -3.173444
v -0.487997 0.699341 -3.253609
v -0.487997 0.583543 -3.333775
v -0.446247 0.918417 -3.075196
v -0.446247 0.802620 -3.155362
v -0.446247 0.686823 -3.235527
v -0.446247 0.571025 -3.315693
v -0.400945 0.910709 -3.064061
v -0.400945 0.794911 -3.144227
v -0.400945 0.679114 -3.224392
v -0.400945 0.563317 -3.304558
v -0.353833 0.560714 -3.300798
v -0.353833 0.676511 -3.220633
v -0.353833 0.792309 -3.140467
v -0.353833 0.908106 -3.060301
v -0.595323 0.696176 -3.496470
v -0.595323 0.811974 -3.416305
v -0.595323 0.927771 -3.336139
v -0.595323 1.043568 -3.255974
v -0.590682 0.722604 -3.534644
v -0.590682 0.838401 -3.454479
v -0.590682 0.954198 -3.374313
v -0.590682 1.069996 -3.294147
v -0.576940 0.748016 -3.571351
v -0.576940 0.863813 -3.491185
v -0.576940 0.979610 -3.411020
v -0.576940 1.095407 -3.330854
v -0.554624 0.771435 -3.605180
v -0.554624 0.887233 -3.525015
v -0.554624 1.003030 -3.444849
v -0.554624 1.118827 -3.364684
v -0.524592 0.791963 -3.634832
v -0.524592 0.907760 -3.554666
v -0.524592 1.023557 -3.474501
v -0.524592 1.139355 -3.394335
v -0.487997 0.808809 -3.659166
v -0.487997 0.924607 -3.579000
v -0.487997 1.040404 -3.498835
v -0.487997 1.156201 -3.418669
v -0.446247 0.821327 -3.677248
v -0.446247 0.937125 -3.597083
v -0.446247 1.052922 -3.516917
v -0.446247 1.168719 -3.436752
v -0.400945 0.829036 -3.688383
v -0.400945 0.944833 -3.608217
v -0.400945 1.060630 -3.528052
v -0.400945 1.176428 -3.447886
v -0.353833 0.831639 -3.692143
v -0.353833 0.947436 -3.611977
v -0.353833 1.063233 -3.531812
v -0.353833 1.179031 -3.451646
v -0.306721 0.829036 -3.688383
v -0.306721 0.944833 -3.608217
v -0.306721 1.060630 -3.528052
v -0.306721 1.176428 -3.447886
v -0.261419 0.821327 -3.677248
v -0.261419 0.937125 -3.597083
v -0.261419 1.052922 -3.516917
v -0.261419 1.168719 -3.436752
v -0.219669 0.808809 -3.659166
v -0.219669 0.924607 -3.579000
v -0.219669 1.040404 -3.498835
v -0.219669 1.156201 -3.418669
v -0.183074 0.791963 -3.634832
v -0.183074 0.907760 -3.554666
v -0.183074 1.023557 -3.474501
v -0.183074 1.139355 -3.394335
v -0.153042 0.771435 -3.605180
v -0.153042 0.887233 -3.525015
v -0.153042 1.003030 -3.444849
v -0.153042 1.118827 -3.364684
v -0.130726 0.748016 -3.571351
v -0.130726 0.863813 -3.491185
v -0.130726 0.979610 -3.411020
v -0.130726 1.095407 -3.330854
v -0.116984 0.722604 -3.534644
v -0.116984 0.838401 -3.454479
v -0.116984 0.954198 -3.374313
v -0.116984 1.069996 -3.294147
v -0.112344 0.696176 -3.496470
v -0.112344 0.811974 -3.416305
v -0.112344 0.927771 -3.336139
v -0.112344 1.043568 -3.255974
v -0.116984 0.669749 -3.458297
v -0.116984 0.785546 -3.378131
v -0.116984 0.901344 -3.297966
v -0.116984 1.017141 -3.217800
v -0.130726 0.644337 -3.421590
v -0.130726 0.760134 -3.341424
v -0.130726 0.875932 -3.261259
v -0.130726 0.991729 -3.181093
v -0.153042 0.620917 -3.387761
v -0.153042 0.736715 -3.307595
v -0.153042 0.852512 -3.227430
v -0.153042 0.968309 -3.147264
v -0.183074 0.600390 -3.358109
v -0.183074 0.716187 -3.277944
v -0.183074 0.831985 -3.197778
v -0.183074 0.947782 -3.117613
v -0.219669 0.583543 -3.333775
v -0.219669 0.699341 -3.253609
v -0.219669 0.815138 -3.173444
v -0.219669 0.930935 -3.093278
v -0.261419 0.571025 -3.315693
v -0.261419 0.686823 -3.235527
v -0.261419 0.802620 -3.155362
v -0.261419 0.918417 -3.075196
v -0.306721 0.563317 -3.304558
v -0.306721 0.679114 -3.224392
v -0.306721 0.794911 -3.144227
v -0.306721 0.910709 -3.064061
v 1.143512 1.017141 -3.217800
v 1.380361 0.456905 -3.398281
v 1.143512 1.017141 -3.217800
v 1.337418 0.459278 -3.401708
v 1.143512 1.017141 -3.217800
v 1.296126 0.466304 -3.411857
v 1.143512 0.669749 -3.458297
v 1.258070 0.477714 -3.428339
v 1.157254 0.991729 -3.181093
v 1.224714 0.493070 -3.450520
v 1.197340 0.511781 -3.477547
v 1.143512 0.669749 -3.458297
v 1.176999 0.533128 -3.508382
v 1.157254 0.644337 -3.421590
v 1.164473 0.556291 -3.541841
v 1.179570 0.968309 -3.147264
v 1.160244 0.580379 -3.576636
v 1.157254 0.991729 -3.181093
v 1.164473 0.604468 -3.611431
v 1.176999 0.627630 -3.644889
v 1.179570 0.620917 -3.387761
v 1.197340 0.648978 -3.675725
v 1.209602 0.947782 -3.117613
v 1.224714 0.667688 -3.702752
v 1.143512 0.669749 -3.458297
v 1.258070 0.683044 -3.724933
v 1.157254 0.644337 -3.421590
v 1.296126 0.694454 -3.741415
v 1.209602 0.600390 -3.358109
v 1.337418 0.701480 -3.751564
v 1.246196 0.930935 -3.093278
v 1.380361 0.703853 -3.754991
v 1.179570 0.968309 -3.147264
v 1.423303 0.701480 -3.751564
v 1.157254 0.991729 -3.181093
v 1.464596 0.694454 -3.741415
v 1.246196 0.583543 -3.333775
v 1.502651 0.683044 -3.724933
v 1.287947 0.918417 -3.075196
v 1.536007 0.667688 -3.702752
v 1.563382 0.648978 -3.675725
v 1.179570 0.620917 -3.387761
v 1.583723 0.627630 -3.644889
v 1.287947 0.571025 -3.315693
v 1.596249 0.604468 -3.611431
v 1.333248 0.910709 -3.064061
v 1.600478 0.580379 -3.576636
v 1.209602 0.947782 -3.117613
v 1.596249 0.556291 -3.541841
v 1.583723 0.533128 -3.508382
v 1.333248 0.563317 -3.304558
v 1.563382 0.511781 -3.477547
v 1.380361 0.560714 -3.300798
v 1.536007 0.493070 -3.450520
v 1.157254 0.644337 -3.421590
v 1.502651 0.477714 -3.428339
v 1.209602 0.600390 -3.358109
v 1.464596 0.466304 -3.411857
v 1.380361 0.908106 -3.060301
v 1.423303 0.459278 -3.401708
v 1.380361 0.908106 -3.060301
v 1.333248 1.176428 -3.447886
v 1.333248 1.176428 -3.447886
v 1.380361 0.560714 -3.300798
v 1.333248 0.563317 -3.304558
v 1.333248 0.829036 -3.688383
v 1.333248 0.910709 -3.064061
v 1.287947 0.571025 -3.315693
v 1.287947 1.168719 -3.436752
v 1.287947 0.918417 -3.075196
v 1.246196 0.583543 -3.333775
v 1.333248 0.829036 -3.688383
v 1.287947 0.821327 -3.677248
v 1.246196 0.930935 -3.093278
v 1.209602 0.600390 -3.358109
v 1.246196 1.156201 -3.418669
v 1.287947 1.168719 -3.436752
v 1.209602 0.947782 -3.117613
v 1.179570 0.620917 -3.387761
v 1.246196 0.808809 -3.659166
v 1.179570 0.968309 -3.147264
v 1.157254 0.644337 -3.421590
v 1.209602 1.139355 -3.394335
v 1.157254 0.991729 -3.181093
v 1.143512 0.669749 -3.458297
v 1.287947 0.821327 -3.677248
v 1.209602 0.791963 -3.634832
v 1.143512 1.017141 -3.217800
v 1.138871 0.696176 -3.496470
v 1.179570 1.118827 -3.364684
v 1.246196 1.156201 -3.418669
v 1.138871 1.043568 -3.255974
v 1.143512 0.722604 -3.534644
v 1.179570 0.771435 -3.605180
v 1.143512 1.069996 -3.294147
v 1.157254 0.748016 -3.571351
v 1.157254 1.095407 -3.330854
v 1.157254 1.095407 -3.330854
v 1.179570 0.771435 -3.605180
v 1.246196 0.808809 -3.659166
v 1.157254 0.748016 -3.571351
v 1.179570 1.118827 -3.364684
v 1.209602 0.791963 -3.634832
v 1.143512 1.069996 -3.294147
v 1.209602 1.139355 -3.394335
v 1.209602 1.139355 -3.394335
v 1.246196 0.808809 -3.659166
v 1.143512 0.722604 -3.534644
v 1.246196 1.156201 -3.418669
v 1.287947 0.821327 -3.677248
v 1.138871 1.043568 -3.255974
v 1.287947 1.168719 -3.436752
v 1.333248 0.829036 -3.688383
v 1.209602 0.791963 -3.634832
v 1.138871 0.696176 -3.496470
v 1.333248 1.176428 -3.447886
v 1.380361 0.831639 -3.692143
v 1.380361 0.908106 -3.060301
v 1.179570 1.118827 -3.364684
v 1.380361 1.179031 -3.451646
v 1.427473 0.829036 -3.688383
v 1.380361 0.560714 -3.300798
v 1.427473 1.176428 -3.447886
v 1.472775 0.821327 -3.677248
v 1.333248 0.563317 -3.304558
v 1.472775 1.168719 -3.436752
v 1.514525 0.808809 -3.659166
v 1.179570 0.771435 -3.605180
v 1.333248 0.910709 -3.064061
v 1.514525 1.156201 -3.418669
v 1.551120 0.791963 -3.634832
v 1.287947 0.571025 -3.315693
v 1.157254 1.095407 -3.330854
v 1.551120 1.139355 -3.394335
v 1.581152 0.771435 -3.605180
v 1.287947 0.918417 -3.075196
v 1.581152 1.118827 -3.364684
v 1.603468 0.748016 -3.571351
v 1.246196 0.583543 -3.333775
v 1.603468 1.095407 -3.330854
v 1.617210 0.722604 -3.534644
v 1.157254 0.748016 -3.571351
v 1.246196 0.930935 -3.093278
v 1.617210 1.069996 -3.294147
v 1.621850 0.696176 -3.496470
v 1.209602 0.600390 -3.358109
v 1.143512 1.069996 -3.294147
v 1.621850 1.043568 -3.255974
v 1.617210 0.669749 -3.458297
v 1.209602 0.947782 -3.117613
v 1.617210 1.017141 -3.217800
v 1.603468 0.644337 -3.421590
v 1.179570 0.620917 -3.387761
v 1.603468 0.991729 -3.181093
v 1.581152 0.620917 -3.387761
v 1.143512 0.722604 -3.534644
v 1.179570 0.968309 -3.147264
v 1.581152 0.968309 -3.147264
v 1.551120 0.600390 -3.358109
v 1.157254 0.644337 -3.421590
v 1.138871 1.043568 -3.255974
v 1.551120 0.947782 -3.117613
v 1.514525 0.583543 -3.333775
v 1.157254 0.991729 -3.181093
v 1.514525 0.930935 -3.093278
v 1.472775 0.571025 -3.315693
v 1.143512 0.669749 -3.458297
v 1.472775 0.918417 -3.075196
v 1.427473 0.563317 -3.304558
v 1.138871 0.696176 -3.496470
v 1.143512 1.017141 -3.217800
v 1.427473 0.910709 -3.064061
v 1.380361 0.438273 -3.441318
v 1.342323 0.440375 -3.444354
v 1.305748 0.446599 -3.453344
v 1.272040 0.456705 -3.467942
v 1.242494 0.470307 -3.487590
v 1.218247 0.486880 -3.511529
v 1.200230 0.505789 -3.538842
v 1.189135 0.526306 -3.568479
v 1.185388 0.547643 -3.599299
v 1.189135 0.568979 -3.630120
v 1.200230 0.589496 -3.659756
v 1.218247 0.608405 -3.687069
v 1.242494 0.624978 -3.711009
v 1.272040 0.638580 -3.730656
v 1.305748 0.648686 -3.745255
v 1.342323 0.654910 -3.754245
v 1.380361 0.657012 -3.757280
v 1.418398 0.654910 -3.754245
v 1.454973 0.648686 -3.745255
v 1.488682 0.638580 -3.730656
v 1.518227 0.624978 -3.711009
v 1.542475 0.608405 -3.687069
v 1.560492 0.589496 -3.659756
v 1.571587 0.568979 -3.630120
v 1.575333 0.547643 -3.599299
v 1.571587 0.526306 -3.568479
v 1.560492 0.505789 -3.538842
v 1.542475 0.486880 -3.511529
v 1.518227 0.470307 -3.487590
v 1.488682 0.456705 -3.467942
v 1.454973 0.446599 -3.453344
v 1.418398 0.440375 -3.444354
v 1.380361 0.436783 -3.479969
v 1.348446 0.438546 -3.482516
v 1.317758 0.443768 -3.490058
v 1.289477 0.452248 -3.502307
v 1.264687 0.463659 -3.518792
v 1.244343 0.477565 -3.538878
v 1.229226 0.493430 -3.561794
v 1.219917 0.510644 -3.586660
v 1.216773 0.528546 -3.612519
v 1.219917 0.546448 -3.638379
v 1.229226 0.563663 -3.663244
v 1.244343 0.579527 -3.686161
v 1.264687 0.593433 -3.706247
v 1.289477 0.604845 -3.722731
v 1.317758 0.613325 -3.734980
v 1.348446 0.618547 -3.742523
v 1.380361 0.620310 -3.745070
v 1.412275 0.618547 -3.742523
v 1.442963 0.613325 -3.734980
v 1.471245 0.604845 -3.722731
v 1.496035 0.593433 -3.706247
v 1.516379 0.579527 -3.686161
v 1.531496 0.563663 -3.663244
v 1.540805 0.546448 -3.638379
v 1.543948 0.528546 -3.612519
v 1.540805 0.510644 -3.586660
v 1.531496 0.493430 -3.561794
v 1.516379 0.477565 -3.538878
v 1.496035 0.463659 -3.518792
v 1.471245 0.452248 -3.502307
v 1.442963 0.443768 -3.490058
v 1.412275 0.438546 -3.482516
v 1.380361 0.436783 -3.479969
v 1.348446 0.438546 -3.482516
v 1.317758 0.443768 -3.490058
v 1.289477 0.452248 -3.502307
v 1.264687 0.463659 -3.518792
v 1.244343 0.477565 -3.538878
v 1.229226 0.493430 -3.561794
v 1.219917 0.510644 -3.586660
v 1.216773 0.528546 -3.612519
v 1.219917 0.546448 -3.638379
v 1.229226 0.563663 -3.663244
v 1.244343 0.579527 -3.686161
v 1.264687 0.593433 -3.706247
v 1.289477 0.604845 -3.722731
v 1.317758 0.613325 -3.734980
v 1.348446 0.618547 -3.742523
v 1.380361 0.620310 -3.745070
v 1.412275 0.618547 -3.742523
v 1.442963 0.613325 -3.734980
v 1.471245 0.604845 -3.722731
v 1.496035 0.593433 -3.706247
v 1.516379 0.579527 -3.686161
v 1.531496 0.563663 -3.663244
v 1.540805 0.546448 -3.638379
v 1.543948 0.528546 -3.612519
v 1.540805 0.510644 -3.586660
v 1.531496 0.493430 -3.561794
v 1.516379 0.477565 -3.538878
v 1.496035 0.463659 -3.518792
v 1.471245 0.452248 -3.502307
v 1.442963 0.443768 -3.490058
v 1.412275 0.438546 -3.482516
v 1.380361 0.453223 -3.532863
v 1.358908 0.454408 -3.534575
v 1.338280 0.457918 -3.539645
v 1.319269 0.463618 -3.547879
v 1.302606 0.471289 -3.558959
v 1.288930 0.480637 -3.572461
v 1.278769 0.491301 -3.587865
v 1.272511 0.502872 -3.604580
v 1.270398 0.514906 -3.621962
v 1.272511 0.526940 -3.639345
v 1.278769 0.538511 -3.656059
v 1.288930 0.549175 -3.671463
v 1.302606 0.558522 -3.684965
v 1.319269 0.566193 -3.696046
v 1.338280 0.571894 -3.704280
v 1.358908 0.575404 -3.709350
v 1.380361 0.576589 -3.711062
v 1.401813 0.575404 -3.709350
v 1.422441 0.571894 -3.704280
v 1.441453 0.566193 -3.696046
v 1.458116 0.558522 -3.684965
v 1.471791 0.549175 -3.671463
v 1.481953 0.538511 -3.656059
v 1.488210 0.526940 -3.639345
v 1.490323 0.514906 -3.621962
v 1.488210 0.502872 -3.604580
v 1.481953 0.491301 -3.587865
v 1.471791 0.480637 -3.572461
v 1.458116 0.471289 -3.558959
v 1.441453 0.463618 -3.547879
v 1.422441 0.457918 -3.539645
v 1.401813 0.454408 -3.534575
v 1.380361 1.201883 -3.027374
v 1.360992 1.202954 -3.028919
v 1.342367 1.206123 -3.033497
v 1.325203 1.211269 -3.040931
v 1.310158 1.218195 -3.050935
v 1.297811 1.226634 -3.063126
v 1.288637 1.236263 -3.077034
v 1.282987 1.246710 -3.092124
v 1.281079 1.257575 -3.107819
v 1.282987 1.268440 -3.123513
v 1.288637 1.278887 -3.138604
v 1.297811 1.288515 -3.152512
v 1.310158 1.296955 -3.164702
v 1.325203 1.303881 -3.174706
v 1.342367 1.309027 -3.182140
v 1.360992 1.312196 -3.186718
v 1.380361 1.313266 -3.188264
v 1.399729 1.312196 -3.186718
v 1.418354 1.309027 -3.182140
v 1.435519 1.303881 -3.174706
v 1.450563 1.296955 -3.164702
v 1.462910 1.288515 -3.152512
v 1.472085 1.278887 -3.138604
v 1.477734 1.268440 -3.123513
v 1.479642 1.257575 -3.107819
v 1.477734 1.246710 -3.092124
v 1.472085 1.236263 -3.077034
v 1.462910 1.226634 -3.063126
v 1.450563 1.218195 -3.050935
v 1.435519 1.211269 -3.040931
v 1.418354 1.206123 -3.033497
v 1.399729 1.202954 -3.028919
v 1.380361 1.325074 -2.966322
v 1.364936 1.325926 -2.967553
v 1.350104 1.328450 -2.971199
v 1.336435 1.332548 -2.977119
v 1.324454 1.338064 -2.985086
v 1.314621 1.344785 -2.994794
v 1.307315 1.352452 -3.005870
v 1.302815 1.360772 -3.017888
v 1.301296 1.369425 -3.030386
v 1.302815 1.378077 -3.042884
v 1.307315 1.386397 -3.054902
v 1.314621 1.394065 -3.065978
v 1.324454 1.400785 -3.075686
v 1.336435 1.406301 -3.083653
v 1.350104 1.410400 -3.089573
v 1.364936 1.412923 -3.093219
v 1.380361 1.413776 -3.094450
v 1.395786 1.412923 -3.093219
v 1.410617 1.410400 -3.089573
v 1.424287 1.406301 -3.083653
v 1.436268 1.400785 -3.075686
v 1.446100 1.394065 -3.065978
v 1.453407 1.386397 -3.054902
v 1.457906 1.378077 -3.042884
v 1.459425 1.369425 -3.030386
v 1.457906 1.360772 -3.017888
v 1.453407 1.352452 -3.005870
v 1.446100 1.344785 -2.994794
v 1.436268 1.338064 -2.985086
v 1.424287 1.332548 -2.977119
v 1.410617 1.328450 -2.971199
v 1.395786 1.325926 -2.967553
v 1.380361 1.313733 -2.949941
v 1.360992 1.314803 -2.951487
v 1.342367 1.317972 -2.956064
v 1.325203 1.323119 -2.963498
v 1.310158 1.330045 -2.973503
v 1.297811 1.338484 -2.985693
v 1.288637 1.348112 -2.999601
v 1.282987 1.358560 -3.014692
v 1.281079 1.369425 -3.030386
v 1.282987 1.380290 -3.046080
v 1.288637 1.390737 -3.061171
v 1.297811 1.400365 -3.075079
v 1.310158 1.408804 -3.087269
v 1.325203 1.415730 -3.097274
v 1.342367 1.420877 -3.104707
v 1.360992 1.424046 -3.109285
v 1.380361 1.425116 -3.110831
v 1.399729 1.424046 -3.109285
v 1.418354 1.420877 -3.104707
v 1.435519 1.415730 -3.097274
v 1.450563 1.408804 -3.087269
v 1.462910 1.400365 -3.075079
v 1.472085 1.390737 -3.061171
v 1.477734 1.380290 -3.046080
v 1.479642 1.369425 -3.030386
v 1.477734 1.358560 -3.014692
v 1.472085 1.348112 -2.999601
v 1.462910 1.338484 -2.985693
v 1.450563 1.330045 -2.973503
v 1.435519 1.323119 -2.963498
v 1.418354 1.317972 -2.956064
v 1.399729 1.314803 -2.951487
v 1.380361 1.200689 -3.052433
v 1.364936 1.201541 -3.053664
v 1.350104 1.204065 -3.057309
v 1.336435 1.208163 -3.063230
v 1.324454 1.213679 -3.071197
v 1.314621 1.220400 -3.080904
v 1.307315 1.228067 -3.091980
v 1.302815 1.236387 -3.103998
v 1.301296 1.245040 -3.116497
v 1.302815 1.253692 -3.128995
v 1.307315 1.262012 -3.141013
v 1.314621 1.269680 -3.152089
v 1.324454 1.276400 -3.161797
v 1.336435 1.281916 -3.169764
v 1.350104 1.286015 -3.175684
v 1.364936 1.288538 -3.179330
v 1.380361 1.289391 -3.180561
v 1.395786 1.288538 -3.179330
v 1.410617 1.286015 -3.175684
v 1.424287 1.281916 -3.169764
v 1.436268 1.276400 -3.161797
v 1.446100 1.269680 -3.152089
v 1.453407 1.262012 -3.141013
v 1.457906 1.253692 -3.128995
v 1.459425 1.245040 -3.116497
v 1.457906 1.236387 -3.103998
v 1.453407 1.228067 -3.091980
v 1.446100 1.220400 -3.080904
v 1.436268 1.213679 -3.071197
v 1.424287 1.208163 -3.063230
v 1.410617 1.204065 -3.057309
v 1.395786 1.201541 -3.053664
v 1.380361 1.200689 -3.052433
v 1.364936 1.201541 -3.053664
v 1.350104 1.204065 -3.057309
v 1.336435 1.208163 -3.063230
v 1.324454 1.213679 -3.071197
v 1.314621 1.220400 -3.080904
v 1.307315 1.228067 -3.091980
v 1.302815 1.236387 -3.103998
v 1.301296 1.245040 -3.116497
v 1.302815 1.253692 -3.128995
v 1.307315 1.262012 -3.141013
v 1.314621 1.269680 -3.152089
v 1.324454 1.276400 -3.161797
v 1.336435 1.281916 -3.169764
v 1.350104 1.286015 -3.175684
v 1.364936 1.288538 -3.179330
v 1.380361 1.289391 -3.180561
v 1.395786 1.288538 -3.179330
v 1.410617 1.286015 -3.175684
v 1.424287 1.281916 -3.169764
v 1.436268 1.276400 -3.161797
v 1.446100 1.269680 -3.152089
v 1.453407 1.262012 -3.141013
v 1.457906 1.253692 -3.128995
v 1.459425 1.245040 -3.116497
v 1.457906 1.236387 -3.103998
v 1.453407 1.228067 -3.091980
v 1.446100 1.220400 -3.080904
v 1.436268 1.213679 -3.071197
v 1.424287 1.208163 -3.063230
v 1.410617 1.204065 -3.057309
v 1.395786 1.201541 -3.053664
v 1.380361 1.200689 -3.052433
v 1.364936 1.201541 -3.053664
v 1.350104 1.204065 -3.057309
v 1.336435 1.208163 -3.063230
v 1.324454 1.213679 -3.071197
v 1.314621 1.220400 -3.080904
v 1.307315 1.228067 -3.091980
v 1.302815 1.236387 -3.103998
v 1.301296 1.245040 -3.116497
v 1.302815 1.253692 -3.128995
v 1.307315 1.262012 -3.141013
v 1.314621 1.269680 -3.152089
v 1.324454 1.276400 -3.161797
v 1.336435 1.281916 -3.169764
v 1.350104 1.286015 -3.175684
v 1.364936 1.288538 -3.179330
v 1.380361 1.289391 -3.180561
v 1.395786 1.288538 -3.179330
v 1.410617 1.286015 -3.175684
v 1.424287 1.281916 -3.169764
v 1.436268 1.276400 -3.161797
v 1.446100 1.269680 -3.152089
v 1.453407 1.262012 -3.141013
v 1.457906 1.253692 -3.128995
v 1.459425 1.245040 -3.116497
v 1.457906 1.236387 -3.103998
v 1.453407 1.228067 -3.091980
v 1.446100 1.220400 -3.080904
v 1.436268 1.213679 -3.071197
v 1.424287 1.208163 -3.063230
v 1.410617 1.204065 -3.057309
v 1.395786 1.201541 -3.053664
v 1.380361 1.037290 -2.996775
v 1.337465 1.039660 -3.000198
v 1.296218 1.046679 -3.010336
v 1.258204 1.058077 -3.026800
v 1.224885 1.073415 -3.048956
v 1.197541 1.092106 -3.075954
v 1.177222 1.113429 -3.106755
v 1.164710 1.136567 -3.140177
v 1.160485 1.160629 -3.174934
v 1.164710 1.184691 -3.209691
v 1.177222 1.207828 -3.243113
v 1.197541 1.229152 -3.273914
v 1.224885 1.247842 -3.300912
v 1.258204 1.263181 -3.323068
v 1.296218 1.274578 -3.339532
v 1.337465 1.281597 -3.349670
v 1.380361 1.283967 -3.353093
v 1.423256 1.281597 -3.349670
v 1.464503 1.274578 -3.339532
v 1.502517 1.263181 -3.323068
v 1.535836 1.247842 -3.300912
v 1.563181 1.229152 -3.273914
v 1.583499 1.207828 -3.243113
v 1.596011 1.184691 -3.209691
v 1.600236 1.160629 -3.174934
v 1.596011 1.136567 -3.140177
v 1.583499 1.113429 -3.106755
v 1.563181 1.092106 -3.075954
v 1.535836 1.073415 -3.048956
v 1.502517 1.058077 -3.026800
v 1.464504 1.046679 -3.010336
v 1.423256 1.039660 -3.000198
v 1.380361 0.573797 -3.317647
v 1.337465 0.576167 -3.321070
v 1.296218 0.583186 -3.331208
v 1.258204 0.594584 -3.347672
v 1.224885 0.609922 -3.369828
v 1.197541 0.628613 -3.396826
v 1.177222 0.649936 -3.427628
v 1.164710 0.673074 -3.461049
v 1.160485 0.697136 -3.495806
v 1.164710 0.721198 -3.530563
v 1.177222 0.744335 -3.563985
v 1.197541 0.765659 -3.594786
v 1.224885 0.784349 -3.621784
v 1.258204 0.799688 -3.643940
v 1.296218 0.811085 -3.660404
v 1.337465 0.818104 -3.670542
v 1.380361 0.820474 -3.673966
v 1.423256 0.818104 -3.670542
v 1.464503 0.811085 -3.660404
v 1.502517 0.799688 -3.643940
v 1.535836 0.784349 -3.621784
v 1.563181 0.765659 -3.594786
v 1.583499 0.744335 -3.563985
v 1.596011 0.721198 -3.530564
v 1.600236 0.697136 -3.495806
v 1.596011 0.673074 -3.461049
v 1.583499 0.649936 -3.427628
v 1.563181 0.628613 -3.396826
v 1.535836 0.609922 -3.369828
v 1.502517 0.594584 -3.347672
v 1.464503 0.583186 -3.331208
v 1.423256 0.576167 -3.321070
v 1.380361 0.573797 -3.317647
v 1.337465 0.576167 -3.321070
v 1.296218 0.583186 -3.331208
v 1.258204 0.594584 -3.347672
v 1.224885 0.609922 -3.369828
v 1.197541 0.628613 -3.396826
v 1.177222 0.649936 -3.427628
v 1.164710 0.673074 -3.461049
v 1.160485 0.697136 -3.495806
v 1.164710 0.721198 -3.530563
v 1.177222 0.744335 -3.563985
v 1.197541 0.765659 -3.594786
v 1.224885 0.784349 -3.621784
v 1.258204 0.799688 -3.643940
v 1.296218 0.811085 -3.660404
v 1.337465 0.818104 -3.670542
v 1.380361 0.820474 -3.673966
v 1.423256 0.818104 -3.670542
v 1.464503 0.811085 -3.660404
v 1.502517 0.799688 -3.643940
v 1.535836 0.784349 -3.621784
v 1.563181 0.765659 -3.594786
v 1.583499 0.744335 -3.563985
v 1.596011 0.721198 -3.530564
v 1.600236 0.697136 -3.495806
v 1.596011 0.673074 -3.461049
v 1.583499 0.649936 -3.427628
v 1.563181 0.628613 -3.396826
v 1.535836 0.609922 -3.369828
v 1.502517 0.594584 -3.347672
v 1.464503 0.583186 -3.331208
v 1.423256 0.576167 -3.321070
v 1.380361 0.465808 -3.410892
v 1.340474 0.468012 -3.414076
v 1.302120 0.474538 -3.423503
v 1.266772 0.485136 -3.438812
v 1.235790 0.499399 -3.459414
v 1.210364 0.516778 -3.484518
v 1.191470 0.536606 -3.513159
v 1.179836 0.558121 -3.544236
v 1.175907 0.580495 -3.576555
v 1.179836 0.602869 -3.608875
v 1.191470 0.624384 -3.639952
v 1.210364 0.644212 -3.668593
v 1.235790 0.661591 -3.693697
v 1.266772 0.675854 -3.714299
v 1.302120 0.686452 -3.729608
v 1.340474 0.692979 -3.739035
v 1.380361 0.695182 -3.742219
v 1.420247 0.692979 -3.739035
v 1.458601 0.686452 -3.729608
v 1.493949 0.675854 -3.714299
v 1.524931 0.661591 -3.693697
v 1.550357 0.644212 -3.668593
v 1.569251 0.624384 -3.639952
v 1.580885 0.602869 -3.608875
v 1.584814 0.580495 -3.576555
v 1.580885 0.558121 -3.544236
v 1.569251 0.536606 -3.513159
v 1.550357 0.516778 -3.484518
v 1.524931 0.499399 -3.459414
v 1.493949 0.485136 -3.438812
v 1.458601 0.474538 -3.423503
v 1.420247 0.468012 -3.414076
v 1.380361 0.449804 -3.456643
v 1.346117 0.451696 -3.459375
v 1.313189 0.457299 -3.467469
v 1.282843 0.466398 -3.480612
v 1.256244 0.478643 -3.498299
v 1.234415 0.493563 -3.519852
v 1.218194 0.510586 -3.544441
v 1.208206 0.529057 -3.571121
v 1.204833 0.548265 -3.598868
v 1.208206 0.567474 -3.626615
v 1.218194 0.585945 -3.653295
v 1.234415 0.602968 -3.677884
v 1.256244 0.617888 -3.699436
v 1.282843 0.630133 -3.717124
v 1.313189 0.639232 -3.730267
v 1.346117 0.644835 -3.738360
v 1.380361 0.646727 -3.741093
v 1.414604 0.644835 -3.738360
v 1.447532 0.639232 -3.730267
v 1.477879 0.630133 -3.717124
v 1.504477 0.617888 -3.699436
v 1.526307 0.602968 -3.677884
v 1.542527 0.585945 -3.653295
v 1.552515 0.567474 -3.626615
v 1.555888 0.548265 -3.598868
v 1.552515 0.529056 -3.571121
v 1.542527 0.510586 -3.544441
v 1.526307 0.493563 -3.519852
v 1.504477 0.478643 -3.498299
v 1.477879 0.466398 -3.480612
v 1.447532 0.457299 -3.467469
v 1.414604 0.451696 -3.459375
v 1.380361 0.450106 -3.457078
v 1.346222 0.451992 -3.459803
v 1.313395 0.457578 -3.467872
v 1.283142 0.466649 -3.480974
v 1.256624 0.478856 -3.498608
v 1.234862 0.493731 -3.520094
v 1.218691 0.510701 -3.544607
v 1.208733 0.529115 -3.571206
v 1.205371 0.548265 -3.598868
v 1.208733 0.567415 -3.626530
v 1.218691 0.585829 -3.653128
v 1.234862 0.602800 -3.677642
v 1.256624 0.617675 -3.699128
v 1.283142 0.629882 -3.716761
v 1.313395 0.638953 -3.729864
v 1.346222 0.644539 -3.737933
v 1.380361 0.646425 -3.740657
v 1.414499 0.644539 -3.737933
v 1.447326 0.638953 -3.729864
v 1.477580 0.629882 -3.716761
v 1.504097 0.617675 -3.699128
v 1.525859 0.602800 -3.677642
v 1.542030 0.585829 -3.653128
v 1.551988 0.567415 -3.626530
v 1.555350 0.548265 -3.598868
v 1.551988 0.529115 -3.571206
v 1.542030 0.510701 -3.544607
v 1.525859 0.493731 -3.520094
v 1.504097 0.478856 -3.498608
v 1.477580 0.466649 -3.480974
v 1.447326 0.457578 -3.467872
v 1.414499 0.451992 -3.459803
v 1.380361 0.458691 -3.508833
v 1.355613 0.460058 -3.510808
v 1.331816 0.464108 -3.516657
v 1.309885 0.470683 -3.526155
v 1.290662 0.479533 -3.538938
v 1.274887 0.490316 -3.554513
v 1.263164 0.502618 -3.572284
v 1.255946 0.515966 -3.591565
v 1.253508 0.529849 -3.611618
v 1.255946 0.543731 -3.631670
v 1.263164 0.557079 -3.650952
v 1.274887 0.569381 -3.668722
v 1.290662 0.580164 -3.684298
v 1.309885 0.589014 -3.697081
v 1.331816 0.595589 -3.706579
v 1.355613 0.599639 -3.712428
v 1.380361 0.601006 -3.714403
v 1.405108 0.599639 -3.712428
v 1.428905 0.595589 -3.706579
v 1.450836 0.589014 -3.697081
v 1.470059 0.580164 -3.684298
v 1.485834 0.569381 -3.668722
v 1.497557 0.557079 -3.650952
v 1.504776 0.543731 -3.631670
v 1.507213 0.529849 -3.611618
v 1.504776 0.515966 -3.591565
v 1.497557 0.502618 -3.572284
v 1.485834 0.490316 -3.554513
v 1.470059 0.479533 -3.538938
v 1.450836 0.470683 -3.526155
v 1.428905 0.464108 -3.516657
v 1.405108 0.460058 -3.510808
v 1.380361 1.048760 -2.986733
v 1.380361 0.996526 -2.999089
v 1.380361 1.032664 -2.985974
v 1.380361 1.013544 -2.990497
v 1.333248 0.999128 -3.002849
v 1.337123 1.051149 -2.990184
v 1.333768 1.016119 -2.994215
v 1.335186 1.035159 -2.989579
v 1.287947 1.006837 -3.013984
v 1.295547 1.058223 -3.000403
v 1.288965 1.023742 -3.005227
v 1.291747 1.042551 -3.000256
v 1.246196 1.019355 -3.032066
v 1.257231 1.069712 -3.016998
v 1.247675 1.036122 -3.023110
v 1.251714 1.054554 -3.017595
v 1.209602 1.036201 -3.056400
v 1.223646 1.085173 -3.039331
v 1.211483 1.052783 -3.047176
v 1.216624 1.070708 -3.040928
v 1.179570 1.056729 -3.086052
v 1.196083 1.104012 -3.066544
v 1.181782 1.073085 -3.076501
v 1.187827 1.090391 -3.069360
v 1.157254 1.080149 -3.119881
v 1.175603 1.125506 -3.097591
v 1.159712 1.096246 -3.109957
v 1.166428 1.112848 -3.101799
v 1.143512 1.105560 -3.156588
v 1.162991 1.148827 -3.131279
v 1.146121 1.121378 -3.146260
v 1.153251 1.137215 -3.136996
v 1.138871 1.131988 -3.194762
v 1.158732 1.173081 -3.166313
v 1.141532 1.147514 -3.184013
v 1.148802 1.162556 -3.173600
v 1.143512 1.158415 -3.232935
v 1.162991 1.197335 -3.201347
v 1.146121 1.173651 -3.221766
v 1.153251 1.187896 -3.210204
v 1.157254 1.183827 -3.269642
v 1.175603 1.220657 -3.235035
v 1.159712 1.198782 -3.258069
v 1.166428 1.212263 -3.245401
v 1.179570 1.207247 -3.303472
v 1.196083 1.242151 -3.266082
v 1.181782 1.221944 -3.291525
v 1.187827 1.234720 -3.277839
v 1.209602 1.227774 -3.333123
v 1.223646 1.260990 -3.293295
v 1.211483 1.242245 -3.320850
v 1.216624 1.254403 -3.306272
v 1.246196 1.244621 -3.357457
v 1.257231 1.276451 -3.315628
v 1.247675 1.258906 -3.344916
v 1.251714 1.270557 -3.329605
v 1.287947 1.257139 -3.375539
v 1.295547 1.287940 -3.332223
v 1.288965 1.271286 -3.362799
v 1.291747 1.282560 -3.346944
v 1.333248 1.264847 -3.386674
v 1.337123 1.295014 -3.342442
v 1.333768 1.278910 -3.373811
v 1.335186 1.289952 -3.357621
v 1.380361 1.267450 -3.390434
v 1.380361 1.297403 -3.345893
v 1.380361 1.281484 -3.377529
v 1.380361 1.292447 -3.361226
v 1.427473 1.264847 -3.386674
v 1.423598 1.295014 -3.342442
v 1.426954 1.278910 -3.373811
v 1.425536 1.289952 -3.357621
v 1.472775 1.257139 -3.375539
v 1.465174 1.287940 -3.332223
v 1.471756 1.271286 -3.362799
v 1.468974 1.282560 -3.346944
v 1.514525 1.244621 -3.357457
v 1.503491 1.276451 -3.315628
v 1.513047 1.258906 -3.344916
v 1.509008 1.270557 -3.329605
v 1.551120 1.227774 -3.333123
v 1.537076 1.260990 -3.293295
v 1.549238 1.242245 -3.320850
v 1.544098 1.254403 -3.306272
v 1.581152 1.207247 -3.303472
v 1.564638 1.242151 -3.266082
v 1.578939 1.221944 -3.291525
v 1.572895 1.234720 -3.277839
v 1.603468 1.183827 -3.269642
v 1.585119 1.220657 -3.235035
v 1.601009 1.198782 -3.258069
v 1.594293 1.212263 -3.245401
v 1.617210 1.158415 -3.232935
v 1.597731 1.197335 -3.201347
v 1.614600 1.173651 -3.221766
v 1.607470 1.187896 -3.210204
v 1.621850 1.131988 -3.194762
v 1.601989 1.173081 -3.166313
v 1.619189 1.147514 -3.184013
v 1.611920 1.162556 -3.173600
v 1.617210 1.105560 -3.156588
v 1.597731 1.148827 -3.131279
v 1.614600 1.121378 -3.146260
v 1.607470 1.137215 -3.136996
v 1.603468 1.080149 -3.119881
v 1.585119 1.125506 -3.097591
v 1.601009 1.096246 -3.109957
v 1.594293 1.112848 -3.101799
v 1.581152 1.056729 -3.086052
v 1.564638 1.104012 -3.066544
v 1.578939 1.073085 -3.076501
v 1.572895 1.090391 -3.069360
v 1.551120 1.036201 -3.056400
v 1.537076 1.085173 -3.039331
v 1.549238 1.052783 -3.047176
v 1.544098 1.070708 -3.040928
v 1.514525 1.019355 -3.032066
v 1.503491 1.069712 -3.016998
v 1.513047 1.036122 -3.023110
v 1.509008 1.054554 -3.017595
v 1.472775 1.006837 -3.013984
v 1.465174 1.058223 -3.000403
v 1.471756 1.023742 -3.005227
v 1.468974 1.042551 -3.000256
v 1.427473 0.999128 -3.002849
v 1.423598 1.051149 -2.990184
v 1.426954 1.016119 -2.994215
v 1.425536 1.035159 -2.989579
v 1.138871 0.696176 -3.496470
v 1.246196 0.930935 -3.093278
v 1.179570 0.968309 -3.147264
v 1.138871 1.043568 -3.255974
v 1.143512 0.722604 -3.534644
v 1.246196 0.583543 -3.333775
v 1.143512 1.069996 -3.294147
v 1.157254 0.748016 -3.571351
v 1.287947 0.918417 -3.075196
v 1.157254 1.095407 -3.330854
v 1.179570 0.771435 -3.605180
v 1.179570 0.620917 -3.387761
v 1.287947 0.571025 -3.315693
v 1.179570 1.118827 -3.364684
v 1.209602 0.791963 -3.634832
v 1.333248 0.910709 -3.064061
v 1.209602 0.947782 -3.117613
v 1.209602 1.139355 -3.394335
v 1.246196 0.808809 -3.659166
v 1.333248 0.563317 -3.304558
v 1.246196 1.156201 -3.418669
v 1.287947 0.821327 -3.677248
v 1.380361 0.560714 -3.300798
v 1.287947 1.168719 -3.436752
v 1.333248 0.829036 -3.688383
v 1.209602 0.600390 -3.358109
v 1.380361 0.908106 -3.060301
v 1.333248 1.176428 -3.447886
v 1.380361 0.831639 -3.692143
v 1.138871 0.696176 -3.496470
v 1.246196 0.930935 -3.093278
v 1.380361 1.179031 -3.451646
v 1.427473 0.829036 -3.688383
v 1.138871 1.043568 -3.255974
v 1.427473 1.176428 -3.447886
v 1.472775 0.821327 -3.677248
v 1.143512 0.722604 -3.534644
v 1.472775 1.168719 -3.436752
v 1.514525 0.808809 -3.659166
v 1.246196 0.583543 -3.333775
v 1.143512 1.069996 -3.294147
v 1.514525 1.156201 -3.418669
v 1.551120 0.791963 -3.634832
v 1.157254 0.748016 -3.571351
v 1.287947 0.918417 -3.075196
v 1.551120 1.139355 -3.394335
v 1.581152 0.771435 -3.605180
v 1.157254 1.095407 -3.330854
v 1.581152 1.118827 -3.364684
v 1.603468 0.748016 -3.571351
v 1.179570 0.771435 -3.605180
v 1.603468 1.095407 -3.330854
v 1.617210 0.722604 -3.534644
v 1.287947 0.571025 -3.315693
v 1.179570 1.118827 -3.364684
v 1.617210 1.069996 -3.294147
v 1.621850 0.696176 -3.496470
v 1.209602 0.791963 -3.634832
v 1.333248 0.910709 -3.064061
v 1.621850 1.043568 -3.255974
v 1.617210 0.669749 -3.458297
v 1.209602 1.139355 -3.394335
v 1.617210 1.017141 -3.217800
v 1.603468 0.644337 -3.421590
v 1.246196 0.808809 -3.659166
v 1.603468 0.991729 -3.181093
v 1.581152 0.620917 -3.387761
v 1.333248 0.563317 -3.304558
v 1.246196 1.156201 -3.418669
v 1.581152 0.968309 -3.147264
v 1.551120 0.600390 -3.358109
v 1.287947 0.821327 -3.677248
v 1.380361 0.560714 -3.300798
v 1.551120 0.947782 -3.117613
v 1.514525 0.583543 -3.333775
v 1.287947 1.168719 -3.436752
v 1.514525 0.930935 -3.093278
v 1.472775 0.571025 -3.315693
v 1.333248 0.829036 -3.688383
v 1.472775 0.918417 -3.075196
v 1.427473 0.563317 -3.304558
v 1.380361 0.908106 -3.060301
v 1.333248 1.176428 -3.447886
v 1.427473 0.910709 -3.064061
v 1.380361 0.831639 -3.692143
v 1.380361 0.908106 -3.060301
v 1.380361 1.179031 -3.451646
v 1.427473 0.829036 -3.688383
v 1.380361 0.560714 -3.300798
v 1.427473 1.176428 -3.447886
v 1.472775 0.821327 -3.677248
v 1.333248 0.563317 -3.304558
v 1.472775 1.168719 -3.436752
v 1.514525 0.808809 -3.659166
v 1.333248 0.910709 -3.064061
v 1.514525 1.156201 -3.418669
v 1.551120 0.791963 -3.634832
v 1.287947 0.571025 -3.315693
v 1.551120 1.139355 -3.394335
v 1.581152 0.771435 -3.605180
v 1.287947 0.918417 -3.075196
v 1.581152 1.118827 -3.364684
v 1.603468 0.748016 -3.571351
v 1.246196 0.583543 -3.333775
v 1.603468 1.095407 -3.330854
v 1.617210 0.722604 -3.534644
v 1.246196 0.930935 -3.093278
v 1.617210 1.069996 -3.294147
v 1.621850 0.696176 -3.496470
v 1.209602 0.600390 -3.358109
v 1.621850 1.043568 -3.255974
v 1.617210 0.669749 -3.458297
v 1.209602 0.947782 -3.117613
v 1.617210 1.017141 -3.217800
v 1.603468 0.644337 -3.421590
v 1.179570 0.620917 -3.387761
v 1.603468 0.991729 -3.181093
v 1.581152 0.620917 -3.387761
v 1.179570 0.968309 -3.147264
v 1.581152 0.968309 -3.147264
v 1.551120 0.600390 -3.358109
v 1.157254 0.644337 -3.421590
v 1.551120 0.947782 -3.117613
v 1.514525 0.583543 -3.333775
v 1.157254 0.991729 -3.181093
v 1.514525 0.930935 -3.093278
v 1.472775 0.571025 -3.315693
v 1.143512 0.669749 -3.458297
v 1.472775 0.918417 -3.075196
v 1.427473 0.563317 -3.304558
v 1.143512 1.017141 -3.217800
v 1.427473 0.910709 -3.064061
v 1.380361 0.831639 -3.692143
v 1.138871 0.696176 -3.496470
v 1.380361 1.179031 -3.451646
v 1.427473 0.829036 -3.688383
v 1.138871 1.043568 -3.255974
v 1.427473 1.176428 -3.447886
v 1.472775 0.821327 -3.677248
v 1.143512 0.722604 -3.534644
v 1.472775 1.168719 -3.436752
v 1.514525 0.808809 -3.659166
v 1.143512 1.069996 -3.294147
v 1.514525 1.156201 -3.418669
v 1.551120 0.791963 -3.634832
v 1.157254 0.748016 -3.571351
v 1.551120 1.139355 -3.394335
v 1.581152 0.771435 -3.605180
v 1.157254 1.095407 -3.330854
v 1.581152 1.118827 -3.364684
v 1.603468 0.748016 -3.571351
v 1.179570 0.771435 -3.605180
v 1.603468 1.095407 -3.330854
v 1.617210 0.722604 -3.534644
v 1.179570 1.118827 -3.364684
v 1.617210 1.069996 -3.294147
v 1.621850 0.696176 -3.496470
v 1.209602 0.791963 -3.634832
v 1.621850 1.043568 -3.255974
v 1.617210 0.669749 -3.458297
v 1.209602 1.139355 -3.394335
v 1.617210 1.017141 -3.217800
v 1.603468 0.644337 -3.421590
v 1.246196 0.808809 -3.659166
v 1.603468 0.991729 -3.181093
v 1.581152 0.620917 -3.387761
v 1.246196 1.156201 -3.418669
v 1.581152 0.968309 -3.147264
v 1.551120 0.600390 -3.358109
v 1.287947 0.821327 -3.677248
v 1.551120 0.947782 -3.117613
v 1.514525 0.583543 -3.333775
v 1.287947 1.168719 -3.436752
v 1.514525 0.930935 -3.093278
v 1.472775 0.571025 -3.315693
v 1.333248 0.829036 -3.688383
v 1.472775 0.918417 -3.075196
v 1.427473 0.563317 -3.304558
v 1.333248 1.176428 -3.447886
v 1.427473 0.910709 -3.064061
v 1.380361 0.831639 -3.692143
v 1.380361 1.179031 -3.451646
v 1.427473 0.829036 -3.688383
v 1.427473 1.176428 -3.447886
v 1.472775 0.821327 -3.677248
v 1.472775 1.168719 -3.436752
v 1.514525 0.808809 -3.659166
v 1.514525 1.156201 -3.418669
v 1.551120 0.791963 -3.634832
v 1.551120 1.139355 -3.394335
v 1.581152 0.771435 -3.605180
v 1.581152 1.118827 -3.364684
v 1.603468 0.748016 -3.571351
v 1.603468 1.095407 -3.330854
v 1.617210 0.722604 -3.534644
v 1.617210 1.069996 -3.294147
v 1.621850 0.696176 -3.496470
v 1.621850 1.043568 -3.255974
v 1.617210 0.669749 -3.458297
v 1.617210 1.017141 -3.217800
v 1.603468 0.644337 -3.421590
v 1.603468 0.991729 -3.181093
v 1.581152 0.620917 -3.387761
v 1.581152 0.968309 -3.147264
v 1.551120 0.600390 -3.358109
v 1.551120 0.947782 -3.117613
v 1.514525 0.583543 -3.333775
v 1.514525 0.930935 -3.093278
v 1.472775 0.571025 -3.315693
v 1.472775 0.918417 -3.075196
v 1.427473 0.563317 -3.304558
v 1.427473 0.910709 -3.064061
v 1.380361 0.831639 -3.692143
v 1.380361 1.179031 -3.451646
v 1.427473 0.829036 -3.688383
v 1.427473 1.176428 -3.447886
v 1.472775 0.821327 -3.677248
v 1.472775 1.168719 -3.436752
v 1.514525 0.808809 -3.659166
v 1.514525 1.156201 -3.418669
v 1.551120 0.791963 -3.634832
v 1.551120 1.139355 -3.394335
v 1.581152 0.771435 -3.605180
v 1.581152 1.118827 -3.364684
v 1.603468 0.748016 -3.571351
v 1.603468 1.095407 -3.330854
v 1.617210 0.722604 -3.534644
v 1.617210 1.069996 -3.294147
v 1.621850 0.696176 -3.496470
v 1.621850 1.043568 -3.255974
v 1.617210 0.669749 -3.458297
v 1.617210 1.017141 -3.217800
v 1.603468 0.644337 -3.421590
v 1.603468 0.991729 -3.181093
v 1.581152 0.620917 -3.387761
v 1.581152 0.968309 -3.147264
v 1.551120 0.600390 -3.358109
v 1.551120 0.947782 -3.117613
v 1.514525 0.583543 -3.333775
v 1.514525 0.930935 -3.093278
v 1.472775 0.571025 -3.315693
v 1.472775 0.918417 -3.075196
v 1.427473 0.563317 -3.304558
v 1.427473 0.910709 -3.064061
v 1.143512 1.017141 -3.217800
v 1.143512 0.901344 -3.297966
v 1.143512 0.785546 -3.378131
v 1.143512 0.669749 -3.458297
v 1.157254 0.991729 -3.181093
v 1.157254 0.875932 -3.261259
v 1.157254 0.760134 -3.341424
v 1.157254 0.644337 -3.421590
v 1.179570 0.968309 -3.147264
v 1.179570 0.852512 -3.227430
v 1.179570 0.736715 -3.307595
v 1.179570 0.620917 -3.387761
v 1.209602 0.947782 -3.117613
v 1.209602 0.831985 -3.197778
v 1.209602 0.716187 -3.277944
v 1.209602 0.600390 -3.358109
v 1.246196 0.930935 -3.093278
v 1.246196 0.815138 -3.173444
v 1.246196 0.699341 -3.253609
v 1.246196 0.583543 -3.333775
v 1.287947 0.918417 -3.075196
v 1.287947 0.802620 -3.155362
v 1.287947 0.686823 -3.235527
v 1.287947 0.571025 -3.315693
v 1.333248 0.910709 -3.064061
v 1.333248 0.794911 -3.144227
v 1.333248 0.679114 -3.224392
v 1.333248 0.563317 -3.304558
v 1.380361 0.560714 -3.300798
v 1.380361 0.676511 -3.220633
v 1.380361 0.792309 -3.140467
v 1.380361 0.908106 -3.060301
v 1.138871 0.696176 -3.496470
v 1.138871 0.811974 -3.416305
v 1.138871 0.927771 -3.336139
v 1.138871 1.043568 -3.255974
v 1.143512 0.722604 -3.534644
v 1.143512 0.838401 -3.454479
v 1.143512 0.954198 -3.374313
v 1.143512 1.069996 -3.294147
v 1.157254 0.748016 -3.571351
v 1.157254 0.863813 -3.491185
v 1.157254 0.979610 -3.411020
v 1.157254 1.095407 -3.330854
v 1.179570 0.771435 -3.605180
v 1.179570 0.887233 -3.525015
v 1.179570 1.003030 -3.444849
v 1.179570 1.118827 -3.364684
v 1.209602 0.791963 -3.634832
v 1.209602 0.907760 -3.554666
v 1.209602 1.023557 -3.474501
v 1.209602 1.139355 -3.394335
v 1.246196 0.808809 -3.659166
v 1.246196 0.924607 -3.579000
v 1.246196 1.040404 -3.498835
v 1.246196 1.156201 -3.418669
v 1.287947 0.821327 -3.677248
v 1.287947 0.937125 -3.597083
v 1.287947 1.052922 -3.516917
v 1.287947 1.168719 -3.436752
v 1.333248 0.829036 -3.688383
v 1.333248 0.944833 -3.608217
v 1.333248 1.060630 -3.528052
v 1.333248 1.176428 -3.447886
v 1.380361 0.831639 -3.692143
v 1.380361 0.947436 -3.611977
v 1.380361 1.063233 -3.531812
v 1.380361 1.179031 -3.451646
v 1.427473 0.829036 -3.688383
v 1.427473 0.944833 -3.608217
v 1.427473 1.060630 -3.528052
v 1.427473 1.176428 -3.447886
v 1.472775 0.821327 -3.677248
v 1.472775 0.937125 -3.597083
v 1.472775 1.052922 -3.516917
v 1.472775 1.168719 -3.436752
v 1.514525 0.808809 -3.659166
v 1.514525 0.924607 -3.579000
v 1.514525 1.040404 -3.498835
v 1.514525 1.156201 -3.418669
v 1.551120 0.791963 -3.634832
v 1.551120 0.907760 -3.554666
v 1.551120 1.023557 -3.474501
v 1.551120 1.139355 -3.394335
v 1.581152 0.771435 -3.605180
v 1.581152 0.887233 -3.525015
v 1.581152 1.003030 -3.444849
v 1.581152 1.118827 -3.364684
v 1.603468 0.748016 -3.571351
v 1.603468 0.863813 -3.491185
v 1.603468 0.979610 -3.411020
v 1.603468 1.095407 -3.330854
v 1.617210 0.722604 -3.534644
v 1.617210 0.838401 -3.454479
v 1.617210 0.954198 -3.374313
v 1.617210 1.069996 -3.294147
v 1.621850 0.696176 -3.496470
v 1.621850 0.811974 -3.416305
v 1.621850 0.927771 -3.336139
v 1.621850 1.043568 -3.255974
v 1.617210 0.669749 -3.458297
v 1.617210 0.785546 -3.378131
v 1.617210 0.901344 -3.297966
v 1.617210 1.017141 -3.217800
v 1.603468 0.644337 -3.421590
v 1.603468 0.760134 -3.341424
v 1.603468 0.875932 -3.261259
v 1.603468 0.991729 -3.181093
v 1.581152 0.620917 -3.387761
v 1.581152 0.736715 -3.307595
v 1.581152 0.852512 -3.227430
v 1.581152 0.968309 -3.147264
v 1.551120 0.600390 -3.358109
v 1.551120 0.716187 -3.277944
v 1.551120 0.831985 -3.197778
v 1.551120 0.947782 -3.117613
v 1.514525 0.583543 -3.333775
v 1.514525 0.699341 -3.253609
v 1.514525 0.815138 -3.173444
v 1.514525 0.930935 -3.093278
v 1.472775 0.571025 -3.315693
v 1.472775 0.686823 -3.235527
v 1.472775 0.802620 -3.155362
v 1.472775 0.918417 -3.075196
v 1.427473 0.563317 -3.304558
v 1.427473 0.679114 -3.224392
v 1.427473 0.794911 -3.144227
v 1.427473 0.910709 -3.064061
v -0.317045 1.799411 -5.048410
v -0.183708 0.542467 -3.909691
v -0.317045 2.196149 -4.775917
v -0.183708 1.463526 -3.272050
v -0.149953 2.203112 -4.157543
v -0.380978 1.249061 -4.813273
v -0.028829 1.272624 -4.699738
v -0.075945 2.209946 -4.066162
v -0.206835 2.035880 -4.483023
v -0.141546 1.484015 -4.865074
v -0.192651 2.143960 -4.603134
v -0.199905 1.574701 -4.997227
v -0.423078 1.369839 -4.995112
v -0.227202 2.178013 -4.435619
v -0.725357 0.542467 -3.909691
v -0.725357 2.173445 -4.876393
v -0.725357 1.463526 -3.272050
v -0.725357 1.841157 -5.106433
v -0.725357 1.220673 -4.835991
v -0.725357 2.201631 -4.156883
v -0.725357 2.231737 -4.051076
v -0.725357 1.272624 -4.699738
v -0.725357 1.268808 -4.912899
v -0.725357 2.143357 -4.307457
v -0.725357 1.562227 -5.000450
v -0.725357 2.160434 -4.586317
v -0.725357 2.207708 -4.382591
v -0.725357 1.324820 -4.993807
v 0.133972 1.415578 -4.301917
v 0.116650 1.728616 -4.085204
v -0.725357 0.968075 -4.639524
v -0.725357 2.167354 -3.809274
v 0.175879 1.171776 -4.172621
v -0.725357 0.671699 -4.483757
v 0.158556 1.598187 -3.877420
v 0.157322 1.046569 -4.074139
v -0.725357 0.516477 -4.360204
v -0.725357 1.871024 -3.422463
v 0.140000 1.486671 -3.769460
v 0.151586 1.684021 -3.969163
v 0.168909 1.281955 -4.247509
v -0.725357 0.806340 -4.575277
v -0.725357 2.081691 -3.692261
v -0.613789 0.542467 -3.909691
v -0.318203 0.542467 -3.909691
v -0.629071 2.172684 -4.876920
v -0.467805 2.169359 -4.881386
v -0.528671 2.191820 -4.148210
v -0.588667 2.143357 -4.307457
v -0.297854 2.134393 -4.366730
v -0.617098 2.160434 -4.586317
v -0.282898 2.165075 -4.583104
v -0.619636 2.198664 -4.388852
v -0.289636 2.183700 -4.399211
v -0.318203 1.463526 -3.272050
v -0.613789 1.463526 -3.272050
v -0.467805 1.840091 -5.107171
v -0.629071 1.840091 -5.107171
v -0.472516 1.249729 -4.814237
v -0.614740 1.220384 -4.835574
v -0.193065 1.272624 -4.699738
v -0.583256 1.272624 -4.699738
v -0.421187 1.323466 -4.928128
v -0.588668 1.268808 -4.912899
v -0.290152 1.572168 -4.993568
v -0.617098 1.562227 -5.000450
v -0.485512 1.354642 -4.973161
v -0.619636 1.324820 -4.993807
v -0.137559 1.011656 -4.609353
v -0.541866 0.968075 -4.639524
v -0.541866 2.167354 -3.809274
v -0.137559 2.145563 -3.824360
v -0.539180 2.125090 -3.778298
v -0.137559 1.986184 -3.570456
v -0.137559 0.713738 -4.451358
v -0.534362 0.670156 -4.481530
v -0.137559 0.560739 -4.331017
v -0.539686 0.517158 -4.361187
v -0.539686 1.871705 -3.423447
v -0.137559 1.849915 -3.438532
v -0.538114 2.079335 -3.688089
v -0.137559 2.089854 -3.680807
v -0.137559 0.847158 -4.541113
v -0.538114 0.803576 -4.571284
v -0.136292 1.443483 -4.804561
v -0.201582 2.027362 -4.400346
v -0.725357 2.165727 -4.237208
v -0.725357 1.244484 -4.874976
v -0.429462 1.287378 -4.873211
v -0.598521 1.249408 -4.882089
v -0.482289 2.195544 -4.218826
v 0.096568 1.734561 -4.107533
v 0.113891 1.443702 -4.307477
v -0.725357 1.002441 -4.646319
v -0.725357 2.174619 -3.836560
v -0.137559 1.046023 -4.616148
v -0.546537 1.002441 -4.646319
v -0.598521 2.170391 -4.244501
v -0.614740 2.201342 -4.156465
v -0.306130 2.144309 -4.279965
v -0.228385 2.196403 -4.147851
v -0.583256 2.231737 -4.051076
v -0.240181 2.209946 -4.066162
v -0.546537 2.174619 -3.836560
v -0.137559 2.152828 -3.851646
v -0.284014 2.196383 -4.150105
v -0.571352 2.225954 -4.055857
v -0.241363 2.233547 -4.023094
v -0.362936 2.196003 -4.218508
v -0.527979 2.167699 -3.872449
v -0.283485 2.172520 -3.869111
v -0.528378 2.160542 -4.136787
v -0.283720 2.162908 -4.140204
v -0.571026 2.169312 -4.027581
v -0.241037 2.169312 -4.027581
v -0.482165 2.167163 -4.218548
v -0.362734 2.168454 -4.217655
v -0.528467 2.133277 -3.876304
v -0.283200 2.137384 -3.873460
v -0.471437 2.156645 -4.133176
v -0.362709 2.161035 -3.944054
v -0.356196 2.156645 -4.133176
v -0.421983 2.172424 -4.137709
v -0.522758 2.169312 -4.027581
v -0.312781 2.169312 -4.027581
v -0.480116 2.161035 -3.944054
v -0.367872 2.187117 -4.811475
v -0.164545 2.201600 -4.155358
v -0.131315 2.209946 -4.066162
v -0.238249 2.155059 -4.396581
v -0.223076 2.151079 -4.596381
v -0.248251 2.179931 -4.423345
v 0.079481 1.858946 -4.004352
v 0.115339 1.718757 -3.781019
v 0.098801 1.598895 -3.664980
v 0.106679 1.810604 -3.879035
v -0.367872 1.813126 -5.068221
v -0.411839 1.249286 -4.813598
v -0.084199 1.272624 -4.699738
v -0.361582 1.344132 -4.957979
v -0.230331 1.573847 -4.995994
v -0.444127 1.364715 -4.987711
v 0.090964 1.300977 -4.390628
v 0.126821 1.038930 -4.251657
v 0.110284 0.904353 -4.145805
v 0.118161 1.156945 -4.331558
v -0.359433 1.293861 -4.882575
v -0.236100 2.150394 -4.289604
v 0.073281 1.331205 -4.396605
v 0.061799 1.865336 -4.028352
v -0.183708 1.002996 -3.590871
v -0.317045 1.997780 -4.912164
v -0.167528 1.726087 -4.485408
v -0.052387 1.741285 -4.382950
v -0.134291 1.771877 -4.665790
v -0.192651 1.854360 -4.803621
v -0.227202 1.773926 -4.715366
v -0.725357 1.002996 -3.590871
v -0.725357 2.007301 -4.991413
v 0.125311 1.572097 -4.193560
v 0.167217 1.384981 -4.025021
v 0.148661 1.266620 -3.921799
v 0.160247 1.482988 -4.108336
v -0.318203 1.002996 -3.590871
v -0.613789 1.002996 -3.590871
v -0.629071 2.006387 -4.992045
v -0.467805 2.004725 -4.994279
v -0.129038 1.747352 -4.594195
v 0.105229 1.589132 -4.207505
v -0.367872 2.000121 -4.939848
v -0.612393 1.884789 -3.435871
v -0.612471 2.080717 -3.690085
v -0.421750 1.860810 -3.430990
v -0.534362 1.975665 -3.577738
v -0.360123 1.855362 -3.434761
v -0.137559 1.946739 -3.545936
v -0.725357 2.114676 -3.762778
v -0.259647 1.996545 -3.573813
v -0.224131 2.100749 -3.673264
v -0.267704 2.156459 -3.816817
v -0.180845 2.095301 -3.677035
v -0.539990 2.163396 -3.772017
v -0.137559 2.141605 -3.787102
v -0.725357 1.975011 -3.576727
v -0.394162 2.108921 -3.667607
v -0.725357 2.150986 -3.750140
v -0.614347 2.167354 -3.809274
v -0.613409 2.120276 -3.709730
v -0.537024 1.939840 -3.489408
v -0.610575 1.871365 -3.422955
v -0.420419 1.903136 -3.459671
v -0.359426 1.956004 -3.539522
v -0.248176 1.988907 -3.568570
v -0.267466 2.148640 -3.782233
v -0.272480 2.143040 -3.760201
v -0.539180 2.157400 -3.755930
v -0.541266 1.950459 -3.500700
v -0.725357 1.946821 -3.498430
v -0.367760 1.964524 -3.545645
v -0.425231 1.914682 -3.470444
v -0.393444 2.102121 -3.651975
v -0.541266 1.918149 -3.523067
v -0.725357 1.915009 -3.520453
v -0.419088 1.964769 -3.585281
v -0.419754 1.932920 -3.555503
v -0.425231 1.882373 -3.492812
v -0.358792 1.959322 -3.589052
v -0.367760 1.932214 -3.568012
v -0.259647 1.964235 -3.596181
v -0.267704 2.073887 -3.691860
v -0.237087 2.069521 -3.693537
v -0.393444 2.069811 -3.674343
v -0.272480 2.110730 -3.782569
v -0.611047 2.083453 -3.717169
v -0.612393 1.852479 -3.458238
v -0.237087 2.101831 -3.671169
v -0.611047 2.115762 -3.694801
v -0.725357 1.943084 -3.501017
v -0.725357 1.921832 -3.515730
v -0.725357 2.153601 -3.763388
v -0.615228 2.046746 -4.912913
v -0.615228 2.108199 -5.001680
v -0.615228 1.869304 -5.035755
v -0.615228 1.930756 -5.124522
v -0.831042 2.046746 -4.912913
v -0.831042 2.108199 -5.001680
v -0.831042 1.869304 -5.035755
v -0.831042 1.930756 -5.124522
v -0.677753 2.005007 -5.026822
v -0.460858 2.089208 -5.142918
v -0.677753 1.934918 -5.043753
v -0.460858 1.913001 -5.185484
v -0.709721 2.011419 -5.053367
v -0.612622 2.119651 -5.268934
v -0.709721 1.941331 -5.070298
v -0.612622 1.943444 -5.311501
v -0.699066 1.939193 -5.061450
v -0.688409 1.937056 -5.052601
v -0.382331 1.994659 -5.364666
v -0.433922 2.005008 -5.407505
v -0.688409 2.007144 -5.035670
v -0.699066 2.009282 -5.044518
v -0.433922 2.108701 -5.382455
v -0.382331 2.098352 -5.339616
v -0.569466 2.063473 -5.081058
v -0.569466 1.907659 -5.118698
v -0.661011 1.926022 -5.194712
v -0.661011 2.081836 -5.157071
v -0.630496 2.075715 -5.131733
v -0.599981 2.069594 -5.106395
v -0.599981 1.913780 -5.144036
v -0.630496 1.919901 -5.169374
v 1.056441 2.005007 -5.026822
v 1.273336 2.089208 -5.142918
v 1.056441 1.934918 -5.043753
v 1.273336 1.913001 -5.185484
v 1.024473 2.011419 -5.053367
v 1.121572 2.119651 -5.268934
v 1.024473 1.941331 -5.070298
v 1.121572 1.943444 -5.311501
v 1.035128 1.939193 -5.061450
v 1.045785 1.937056 -5.052601
v 1.351863 1.994659 -5.364666
v 1.300272 2.005008 -5.407505
v 1.045785 2.007144 -5.035670
v 1.035128 2.009282 -5.044518
v 1.300272 2.108701 -5.382455
v 1.351863 2.098352 -5.339616
v 1.164728 2.063473 -5.081058
v 1.164728 1.907659 -5.118698
v 1.073183 1.926022 -5.194712
v 1.073183 2.081836 -5.157071
v 1.103698 2.075715 -5.131733
v 1.134213 2.069594 -5.106395
v 1.134213 1.913780 -5.144036
v 1.103698 1.919901 -5.169374
v 1.118966 2.046746 -4.912913
v 1.118966 2.108199 -5.001680
v 1.118966 1.869304 -5.035755
v 1.118966 1.930756 -5.124522
v 0.903152 2.046746 -4.912913
v 0.903152 2.108199 -5.001680
v 0.903152 1.869304 -5.035755
v 0.903152 1.930756 -5.124522
v 1.417149 1.799411 -5.048410
v 1.550486 0.542467 -3.909691
v 1.417149 2.196149 -4.775917
v 1.550486 1.463526 -3.272050
v 1.584241 2.203112 -4.157543
v 1.353215 1.249061 -4.813273
v 1.705365 1.272624 -4.699738
v 1.658249 2.209946 -4.066162
v 1.527359 2.035880 -4.483023
v 1.592648 1.484015 -4.865074
v 1.541543 2.143960 -4.603134
v 1.534289 1.574701 -4.997227
v 1.311116 1.369839 -4.995112
v 1.506992 2.178013 -4.435619
v 1.008837 0.542467 -3.909691
v 1.008837 2.173445 -4.876393
v 1.008837 1.463526 -3.272050
v 1.008837 1.841157 -5.106433
v 1.008837 1.220673 -4.835991
v 1.008837 2.201631 -4.156883
v 1.008837 2.231737 -4.051076
v 1.008837 1.272624 -4.699738
v 1.008837 1.268808 -4.912899
v 1.008837 2.143357 -4.307457
v 1.008837 1.562227 -5.000450
v 1.008837 2.160434 -4.586317
v 1.008837 2.207708 -4.382591
v 1.008837 1.324820 -4.993807
v 1.868166 1.415578 -4.301917
v 1.850844 1.728616 -4.085204
v 1.008837 0.968075 -4.639524
v 1.008837 2.167354 -3.809274
v 1.910073 1.171776 -4.172621
v 1.008837 0.671699 -4.483757
v 1.892750 1.598187 -3.877420
v 1.891516 1.046569 -4.074139
v 1.008837 0.516477 -4.360204
v 1.008837 1.871024 -3.422463
v 1.874193 1.486671 -3.769460
v 1.885780 1.684021 -3.969163
v 1.903103 1.281955 -4.247509
v 1.008837 0.806340 -4.575277
v 1.008837 2.081691 -3.692261
v 1.120405 0.542467 -3.909691
v 1.415991 0.542467 -3.909691
v 1.105123 2.172684 -4.876920
v 1.266389 2.169359 -4.881386
v 1.205523 2.191820 -4.148210
v 1.145526 2.143357 -4.307457
v 1.436340 2.134393 -4.366730
v 1.117096 2.160434 -4.586317
v 1.451296 2.165075 -4.583104
v 1.114558 2.198664 -4.388852
v 1.444558 2.183700 -4.399211
v 1.415991 1.463526 -3.272050
v 1.120405 1.463526 -3.272050
v 1.266389 1.840091 -5.107171
v 1.105123 1.840091 -5.107171
v 1.261678 1.249729 -4.814237
v 1.119454 1.220384 -4.835574
v 1.541129 1.272624 -4.699738
v 1.150937 1.272624 -4.699738
v 1.313007 1.323466 -4.928128
v 1.145526 1.268808 -4.912899
v 1.444042 1.572168 -4.993568
v 1.117096 1.562227 -5.000450
v 1.248682 1.354642 -4.973161
v 1.114558 1.324820 -4.993807
v 1.596635 1.011656 -4.609353
v 1.192328 0.968075 -4.639524
v 1.192328 2.167354 -3.809274
v 1.596635 2.145563 -3.824360
v 1.195014 2.125090 -3.778298
v 1.596635 1.986184 -3.570456
v 1.596635 0.713738 -4.451358
v 1.199832 0.670156 -4.481530
v 1.596635 0.560739 -4.331017
v 1.194508 0.517158 -4.361187
v 1.194508 1.871705 -3.423447
v 1.596635 1.849915 -3.438532
v 1.196080 2.079335 -3.688089
v 1.596635 2.089854 -3.680807
v 1.596635 0.847158 -4.541113
v 1.196080 0.803576 -4.571284
v 1.597902 1.443483 -4.804561
v 1.532612 2.027362 -4.400346
v 1.008837 2.165727 -4.237208
v 1.008837 1.244484 -4.874976
v 1.304732 1.287378 -4.873211
v 1.135673 1.249408 -4.882089
v 1.251905 2.195544 -4.218826
v 1.830762 1.734561 -4.107533
v 1.848085 1.443702 -4.307477
v 1.008837 1.002441 -4.646319
v 1.008837 2.174619 -3.836560
v 1.596635 1.046023 -4.616148
v 1.187657 1.002441 -4.646319
v 1.135673 2.170391 -4.244501
v 1.119454 2.201342 -4.156465
v 1.428064 2.144309 -4.279965
v 1.505808 2.196403 -4.147851
v 1.150938 2.231737 -4.051076
v 1.494012 2.209946 -4.066162
v 1.187657 2.174619 -3.836560
v 1.596635 2.152828 -3.851646
v 1.450180 2.196383 -4.150105
v 1.162842 2.225954 -4.055857
v 1.492831 2.233547 -4.023094
v 1.371258 2.196003 -4.218508
v 1.206214 2.167699 -3.872449
v 1.450709 2.172520 -3.869111
v 1.205816 2.160542 -4.136787
v 1.450474 2.162908 -4.140204
v 1.163168 2.169312 -4.027581
v 1.493157 2.169312 -4.027581
v 1.252029 2.167163 -4.218548
v 1.371460 2.168454 -4.217655
v 1.205727 2.133277 -3.876304
v 1.450994 2.137384 -3.873460
v 1.262757 2.156645 -4.133176
v 1.371485 2.161035 -3.944054
v 1.377998 2.156645 -4.133176
v 1.312211 2.172424 -4.137709
v 1.211436 2.169312 -4.027581
v 1.421413 2.169312 -4.027581
v 1.254078 2.161035 -3.944054
v 1.366322 2.187117 -4.811475
v 1.569649 2.201600 -4.155358
v 1.602879 2.209946 -4.066162
v 1.495945 2.155059 -4.396581
v 1.511118 2.151079 -4.596381
v 1.485943 2.179931 -4.423345
v 1.813675 1.858946 -4.004352
v 1.849532 1.718757 -3.781019
v 1.832995 1.598895 -3.664980
v 1.840873 1.810604 -3.879035
v 1.366322 1.813126 -5.068221
v 1.322355 1.249286 -4.813598
v 1.649995 1.272624 -4.699738
v 1.372612 1.344132 -4.957979
v 1.503863 1.573847 -4.995994
v 1.290067 1.364715 -4.987711
v 1.825158 1.300977 -4.390628
v 1.861015 1.038930 -4.251657
v 1.844478 0.904353 -4.145805
v 1.852355 1.156945 -4.331558
v 1.374761 1.293861 -4.882575
v 1.498094 2.150394 -4.289604
v 1.807475 1.331205 -4.396605
v 1.795993 1.865336 -4.028352
v 1.550486 1.002996 -3.590871
v 1.417149 1.997780 -4.912164
v 1.566666 1.726087 -4.485408
v 1.681807 1.741285 -4.382950
v 1.599903 1.771877 -4.665790
v 1.541543 1.854360 -4.803621
v 1.506992 1.773926 -4.715366
v 1.008837 1.002996 -3.590871
v 1.008837 2.007301 -4.991413
v 1.859505 1.572097 -4.193560
v 1.901411 1.384981 -4.025021
v 1.882855 1.266620 -3.921799
v 1.894441 1.482988 -4.108336
v 1.415991 1.002996 -3.590871
v 1.120405 1.002996 -3.590871
v 1.105123 2.006387 -4.992045
v 1.266389 2.004725 -4.994279
v 1.605156 1.747352 -4.594195
v 1.839423 1.589132 -4.207505
v 1.366322 2.000121 -4.939848
v 1.121800 1.884789 -3.435871
v 1.121723 2.080717 -3.690085
v 1.312444 1.860810 -3.430990
v 1.199832 1.975665 -3.577738
v 1.374071 1.855362 -3.434761
v 1.596635 1.946739 -3.545936
v 1.008837 2.114676 -3.762778
v 1.474547 1.996545 -3.573813
v 1.510063 2.100749 -3.673264
v 1.466490 2.156459 -3.816817
v 1.553349 2.095301 -3.677035
v 1.194204 2.163396 -3.772017
v 1.596635 2.141605 -3.787102
v 1.008837 1.975011 -3.576727
v 1.340032 2.108921 -3.667607
v 1.008837 2.150986 -3.750140
v 1.119847 2.167354 -3.809274
v 1.120785 2.120276 -3.709730
v 1.197170 1.939840 -3.489408
v 1.123619 1.871365 -3.422955
v 1.313775 1.903136 -3.459671
v 1.374768 1.956004 -3.539522
v 1.486018 1.988907 -3.568570
v 1.466728 2.148640 -3.782233
v 1.461714 2.143040 -3.760201
v 1.195014 2.157400 -3.755930
v 1.192928 1.950459 -3.500700
v 1.008837 1.946821 -3.498430
v 1.366434 1.964524 -3.545645
v 1.308963 1.914682 -3.470444
v 1.340750 2.102121 -3.651975
v 1.192928 1.918149 -3.523067
v 1.008837 1.915009 -3.520453
v 1.315106 1.964769 -3.585281
v 1.314440 1.932920 -3.555503
v 1.308963 1.882373 -3.492812
v 1.375402 1.959322 -3.589052
v 1.366434 1.932214 -3.568012
v 1.474547 1.964235 -3.596181
v 1.466490 2.073887 -3.691860
v 1.497107 2.069521 -3.693537
v 1.340750 2.069811 -3.674343
v 1.461714 2.110730 -3.782569
v 1.123147 2.083453 -3.717169
v 1.121800 1.852479 -3.458238
v 1.497107 2.101831 -3.671169
v 1.123147 2.115762 -3.694801
v 1.008837 1.943084 -3.501017
v 1.008837 1.921832 -3.515730
v 1.008837 2.153601 -3.763388
vn -0.0000 0.9336 -0.3584
vn -0.0000 -0.8157 0.5785
vn 0.1809 -0.8058 0.5639
vn 0.3553 -0.7763 0.5207
vn 0.5169 -0.7282 0.4501
vn 0.6595 -0.6629 0.3545
vn 0.7773 -0.5827 0.2373
vn 0.8655 -0.4903 0.1027
vn 0.9200 -0.3894 -0.0438
vn 0.9385 -0.2839 -0.1965
vn 0.9200 -0.1781 -0.3490
vn 0.8655 -0.0764 -0.4951
vn 0.7773 0.0170 -0.6289
vn 0.6595 0.0984 -0.7453
vn 0.5169 0.1649 -0.8400
vn 0.3553 0.2141 -0.9099
vn 0.1809 0.2442 -0.9527
vn -0.0000 0.2544 -0.9671
vn -0.1809 0.2442 -0.9527
vn -0.3553 0.2141 -0.9099
vn -0.5169 0.1649 -0.8400
vn -0.6595 0.0984 -0.7453
vn -0.7773 0.0170 -0.6289
vn -0.8655 -0.0764 -0.4951
vn -0.9200 -0.1781 -0.3490
vn -0.9385 -0.2839 -0.1965
vn -0.9200 -0.3894 -0.0438
vn -0.8655 -0.4903 0.1027
vn -0.7773 -0.5827 0.2373
vn -0.6595 -0.6629 0.3545
vn -0.5169 -0.7282 0.4501
vn -0.3553 -0.7763 0.5207
vn -0.1809 -0.8058 0.5639
vn -0.0000 0.6237 0.7817
vn -0.0000 0.5823 0.8129
vn 0.3942 0.5641 0.7256
vn 0.3119 0.6150 0.7242
vn 0.6559 0.5325 0.5350
vn 0.5498 0.5978 0.5834
vn 0.7894 0.5143 0.3352
vn 0.6967 0.5861 0.4136
vn 0.8429 0.5142 0.1587
vn 0.7717 0.5857 0.2478
vn 0.8495 0.5276 0.0078
vn 0.7971 0.5959 0.0974
vn 0.8266 0.5495 -0.1214
vn 0.7886 0.6139 -0.0356
vn 0.7835 0.5760 -0.2330
vn 0.7559 0.6367 -0.1523
vn 0.7254 0.6044 -0.3294
vn 0.7053 0.6618 -0.2540
vn 0.6556 0.6325 -0.4124
vn 0.6410 0.6872 -0.3419
vn 0.5766 0.6590 -0.4830
vn 0.5660 0.7114 -0.4166
vn 0.4903 0.6827 -0.5418
vn 0.4827 0.7332 -0.4790
vn 0.3983 0.7029 -0.5893
vn 0.3929 0.7520 -0.5293
vn 0.3022 0.7190 -0.6259
vn 0.2985 0.7670 -0.5680
vn 0.2030 0.7307 -0.6518
vn 0.2007 0.7779 -0.5954
vn 0.1020 0.7378 -0.6672
vn 0.1009 0.7846 -0.6118
vn -0.0000 0.7402 -0.6724
vn -0.0000 0.7868 -0.6172
vn -0.1020 0.7378 -0.6672
vn -0.1009 0.7846 -0.6118
vn -0.2030 0.7307 -0.6518
vn -0.2007 0.7779 -0.5954
vn -0.3022 0.7190 -0.6259
vn -0.2985 0.7670 -0.5680
vn -0.3983 0.7029 -0.5893
vn -0.3929 0.7520 -0.5293
vn -0.4903 0.6827 -0.5418
vn -0.4827 0.7332 -0.4790
vn -0.5766 0.6590 -0.4830
vn -0.5660 0.7114 -0.4166
vn -0.6556 0.6325 -0.4124
vn -0.6410 0.6872 -0.3419
vn -0.7254 0.6044 -0.3294
vn -0.7053 0.6618 -0.2540
vn -0.7835 0.5760 -0.2330
vn -0.7559 0.6367 -0.1523
vn -0.8266 0.5495 -0.1214
vn -0.7886 0.6139 -0.0356
vn -0.8495 0.5276 0.0078
vn -0.7971 0.5959 0.0975
vn -0.8429 0.5142 0.1587
vn -0.7717 0.5857 0.2478
vn -0.7894 0.5143 0.3352
vn -0.6967 0.5861 0.4136
vn -0.6559 0.5325 0.5350
vn -0.5498 0.5978 0.5834
vn -0.3942 0.5641 0.7256
vn -0.3119 0.6150 0.7242
vn -0.0000 -0.9734 0.2291
vn 0.1428 -0.9656 0.2174
vn 0.2804 -0.9423 0.1829
vn 0.4076 -0.9043 0.1267
vn 0.5196 -0.8529 0.0507
vn 0.6120 -0.7897 -0.0421
vn 0.6810 -0.7171 -0.1484
vn 0.7236 -0.6378 -0.2639
vn 0.7380 -0.5548 -0.3841
vn 0.7236 -0.4715 -0.5040
vn 0.6810 -0.3913 -0.6190
vn 0.6120 -0.3174 -0.7243
vn 0.5196 -0.2527 -0.8161
vn 0.4076 -0.1998 -0.8910
vn 0.2804 -0.1605 -0.9464
vn 0.1428 -0.1364 -0.9803
vn -0.0000 -0.1283 -0.9917
vn -0.1428 -0.1364 -0.9803
vn -0.2804 -0.1605 -0.9464
vn -0.4076 -0.1998 -0.8910
vn -0.5196 -0.2527 -0.8162
vn -0.6120 -0.3174 -0.7243
vn -0.6810 -0.3913 -0.6190
vn -0.7236 -0.4715 -0.5040
vn -0.7380 -0.5548 -0.3841
vn -0.7236 -0.6378 -0.2639
vn -0.6810 -0.7171 -0.1484
vn -0.6120 -0.7897 -0.0421
vn -0.5196 -0.8529 0.0507
vn -0.4076 -0.9043 0.1267
vn -0.2804 -0.9423 0.1829
vn -0.1428 -0.9656 0.2174
vn -0.0000 -0.3350 -0.9422
vn 0.3307 -0.2915 -0.8976
vn 0.5421 -0.1986 -0.8165
vn 0.6447 -0.1027 -0.7575
vn 0.6832 -0.0180 -0.7300
vn 0.6853 0.0552 -0.7262
vn 0.6649 0.1189 -0.7374
vn 0.6291 0.1748 -0.7574
vn 0.5819 0.2240 -0.7818
vn 0.5258 0.2671 -0.8076
vn 0.4624 0.3042 -0.8328
vn 0.3933 0.3357 -0.8559
vn 0.3197 0.3614 -0.8759
vn 0.2427 0.3815 -0.8920
vn 0.1631 0.3958 -0.9037
vn 0.0820 0.4044 -0.9109
vn -0.0000 0.4072 -0.9133
vn -0.0820 0.4044 -0.9109
vn -0.1631 0.3958 -0.9037
vn -0.2427 0.3815 -0.8920
vn -0.3197 0.3614 -0.8759
vn -0.3933 0.3357 -0.8559
vn -0.4624 0.3042 -0.8328
vn -0.5258 0.2671 -0.8076
vn -0.5819 0.2240 -0.7818
vn -0.6291 0.1748 -0.7574
vn -0.6649 0.1189 -0.7374
vn -0.6853 0.0552 -0.7262
vn -0.6832 -0.0180 -0.7300
vn -0.6447 -0.1027 -0.7575
vn -0.5421 -0.1986 -0.8165
vn -0.3307 -0.2915 -0.8976
vn -0.0000 0.0550 -0.9985
vn 0.0841 0.0592 -0.9947
vn 0.1599 0.0713 -0.9846
vn 0.2216 0.0895 -0.9710
vn 0.2666 0.1119 -0.9573
vn 0.2949 0.1365 -0.9457
vn 0.3081 0.1617 -0.9375
vn 0.3082 0.1865 -0.9328
vn 0.2974 0.2101 -0.9313
vn 0.2777 0.2317 -0.9323
vn 0.2505 0.2511 -0.9350
vn 0.2173 0.2680 -0.9386
vn 0.1793 0.2820 -0.9425
vn 0.1376 0.2931 -0.9461
vn 0.0932 0.3011 -0.9490
vn 0.0471 0.3060 -0.9509
vn -0.0000 0.3076 -0.9515
vn -0.0471 0.3060 -0.9509
vn -0.0932 0.3011 -0.9490
vn -0.1376 0.2931 -0.9461
vn -0.1793 0.2820 -0.9425
vn -0.2173 0.2680 -0.9386
vn -0.2505 0.2511 -0.9350
vn -0.2777 0.2317 -0.9323
vn -0.2974 0.2101 -0.9313
vn -0.3082 0.1865 -0.9328
vn -0.3081 0.1617 -0.9375
vn -0.2949 0.1365 -0.9457
vn -0.2666 0.1119 -0.9573
vn -0.2216 0.0895 -0.9710
vn -0.1599 0.0713 -0.9846
vn -0.0841 0.0592 -0.9947
vn -0.0000 -0.9029 -0.4298
vn 0.0308 -0.9012 -0.4323
vn 0.0605 -0.8961 -0.4398
vn 0.0879 -0.8877 -0.4519
vn 0.1120 -0.8764 -0.4683
vn 0.1318 -0.8626 -0.4884
vn 0.1465 -0.8469 -0.5112
vn 0.1556 -0.8297 -0.5361
vn 0.1587 -0.8118 -0.5620
vn 0.1556 -0.7939 -0.5878
vn 0.1465 -0.7766 -0.6127
vn 0.1318 -0.7608 -0.6355
vn 0.1120 -0.7469 -0.6555
vn 0.0879 -0.7355 -0.6718
vn 0.0605 -0.7271 -0.6839
vn 0.0308 -0.7219 -0.6913
vn -0.0000 -0.7201 -0.6939
vn -0.0308 -0.7219 -0.6913
vn -0.0605 -0.7271 -0.6839
vn -0.0879 -0.7355 -0.6718
vn -0.1120 -0.7469 -0.6555
vn -0.1318 -0.7608 -0.6355
vn -0.1465 -0.7766 -0.6127
vn -0.1556 -0.7939 -0.5878
vn -0.1587 -0.8118 -0.5620
vn -0.1556 -0.8297 -0.5361
vn -0.1465 -0.8469 -0.5112
vn -0.1318 -0.8626 -0.4884
vn -0.1120 -0.8764 -0.4683
vn -0.0879 -0.8877 -0.4519
vn -0.0605 -0.8961 -0.4398
vn -0.0308 -0.9012 -0.4323
vn -0.0000 -0.1612 0.9869
vn 0.1737 -0.1514 0.9731
vn 0.3412 -0.1225 0.9320
vn 0.4963 -0.0753 0.8649
vn 0.6332 -0.0114 0.7739
vn 0.7465 0.0669 0.6620
vn 0.8312 0.1566 0.5335
vn 0.8836 0.2543 0.3931
vn 0.9014 0.3560 0.2465
vn 0.8836 0.4574 0.0997
vn 0.8312 0.5545 -0.0412
vn 0.7465 0.6432 -0.1705
vn 0.6332 0.7203 -0.2831
vn 0.4963 0.7830 -0.3749
vn 0.3412 0.8292 -0.4427
vn 0.1737 0.8575 -0.4843
vn -0.0000 0.8670 -0.4983
vn -0.1737 0.8575 -0.4843
vn -0.3412 0.8292 -0.4427
vn -0.4963 0.7830 -0.3749
vn -0.6332 0.7203 -0.2831
vn -0.7465 0.6432 -0.1705
vn -0.8312 0.5545 -0.0412
vn -0.8836 0.4574 0.0997
vn -0.9014 0.3560 0.2465
vn -0.8836 0.2543 0.3931
vn -0.8312 0.1566 0.5335
vn -0.7465 0.0669 0.6620
vn -0.6332 -0.0114 0.7739
vn -0.4963 -0.0753 0.8649
vn -0.3412 -0.1225 0.9320
vn -0.1737 -0.1514 0.9731
vn -0.0000 0.9891 -0.1471
vn -0.1316 0.9818 -0.1366
vn -0.2585 0.9603 -0.1053
vn -0.3761 0.9250 -0.0541
vn -0.4799 0.8772 0.0151
vn -0.5658 0.8185 0.1002
vn -0.6300 0.7509 0.1979
vn -0.6698 0.6773 0.3045
vn -0.6833 0.6004 0.4156
vn -0.6698 0.5234 0.5267
vn -0.6300 0.4496 0.6332
vn -0.5658 0.3819 0.7308
vn -0.4799 0.3230 0.8157
vn -0.3761 0.2749 0.8848
vn -0.2585 0.2395 0.9358
vn -0.1316 0.2178 0.9671
vn -0.0000 0.2105 0.9776
vn 0.1316 0.2178 0.9671
vn 0.2585 0.2395 0.9358
vn 0.3761 0.2749 0.8848
vn 0.4799 0.3230 0.8157
vn 0.5658 0.3819 0.7308
vn 0.6300 0.4496 0.6332
vn 0.6698 0.5234 0.5267
vn 0.6833 0.6004 0.4156
vn 0.6698 0.6773 0.3045
vn 0.6300 0.7510 0.1979
vn 0.5658 0.8185 0.1002
vn 0.4799 0.8772 0.0151
vn 0.3761 0.9250 -0.0541
vn 0.2585 0.9603 -0.1053
vn 0.1316 0.9818 -0.1366
vn -0.0000 0.1499 0.9887
vn 0.1400 0.1576 0.9775
vn 0.2751 0.1805 0.9443
vn 0.4003 0.2179 0.8901
vn 0.5110 0.2687 0.8165
vn 0.6026 0.3312 0.7261
vn 0.6712 0.4031 0.6221
vn 0.7138 0.4816 0.5086
vn 0.7282 0.5635 0.3901
vn 0.7138 0.6455 0.2717
vn 0.6712 0.7242 0.1583
vn 0.6026 0.7962 0.0544
vn 0.5110 0.8588 -0.0359
vn 0.4003 0.9098 -0.1093
vn 0.2751 0.9474 -0.1635
vn 0.1400 0.9704 -0.1966
vn -0.0000 0.9782 -0.2078
vn -0.1400 0.9704 -0.1966
vn -0.2751 0.9474 -0.1635
vn -0.4003 0.9098 -0.1093
vn -0.5110 0.8588 -0.0359
vn -0.6026 0.7962 0.0544
vn -0.6712 0.7242 0.1583
vn -0.7138 0.6455 0.2717
vn -0.7282 0.5635 0.3901
vn -0.7138 0.4816 0.5086
vn -0.6712 0.4031 0.6221
vn -0.6026 0.3312 0.7261
vn -0.5110 0.2687 0.8165
vn -0.4003 0.2179 0.8901
vn -0.2751 0.1805 0.9443
vn -0.1400 0.1576 0.9775
vn -0.7971 0.5959 0.0974
vn -0.7718 0.5857 0.2478
vn -0.0000 0.6237 0.7816
vn 0.7718 0.5856 0.2478
vn -0.0000 0.4037 -0.9149
vn -0.0815 0.4008 -0.9125
vn -0.1621 0.3923 -0.9054
vn -0.2412 0.3780 -0.8938
vn -0.3177 0.3580 -0.8780
vn -0.3908 0.3323 -0.8584
vn -0.4593 0.3010 -0.8357
vn -0.5221 0.2639 -0.8110
vn -0.5777 0.2209 -0.7858
vn -0.6242 0.1718 -0.7622
vn -0.6591 0.1161 -0.7430
vn -0.6785 0.0526 -0.7328
vn -0.6751 -0.0202 -0.7375
vn -0.6350 -0.1041 -0.7655
vn -0.5312 -0.1982 -0.8237
vn -0.3220 -0.2881 -0.9019
vn -0.0000 -0.3296 -0.9441
vn 0.3220 -0.2881 -0.9019
vn 0.5312 -0.1982 -0.8237
vn 0.6350 -0.1041 -0.7655
vn 0.6751 -0.0202 -0.7375
vn 0.6785 0.0526 -0.7328
vn 0.6591 0.1161 -0.7430
vn 0.6242 0.1718 -0.7622
vn 0.5777 0.2209 -0.7858
vn 0.5221 0.2639 -0.8110
vn 0.4593 0.3010 -0.8357
vn 0.3908 0.3323 -0.8584
vn 0.3177 0.3580 -0.8780
vn 0.2412 0.3780 -0.8938
vn 0.1621 0.3923 -0.9054
vn 0.0815 0.4008 -0.9125
vn -0.0000 0.1501 -0.9887
vn -0.1729 0.1404 -0.9749
vn -0.3396 0.1117 -0.9339
vn -0.4941 0.0648 -0.8670
vn -0.6303 0.0014 -0.7763
vn -0.7430 -0.0763 -0.6650
vn -0.8272 -0.1654 -0.5370
vn -0.8793 -0.2624 -0.3974
vn -0.8970 -0.3634 -0.2516
vn -0.8793 -0.4643 -0.1057
vn -0.8272 -0.5609 0.0343
vn -0.7430 -0.6493 0.1627
vn -0.6303 -0.7261 0.2746
vn -0.4941 -0.7887 0.3659
vn -0.3396 -0.8348 0.4333
vn -0.1729 -0.8631 0.4746
vn -0.0000 -0.8726 0.4885
vn 0.1729 -0.8631 0.4746
vn 0.3396 -0.8348 0.4333
vn 0.4941 -0.7887 0.3659
vn 0.6303 -0.7261 0.2746
vn 0.7430 -0.6493 0.1627
vn 0.8272 -0.5609 0.0343
vn 0.8793 -0.4643 -0.1057
vn 0.8970 -0.3634 -0.2516
vn 0.8793 -0.2624 -0.3974
vn 0.8272 -0.1654 -0.5370
vn 0.7430 -0.0763 -0.6650
vn 0.6303 0.0014 -0.7763
vn 0.4941 0.0648 -0.8670
vn 0.3396 0.1117 -0.9339
vn 0.1729 0.1404 -0.9749
vn 0.7718 0.5857 0.2478
vn 0.7971 0.5959 0.0975
vn -0.0000 0.8190 -0.5738
vn -0.0985 0.8169 -0.5682
vn -0.1959 0.8108 -0.5516
vn -0.2910 0.8007 -0.5237
vn -0.3826 0.7868 -0.4843
vn -0.4691 0.7697 -0.4331
vn -0.5487 0.7498 -0.3698
vn -0.6194 0.7279 -0.2941
vn -0.6785 0.7053 -0.2055
vn -0.7227 0.6834 -0.1034
vn -0.7476 0.6640 0.0126
vn -0.7470 0.6494 0.1427
vn -0.7115 0.6418 0.2861
vn -0.6284 0.6430 0.4378
vn -0.4827 0.6523 0.5844
vn -0.2669 0.6644 0.6981
vn -0.0000 0.6702 0.7422
vn 0.2669 0.6644 0.6981
vn 0.4827 0.6523 0.5844
vn 0.6284 0.6430 0.4378
vn 0.7115 0.6418 0.2861
vn 0.7470 0.6494 0.1427
vn 0.7476 0.6640 0.0126
vn 0.7227 0.6834 -0.1034
vn 0.6785 0.7053 -0.2055
vn 0.6194 0.7279 -0.2941
vn 0.5487 0.7498 -0.3698
vn 0.4691 0.7697 -0.4331
vn 0.3826 0.7868 -0.4843
vn 0.2910 0.8007 -0.5237
vn 0.1959 0.8108 -0.5516
vn 0.0985 0.8169 -0.5682
vn -0.0000 0.8236 -0.5672
vn -0.1800 0.8137 -0.5527
vn -0.3535 0.7844 -0.5097
vn -0.5143 0.7365 -0.4394
vn -0.6561 0.6715 -0.3443
vn -0.7733 0.5917 -0.2277
vn -0.8610 0.4998 -0.0939
vn -0.9153 0.3993 0.0519
vn -0.9337 0.2944 0.2038
vn -0.9153 0.1891 0.3555
vn -0.8610 0.0880 0.5008
vn -0.7733 -0.0049 0.6340
vn -0.6561 -0.0859 0.7498
vn -0.5143 -0.1520 0.8440
vn -0.3535 -0.2009 0.9136
vn -0.1800 -0.2309 0.9562
vn -0.0000 -0.2410 0.9705
vn 0.1800 -0.2309 0.9562
vn 0.3535 -0.2009 0.9136
vn 0.5143 -0.1520 0.8440
vn 0.6561 -0.0859 0.7498
vn 0.7733 -0.0049 0.6340
vn 0.8610 0.0880 0.5008
vn 0.9153 0.1891 0.3555
vn 0.9337 0.2944 0.2038
vn 0.9153 0.3993 0.0519
vn 0.8610 0.4998 -0.0939
vn 0.7733 0.5917 -0.2277
vn 0.6561 0.6715 -0.3443
vn 0.5143 0.7365 -0.4394
vn 0.3535 0.7844 -0.5097
vn 0.1800 0.8137 -0.5527
vn -0.0000 0.9939 0.1099
vn -0.0914 0.9889 0.1173
vn -0.1794 0.9739 0.1393
vn -0.2609 0.9494 0.1750
vn -0.3327 0.9162 0.2233
vn -0.3919 0.8755 0.2826
vn -0.4362 0.8288 0.3506
vn -0.4636 0.7777 0.4245
vn -0.4729 0.7245 0.5015
vn -0.4636 0.6711 0.5785
vn -0.4362 0.6198 0.6523
vn -0.3919 0.5727 0.7200
vn -0.3327 0.5316 0.7789
vn -0.2609 0.4980 0.8270
vn -0.1794 0.4731 0.8625
vn -0.0914 0.4579 0.8843
vn -0.0000 0.4527 0.8917
vn 0.0914 0.4579 0.8843
vn 0.1794 0.4731 0.8625
vn 0.2609 0.4980 0.8270
vn 0.3327 0.5316 0.7789
vn 0.3920 0.5727 0.7200
vn 0.4362 0.6198 0.6523
vn 0.4636 0.6711 0.5785
vn 0.4729 0.7245 0.5015
vn 0.4636 0.7777 0.4245
vn 0.4362 0.8287 0.3506
vn 0.3919 0.8755 0.2826
vn 0.3327 0.9162 0.2234
vn 0.2609 0.9494 0.1750
vn 0.1794 0.9739 0.1392
vn 0.0914 0.9889 0.1173
vn -0.0000 0.9218 0.3878
vn -0.0397 0.9195 0.3910
vn -0.0778 0.9129 0.4007
vn -0.1129 0.9021 0.4164
vn -0.1436 0.8876 0.4376
vn -0.1688 0.8700 0.4633
vn -0.1875 0.8498 0.4926
vn -0.1990 0.8279 0.5244
vn -0.2029 0.8051 0.5573
vn -0.1990 0.7823 0.5903
vn -0.1875 0.7602 0.6220
vn -0.1688 0.7399 0.6512
vn -0.1436 0.7220 0.6768
vn -0.1129 0.7074 0.6978
vn -0.0778 0.6964 0.7134
vn -0.0396 0.6897 0.7230
vn -0.0000 0.6874 0.7263
vn 0.0397 0.6897 0.7230
vn 0.0778 0.6964 0.7134
vn 0.1129 0.7073 0.6978
vn 0.1436 0.7220 0.6768
vn 0.1688 0.7399 0.6512
vn 0.1875 0.7602 0.6220
vn 0.1990 0.7823 0.5903
vn 0.2029 0.8051 0.5574
vn 0.1990 0.8279 0.5244
vn 0.1875 0.8498 0.4926
vn 0.1688 0.8700 0.4633
vn 0.1436 0.8876 0.4376
vn 0.1129 0.9021 0.4164
vn 0.0778 0.9129 0.4007
vn 0.0397 0.9195 0.3910
vn -0.0000 0.9316 0.3634
vn -0.0445 0.9292 0.3670
vn -0.0873 0.9218 0.3778
vn -0.1268 0.9098 0.3953
vn -0.1615 0.8935 0.4189
vn -0.1901 0.8737 0.4478
vn -0.2114 0.8509 0.4808
vn -0.2246 0.8262 0.5167
vn -0.2290 0.8003 0.5541
vn -0.2246 0.7745 0.5914
vn -0.2114 0.7496 0.6272
vn -0.1901 0.7267 0.6601
vn -0.1615 0.7067 0.6889
vn -0.1268 0.6903 0.7124
vn -0.0873 0.6781 0.7298
vn -0.0445 0.6706 0.7405
vn -0.0000 0.6681 0.7441
vn 0.0445 0.6706 0.7405
vn 0.0873 0.6781 0.7298
vn 0.1268 0.6903 0.7124
vn 0.1615 0.7067 0.6889
vn 0.1901 0.7267 0.6601
vn 0.2114 0.7496 0.6272
vn 0.2246 0.7745 0.5914
vn 0.2290 0.8003 0.5541
vn 0.2246 0.8262 0.5167
vn 0.2114 0.8509 0.4808
vn 0.1901 0.8737 0.4478
vn 0.1615 0.8935 0.4189
vn 0.1268 0.9098 0.3953
vn 0.0873 0.9218 0.3778
vn 0.0445 0.9292 0.3670
vn -0.0000 0.1483 0.9889
vn -0.0000 -0.5114 0.8593
vn -0.0000 -0.0966 0.9953
vn -0.0000 -0.3445 0.9388
vn 0.1920 -0.5008 0.8440
vn 0.1402 0.1563 0.9777
vn 0.1863 -0.3341 0.9239
vn 0.1680 -0.0871 0.9819
vn 0.3772 -0.4692 0.7985
vn 0.2752 0.1800 0.9444
vn 0.3659 -0.3032 0.8799
vn 0.3300 -0.0589 0.9421
vn 0.5488 -0.4175 0.7242
vn 0.4000 0.2186 0.8901
vn 0.5324 -0.2527 0.8079
vn 0.4799 -0.0129 0.8772
vn 0.7004 -0.3475 0.6234
vn 0.5099 0.2707 0.8166
vn 0.6793 -0.1844 0.7103
vn 0.6121 0.0492 0.7892
vn 0.8258 -0.2616 0.4996
vn 0.6004 0.3342 0.7265
vn 0.8008 -0.1006 0.5904
vn 0.7213 0.1251 0.6812
vn 0.9197 -0.1628 0.3572
vn 0.6680 0.4068 0.6231
vn 0.8917 -0.0045 0.4525
vn 0.8029 0.2121 0.5571
vn 0.9779 -0.0551 0.2018
vn 0.7098 0.4855 0.5103
vn 0.9480 0.1002 0.3020
vn 0.8534 0.3065 0.4216
vn 0.9976 0.0572 0.0396
vn 0.7239 0.5672 0.3927
vn 0.9671 0.2091 0.1448
vn 0.8705 0.4047 0.2802
vn 0.9779 0.1695 -0.1226
vn 0.7098 0.6486 0.2748
vn 0.9480 0.3179 -0.0125
vn 0.8534 0.5025 0.1385
vn 0.9197 0.2771 -0.2782
vn 0.6680 0.7264 0.1614
vn 0.8917 0.4220 -0.1635
vn 0.8029 0.5961 0.0024
vn 0.8258 0.3756 -0.4207
vn 0.6004 0.7976 0.0571
vn 0.8008 0.5172 -0.3020
vn 0.7213 0.6817 -0.1227
vn 0.7004 0.4612 -0.5447
vn 0.5099 0.8596 -0.0341
vn 0.6793 0.6000 -0.4226
vn 0.6121 0.7560 -0.2318
vn 0.5488 0.5309 -0.6457
vn 0.4000 0.9100 -0.1087
vn 0.5324 0.6672 -0.5209
vn 0.4799 0.8165 -0.3209
vn 0.3772 0.5823 -0.7202
vn 0.2752 0.9473 -0.1639
vn 0.3659 0.7168 -0.5935
vn 0.3300 0.8611 -0.3867
vn 0.1920 0.6137 -0.7658
vn 0.1402 0.9702 -0.1979
vn 0.1863 0.7472 -0.6380
vn 0.1680 0.8884 -0.4272
vn -0.0000 0.6243 -0.7812
vn -0.0000 0.9778 -0.2093
vn -0.0000 0.7574 -0.6529
vn -0.0000 0.8976 -0.4408
vn -0.1920 0.6137 -0.7658
vn -0.1402 0.9702 -0.1979
vn -0.1863 0.7472 -0.6380
vn -0.1680 0.8884 -0.4272
vn -0.3772 0.5823 -0.7202
vn -0.2752 0.9473 -0.1639
vn -0.3659 0.7168 -0.5935
vn -0.3300 0.8611 -0.3867
vn -0.5488 0.5309 -0.6457
vn -0.4000 0.9100 -0.1087
vn -0.5324 0.6672 -0.5209
vn -0.4799 0.8165 -0.3209
vn -0.7004 0.4612 -0.5447
vn -0.5099 0.8596 -0.0341
vn -0.6793 0.6000 -0.4226
vn -0.6121 0.7560 -0.2318
vn -0.8258 0.3756 -0.4207
vn -0.6004 0.7976 0.0571
vn -0.8008 0.5172 -0.3020
vn -0.7213 0.6817 -0.1227
vn -0.9197 0.2771 -0.2782
vn -0.6680 0.7264 0.1614
vn -0.8917 0.4220 -0.1635
vn -0.8029 0.5961 0.0024
vn -0.9779 0.1695 -0.1226
vn -0.7098 0.6486 0.2748
vn -0.9480 0.3179 -0.0125
vn -0.8534 0.5025 0.1385
vn -0.9976 0.0572 0.0396
vn -0.7239 0.5672 0.3927
vn -0.9671 0.2092 0.1448
vn -0.8705 0.4047 0.2802
vn -0.9779 -0.0551 0.2018
vn -0.7098 0.4855 0.5103
vn -0.9480 0.1002 0.3020
vn -0.8534 0.3065 0.4216
vn -0.9197 -0.1628 0.3573
vn -0.6680 0.4068 0.6231
vn -0.8917 -0.0045 0.4525
vn -0.8029 0.2121 0.5571
vn -0.8258 -0.2616 0.4996
vn -0.6005 0.3342 0.7265
vn -0.8008 -0.1006 0.5904
vn -0.7213 0.1251 0.6812
vn -0.7004 -0.3475 0.6234
vn -0.5099 0.2707 0.8166
vn -0.6793 -0.1844 0.7103
vn -0.6121 0.0492 0.7892
vn -0.5488 -0.4175 0.7242
vn -0.4000 0.2186 0.8901
vn -0.5324 -0.2527 0.8079
vn -0.4799 -0.0129 0.8772
vn -0.3772 -0.4692 0.7985
vn -0.2752 0.1800 0.9444
vn -0.3659 -0.3032 0.8799
vn -0.3300 -0.0589 0.9421
vn -0.1920 -0.5008 0.8440
vn -0.1402 0.1563 0.9777
vn -0.1863 -0.3341 0.9239
vn -0.1680 -0.0871 0.9819
vn 0.9802 -0.1126 0.1626
vn 0.9219 -0.2205 0.3185
vn 0.8278 -0.3194 0.4613
vn 0.7020 -0.4054 0.5855
vn 0.5501 -0.4754 0.6866
vn 0.3780 -0.5270 0.7612
vn 0.1924 -0.5586 0.8068
vn -0.0000 -0.5692 0.8222
vn 1.0000 -0.0000 -0.0000
vn 0.9802 0.1126 -0.1626
vn 0.9219 0.2205 -0.3185
vn 0.8278 0.3194 -0.4613
vn 0.7020 0.4054 -0.5855
vn 0.5501 0.4754 -0.6866
vn 0.3780 0.5270 -0.7612
vn 0.1924 0.5586 -0.8068
vn -0.0000 0.5692 -0.8222
vn -0.1924 0.5586 -0.8068
vn -0.3780 0.5270 -0.7612
vn -0.5501 0.4754 -0.6866
vn -0.7020 0.4054 -0.5855
vn -0.8278 0.3194 -0.4613
vn -0.9219 0.2205 -0.3185
vn -0.9802 0.1126 -0.1626
vn -1.0000 -0.0000 -0.0000
vn -0.9802 -0.1126 0.1626
vn -0.9219 -0.2205 0.3185
vn -0.8278 -0.3194 0.4613
vn -0.7020 -0.4054 0.5855
vn -0.5501 -0.4754 0.6866
vn -0.3780 -0.5270 0.7612
vn -0.1924 -0.5586 0.8068
vn 0.6559 0.5325 0.5351
vn 0.5196 -0.2527 -0.8162
vn 0.9014 0.3560 0.2464
vn -0.6300 0.7510 0.1979
vn -0.7718 0.5856 0.2478
vn -0.1794 0.9739 0.1392
vn -0.3327 0.9162 0.2234
vn -0.4362 0.8288 0.3505
vn -0.4729 0.7245 0.5016
vn -0.4362 0.6199 0.6523
vn 0.3920 0.5727 0.7199
vn 0.4362 0.6199 0.6523
vn 0.4362 0.8288 0.3505
vn -0.2029 0.8051 0.5574
vn 0.1129 0.7074 0.6978
vn 0.1875 0.7603 0.6220
vn 0.9197 -0.1628 0.3573
vn 0.9671 0.2092 0.1448
vn -0.6004 0.3342 0.7265
vn -0.5337 0.2126 -0.8185
vn -0.5584 -0.6903 0.4601
vn -0.3928 0.8925 -0.2216
vn -0.5497 -0.1781 0.8161
vn -0.4266 0.7834 -0.4520
vn -0.4174 -0.9004 -0.1230
vn -0.8024 -0.0879 -0.5903
vn -0.7653 0.6357 -0.1009
vn -0.8760 0.3893 -0.2847
vn -0.7480 0.0021 -0.6636
vn -0.8291 0.5589 0.0178
vn -0.8423 -0.3034 -0.4455
vn -0.2485 -0.0197 -0.9684
vn -0.7631 0.6426 0.0692
vn -0.0014 -0.8722 0.4892
vn -0.0022 0.8968 -0.4425
vn -0.0013 -0.1254 0.9921
vn 0.0029 0.1235 -0.9923
vn -0.0001 -0.9955 -0.0947
vn 0.0132 0.9460 -0.3240
vn -0.0008 1.0000 -0.0095
vn 0.0013 -0.8752 -0.4837
vn -0.0006 -0.8332 -0.5530
vn -0.0109 0.9896 0.1436
vn 0.0027 -0.1952 -0.9808
vn -0.0197 0.9964 -0.0830
vn -0.0444 0.9732 0.2255
vn -0.0000 -0.4765 -0.8792
vn -0.8515 0.2268 -0.4728
vn -0.8682 0.3684 -0.3324
vn -0.0036 -0.2864 -0.9581
vn -0.0226 0.9464 0.3221
vn -0.9896 -0.1031 -0.0999
vn -0.0042 -0.5905 -0.8070
vn -0.9874 0.0928 0.1282
vn -0.9376 -0.2808 0.2051
vn -0.0021 -0.9130 -0.4081
vn -0.0017 0.5393 0.8421
vn -0.9263 -0.1274 0.3545
vn -0.9740 0.2230 -0.0388
vn -0.9644 0.0159 -0.2639
vn -0.0072 -0.4694 -0.8830
vn -0.0301 0.8529 0.5211
vn -0.0161 -0.8753 0.4832
vn -0.1635 -0.8541 0.4937
vn 0.0019 0.8955 -0.4450
vn -0.1554 0.8443 -0.5129
vn -0.6483 0.7432 0.1653
vn -0.0422 0.9845 0.1705
vn -0.0093 0.9595 0.2815
vn -0.0125 0.9974 -0.0708
vn -0.0209 0.9993 -0.0304
vn -0.0513 0.9686 0.2432
vn -0.1631 0.9107 0.3796
vn -0.1457 -0.1423 0.9790
vn -0.0087 -0.1197 0.9928
vn -0.1606 0.1450 -0.9763
vn -0.0034 0.1148 -0.9934
vn -0.1027 -0.9881 -0.1149
vn -0.0635 -0.9918 -0.1112
vn -0.2363 -0.8848 -0.4015
vn -0.0348 -0.8639 -0.5024
vn -0.0785 -0.8197 -0.5674
vn -0.1299 -0.8134 -0.5670
vn -0.0066 -0.1164 -0.9932
vn -0.0213 -0.2121 -0.9770
vn -0.0938 -0.4631 -0.8813
vn -0.0659 -0.4764 -0.8768
vn -0.4445 -0.2132 -0.8701
vn -0.0544 -0.2883 -0.9560
vn 0.0035 0.9715 0.2369
vn -0.4885 0.8650 0.1151
vn -0.0470 0.0881 0.9950
vn -0.4659 0.5839 0.6648
vn -0.5061 -0.5149 -0.6919
vn -0.0653 -0.5890 -0.8055
vn -0.4748 -0.8037 -0.3587
vn -0.0539 -0.9057 -0.4205
vn -0.0248 0.5279 0.8489
vn -0.4344 0.4869 0.7577
vn 0.0076 0.8202 0.5720
vn -0.4852 0.7403 0.4653
vn -0.4801 -0.4019 -0.7797
vn -0.0620 -0.4727 -0.8790
vn -0.8582 -0.5104 0.0549
vn -0.9633 0.2531 -0.0896
vn 0.0271 0.9323 -0.3606
vn -0.0015 -0.8475 -0.5308
vn -0.1007 -0.8508 -0.5158
vn -0.1160 -0.8607 -0.4958
vn -0.3213 0.9443 0.0714
vn -0.8023 0.4127 -0.4313
vn -0.7929 0.3064 -0.5266
vn -0.0000 -0.1940 -0.9810
vn -0.0000 0.9663 0.2573
vn -0.4438 -0.1757 -0.8787
vn -0.0355 -0.2087 -0.9773
vn 0.0205 0.9479 -0.3180
vn -0.0134 0.9577 -0.2873
vn 0.0262 0.9545 -0.2970
vn -0.0344 0.9652 -0.2591
vn -0.1920 0.9812 -0.0169
vn -0.2772 0.9575 -0.0795
vn -0.0832 0.9733 0.2137
vn -0.5225 0.8444 0.1186
vn 0.4636 0.8770 0.1266
vn -0.6797 0.7330 -0.0274
vn 0.5376 0.8249 0.1749
vn 0.2211 0.9557 0.1945
vn -0.5773 0.7694 -0.2736
vn 0.2485 0.9377 -0.2427
vn -0.5870 0.7590 0.2818
vn 0.6204 0.6913 0.3706
vn -0.7855 0.6189 0.0070
vn 0.7820 0.6193 0.0705
vn -0.3451 0.6279 0.6976
vn 0.2535 0.6431 0.7226
vn -0.4928 0.6967 -0.5214
vn 0.4841 0.6987 -0.5268
vn 0.0420 0.9975 0.0569
vn -0.0131 0.9749 0.2223
vn -0.0226 0.9986 0.0470
vn 0.0113 0.8310 0.5561
vn 0.0264 0.9987 0.0436
vn -0.0071 0.9993 0.0367
vn 0.0442 0.9724 0.2290
vn -0.2149 0.9069 -0.3623
vn -0.1017 0.9494 -0.2972
vn -0.4281 0.8992 0.0906
vn -0.7449 0.5665 0.3524
vn -0.0064 0.9989 0.0464
vn -0.4755 0.8428 0.2521
vn -0.8432 0.5206 -0.1341
vn -0.8995 0.3016 0.3162
vn -0.8608 0.1075 0.4975
vn -0.8936 0.4203 0.1577
vn -0.3346 0.1609 -0.9285
vn -0.0971 -0.9848 -0.1438
vn -0.4648 -0.8754 -0.1327
vn -0.3661 -0.5854 -0.7234
vn -0.0058 -0.0144 -0.9999
vn 0.0369 -0.3194 -0.9469
vn -0.7750 0.0309 -0.6312
vn -0.8910 -0.2840 -0.3541
vn -0.8839 -0.4658 -0.0407
vn -0.8561 -0.1739 -0.4867
vn -0.3549 -0.8052 -0.4751
vn -0.2217 0.9154 -0.3361
vn -0.8206 -0.1724 -0.5449
vn -0.8467 0.5321 0.0036
vn -0.4364 -0.5084 0.7424
vn -0.6399 0.4338 -0.6343
vn -0.8734 0.2377 -0.4251
vn -0.6902 0.4147 -0.5930
vn -0.8421 0.3455 -0.4142
vn -0.9956 0.0007 -0.0941
vn -0.9326 0.1286 -0.3373
vn -0.8704 0.3098 -0.3827
vn -0.9986 0.0041 0.0531
vn -0.9215 -0.2034 0.3310
vn -0.9866 0.1207 -0.1101
vn 0.0028 0.5683 -0.8228
vn -0.2173 0.5531 -0.8043
vn -0.9842 -0.0773 0.1590
vn -0.7806 0.3817 -0.4950
vn -0.4292 0.5112 -0.7447
vn 0.0842 0.9542 0.2870
vn 0.0105 0.8470 0.5315
vn -0.0904 0.5229 0.8476
vn -0.0393 0.7021 0.7110
vn -0.0858 0.5490 0.8314
vn -0.4498 0.5790 0.6801
vn 0.3771 0.1992 0.9045
vn 0.4341 0.8010 0.4123
vn -0.1303 0.8206 0.5565
vn -0.0615 0.9836 0.1693
vn -0.0920 0.8194 0.5658
vn 0.0472 0.9499 0.3091
vn -0.4739 0.8486 0.2352
vn 0.0015 0.7123 0.7019
vn -0.0370 0.9346 0.3537
vn 0.1429 0.6428 0.7526
vn 0.0199 0.9494 0.3135
vn 0.0313 0.9494 0.3125
vn -0.0213 0.6976 0.7161
vn 0.0026 0.5356 0.8445
vn -0.1526 0.6759 0.7210
vn -0.1162 0.6753 0.7283
vn -0.0653 0.6142 0.7865
vn -0.0759 0.9607 0.2668
vn -0.0033 0.7597 0.6502
vn 0.0596 0.6232 0.7798
vn 0.2067 0.9570 -0.2037
vn -0.5537 0.8100 -0.1935
vn 0.4604 0.8871 -0.0330
vn 0.0136 0.9727 0.2319
vn -0.0260 0.1439 0.9892
vn 0.1193 0.9706 0.2092
vn -0.3974 0.8957 0.1995
vn -0.0893 0.6698 0.7372
vn -0.1270 0.7128 0.6898
vn 0.2218 0.9458 -0.2370
vn -0.0671 0.6401 0.7654
vn 0.3446 0.9106 0.2281
vn 0.6062 0.7941 0.0445
vn -0.0744 0.8224 0.5641
vn 0.7635 0.4707 0.4423
vn -0.0684 0.3077 0.9490
vn 0.1773 0.1220 0.9766
vn -0.0629 0.5835 0.8097
vn 0.1002 0.9668 -0.2351
vn 0.5112 0.6725 0.5352
vn -0.1212 0.1885 0.9746
vn -0.6090 0.4515 -0.6521
vn -0.0924 0.9387 0.3321
vn -0.5774 0.1461 0.8033
vn -0.5774 0.8033 -0.1461
vn -0.5774 -0.8033 0.1461
vn -0.5774 -0.1461 -0.8033
vn 0.5774 0.1461 0.8033
vn 0.5774 0.8033 -0.1461
vn 0.5774 -0.8033 0.1461
vn 0.5774 -0.1461 -0.8033
vn 0.1167 0.2465 0.9621
vn -0.5396 0.6205 0.5690
vn 0.1167 -0.6585 0.7435
vn -0.5396 -0.8119 0.2230
vn 0.8483 0.3933 0.3546
vn 0.4867 0.8264 -0.2832
vn 0.8483 -0.5118 0.1360
vn 0.4867 -0.6060 -0.6292
vn 0.5322 -0.7035 0.4710
vn -0.7990 -0.4979 -0.3373
vn -0.0835 -0.3543 -0.9314
vn 0.5322 0.4109 0.7402
vn -0.0836 0.7404 -0.6669
vn -0.7990 0.5969 -0.0729
vn -0.2443 0.5927 0.7675
vn -0.2443 -0.8777 0.4122
vn 0.6375 -0.7008 -0.3200
vn 0.6375 0.7696 0.0352
vn 0.0472 0.9280 0.3697
vn 0.1323 0.9450 0.2990
vn 0.1323 -0.9773 -0.1654
vn 0.0472 -0.9944 -0.0947
vn -0.7481 0.0021 -0.6636
vn -0.0058 -0.0143 -0.9999
vn -0.7806 0.3817 -0.4949
vn -0.5196 -0.2527 -0.8161
vn 0.3327 0.9162 0.2233
vn 0.4362 0.8288 0.3506
vn 0.3919 0.5727 0.7200
vn -0.3920 0.5727 0.7200
vn -0.4362 0.8287 0.3506
vn 0.2029 0.8051 0.5573
vn 0.0397 0.6897 0.7231
vn -0.0397 0.6897 0.7230
vn -0.9197 -0.1628 0.3572
vn -0.9671 0.2091 0.1448
vn 0.6005 0.3342 0.7265
vn -0.6559 0.5325 0.5351
vn -0.9014 0.3560 0.2464
vn -0.3411 0.8292 -0.4427
vn 0.3411 0.8292 -0.4427
vn -0.1129 0.7073 0.6978
vn -0.1875 0.7603 0.6220
vn 0.3772 -0.4691 0.7985
vn 0.5337 0.2126 -0.8185
vn 0.5584 -0.6903 0.4601
vn 0.3928 0.8925 -0.2216
vn 0.5497 -0.1781 0.8161
vn 0.4266 0.7834 -0.4520
vn 0.4174 -0.9004 -0.1230
vn 0.8024 -0.0879 -0.5903
vn 0.7653 0.6357 -0.1009
vn 0.8760 0.3893 -0.2847
vn 0.7480 0.0021 -0.6636
vn 0.8291 0.5589 0.0178
vn 0.8423 -0.3034 -0.4455
vn 0.2485 -0.0197 -0.9684
vn 0.7631 0.6426 0.0692
vn 0.0014 -0.8722 0.4892
vn 0.0022 0.8968 -0.4425
vn 0.0013 -0.1254 0.9921
vn -0.0029 0.1235 -0.9923
vn 0.0001 -0.9955 -0.0947
vn -0.0132 0.9460 -0.3240
vn 0.0008 1.0000 -0.0095
vn -0.0013 -0.8752 -0.4837
vn 0.0006 -0.8332 -0.5530
vn 0.0109 0.9896 0.1436
vn -0.0027 -0.1952 -0.9808
vn 0.0197 0.9964 -0.0830
vn 0.0444 0.9732 0.2255
vn 0.8515 0.2268 -0.4728
vn 0.8682 0.3684 -0.3324
vn 0.0036 -0.2864 -0.9581
vn 0.0226 0.9464 0.3221
vn 0.9896 -0.1031 -0.0999
vn 0.0042 -0.5905 -0.8070
vn 0.9874 0.0928 0.1282
vn 0.9376 -0.2808 0.2051
vn 0.0021 -0.9130 -0.4081
vn 0.0017 0.5393 0.8421
vn 0.9263 -0.1274 0.3545
vn 0.9740 0.2230 -0.0388
vn 0.9644 0.0159 -0.2639
vn 0.0072 -0.4694 -0.8830
vn 0.0301 0.8529 0.5211
vn 0.0161 -0.8753 0.4832
vn 0.1635 -0.8541 0.4937
vn -0.0019 0.8955 -0.4450
vn 0.1554 0.8443 -0.5129
vn 0.6483 0.7432 0.1653
vn 0.0422 0.9845 0.1705
vn 0.0093 0.9595 0.2815
vn 0.0125 0.9974 -0.0708
vn 0.0209 0.9993 -0.0304
vn 0.0513 0.9686 0.2432
vn 0.1631 0.9107 0.3796
vn 0.1457 -0.1423 0.9790
vn 0.0087 -0.1197 0.9928
vn 0.1606 0.1450 -0.9763
vn 0.0034 0.1148 -0.9934
vn 0.1027 -0.9881 -0.1149
vn 0.0635 -0.9918 -0.1112
vn 0.2363 -0.8848 -0.4015
vn 0.0348 -0.8639 -0.5024
vn 0.0785 -0.8197 -0.5674
vn 0.1299 -0.8134 -0.5670
vn 0.0066 -0.1164 -0.9932
vn 0.0213 -0.2121 -0.9770
vn 0.0938 -0.4631 -0.8813
vn 0.0659 -0.4764 -0.8768
vn 0.4445 -0.2132 -0.8701
vn 0.0544 -0.2883 -0.9560
vn -0.0035 0.9715 0.2369
vn 0.4885 0.8650 0.1151
vn 0.0470 0.0881 0.9950
vn 0.4659 0.5839 0.6648
vn 0.5061 -0.5149 -0.6919
vn 0.0653 -0.5890 -0.8055
vn 0.4748 -0.8037 -0.3587
vn 0.0539 -0.9057 -0.4205
vn 0.0248 0.5279 0.8489
vn 0.4344 0.4869 0.7577
vn -0.0076 0.8202 0.5720
vn 0.4852 0.7403 0.4653
vn 0.4801 -0.4019 -0.7797
vn 0.0620 -0.4727 -0.8790
vn 0.8582 -0.5104 0.0549
vn 0.9633 0.2531 -0.0896
vn -0.0271 0.9323 -0.3606
vn 0.0015 -0.8475 -0.5308
vn 0.1007 -0.8508 -0.5158
vn 0.1160 -0.8607 -0.4958
vn 0.3213 0.9443 0.0714
vn 0.8023 0.4127 -0.4313
vn 0.7929 0.3064 -0.5266
vn 0.4438 -0.1757 -0.8787
vn 0.0355 -0.2087 -0.9773
vn -0.0205 0.9479 -0.3180
vn 0.0134 0.9577 -0.2873
vn -0.0262 0.9545 -0.2970
vn 0.0344 0.9652 -0.2591
vn 0.1920 0.9812 -0.0169
vn 0.2772 0.9575 -0.0795
vn 0.0832 0.9733 0.2137
vn 0.5225 0.8444 0.1186
vn -0.4636 0.8770 0.1266
vn 0.6797 0.7330 -0.0274
vn -0.5376 0.8249 0.1749
vn -0.2211 0.9557 0.1945
vn 0.5773 0.7694 -0.2736
vn -0.2485 0.9377 -0.2427
vn 0.5870 0.7590 0.2818
vn -0.6204 0.6913 0.3706
vn 0.7855 0.6189 0.0070
vn -0.7820 0.6193 0.0705
vn 0.3451 0.6279 0.6976
vn -0.2535 0.6431 0.7226
vn 0.4928 0.6967 -0.5214
vn -0.4841 0.6987 -0.5268
vn -0.0420 0.9975 0.0569
vn 0.0131 0.9749 0.2223
vn 0.0226 0.9986 0.0470
vn -0.0113 0.8310 0.5561
vn -0.0264 0.9987 0.0436
vn 0.0071 0.9993 0.0367
vn -0.0442 0.9724 0.2290
vn 0.2149 0.9069 -0.3623
vn 0.1017 0.9494 -0.2972
vn 0.4281 0.8992 0.0906
vn 0.7449 0.5665 0.3524
vn 0.0063 0.9989 0.0464
vn 0.4755 0.8428 0.2521
vn 0.8432 0.5206 -0.1341
vn 0.8995 0.3016 0.3162
vn 0.8608 0.1075 0.4975
vn 0.8936 0.4203 0.1577
vn 0.3346 0.1609 -0.9285
vn 0.0971 -0.9848 -0.1438
vn 0.4648 -0.8754 -0.1327
vn 0.3661 -0.5854 -0.7234
vn 0.0058 -0.0143 -0.9999
vn -0.0369 -0.3194 -0.9469
vn 0.7750 0.0309 -0.6312
vn 0.8910 -0.2840 -0.3541
vn 0.8839 -0.4658 -0.0407
vn 0.8561 -0.1739 -0.4867
vn 0.3549 -0.8052 -0.4751
vn 0.2217 0.9154 -0.3361
vn 0.8206 -0.1724 -0.5449
vn 0.8467 0.5321 0.0036
vn 0.4364 -0.5084 0.7424
vn 0.6399 0.4338 -0.6343
vn 0.8734 0.2377 -0.4251
vn 0.6902 0.4147 -0.5930
vn 0.8421 0.3455 -0.4142
vn 0.9956 0.0007 -0.0941
vn 0.9326 0.1286 -0.3373
vn 0.8704 0.3098 -0.3827
vn 0.9986 0.0041 0.0531
vn 0.9215 -0.2034 0.3310
vn 0.9866 0.1207 -0.1101
vn -0.0028 0.5683 -0.8228
vn 0.2173 0.5531 -0.8043
vn 0.9842 -0.0773 0.1590
vn 0.7806 0.3817 -0.4950
vn 0.4292 0.5112 -0.7447
vn -0.0842 0.9542 0.2870
vn -0.0105 0.8470 0.5315
vn 0.0904 0.5229 0.8476
vn 0.0393 0.7021 0.7110
vn 0.0858 0.5490 0.8314
vn 0.4498 0.5790 0.6801
vn -0.3771 0.1992 0.9045
vn -0.4341 0.8010 0.4123
vn 0.1303 0.8206 0.5565
vn 0.0615 0.9836 0.1693
vn 0.0920 0.8194 0.5658
vn -0.0472 0.9499 0.3091
vn 0.4739 0.8486 0.2352
vn -0.0015 0.7123 0.7019
vn 0.0370 0.9346 0.3537
vn -0.1429 0.6428 0.7526
vn -0.0199 0.9494 0.3135
vn -0.0313 0.9494 0.3125
vn 0.0213 0.6976 0.7161
vn -0.0026 0.5356 0.8445
vn 0.1526 0.6759 0.7210
vn 0.1162 0.6753 0.7283
vn 0.0653 0.6142 0.7865
vn 0.0759 0.9607 0.2668
vn 0.0033 0.7597 0.6502
vn -0.0596 0.6232 0.7798
vn -0.2067 0.9570 -0.2037
vn 0.5537 0.8100 -0.1935
vn -0.4604 0.8871 -0.0330
vn -0.0136 0.9727 0.2319
vn 0.0260 0.1439 0.9892
vn -0.1193 0.9706 0.2092
vn 0.3974 0.8957 0.1995
vn 0.0893 0.6698 0.7372
vn 0.1270 0.7128 0.6898
vn -0.2218 0.9458 -0.2370
vn 0.0671 0.6401 0.7654
vn -0.3446 0.9106 0.2281
vn -0.6062 0.7941 0.0445
vn 0.0744 0.8224 0.5641
vn -0.7635 0.4707 0.4423
vn 0.0684 0.3077 0.9490
vn -0.1773 0.1220 0.9766
vn 0.0629 0.5835 0.8097
vn -0.1002 0.9668 -0.2351
vn -0.5112 0.6725 0.5352
vn 0.1212 0.1885 0.9746
vn 0.6090 0.4515 -0.6521
vn 0.0924 0.9387 0.3321
vn -0.1167 0.2465 0.9621
vn 0.5396 0.6205 0.5690
vn -0.1167 -0.6585 0.7435
vn 0.5396 -0.8119 0.2230
vn -0.8483 0.3933 0.3546
vn -0.4867 0.8264 -0.2832
vn -0.8483 -0.5118 0.1360
vn -0.4867 -0.6060 -0.6292
vn -0.5322 -0.7035 0.4710
vn 0.7990 -0.4979 -0.3373
vn 0.0835 -0.3543 -0.9314
vn -0.5322 0.4109 0.7402
vn 0.0835 0.7404 -0.6669
vn 0.7990 0.5969 -0.0729
vn 0.2443 0.5927 0.7675
vn 0.2443 -0.8777 0.4122
vn -0.6375 -0.7008 -0.3200
vn -0.6375 0.7696 0.0352
vn -0.0472 0.9280 0.3697
vn -0.1323 0.9450 0.2990
vn -0.1323 -0.9773 -0.1654
vn -0.0472 -0.9944 -0.0947
vn 0.0836 0.7404 -0.6669
vn 0.7481 0.0021 -0.6636
vt 0.992227 0.296941
vt 0.992227 0.329038
vt 0.982197 0.329038
vt 0.982197 0.296941
vt 0.972167 0.329038
vt 0.972167 0.296941
vt 0.962136 0.329038
vt 0.962136 0.296941
vt 0.952106 0.329038
vt 0.952106 0.296941
vt 0.942076 0.329038
vt 0.942076 0.296941
vt 0.932045 0.329038
vt 0.932045 0.296941
vt 0.922015 0.329038
vt 0.922015 0.296941
vt 0.911985 0.329038
vt 0.911985 0.296941
vt 0.901954 0.329038
vt 0.901954 0.296941
vt 0.891924 0.329038
vt 0.891924 0.296941
vt 0.881894 0.329038
vt 0.881894 0.296941
vt 0.871863 0.329038
vt 0.871863 0.296941
vt 0.861833 0.329038
vt 0.861833 0.296941
vt 0.851803 0.329038
vt 0.851803 0.296941
vt 0.841772 0.329038
vt 0.841772 0.296941
vt 0.831742 0.329038
vt 0.831742 0.296941
vt 0.821712 0.329038
vt 0.821712 0.296941
vt 0.811681 0.329038
vt 0.811681 0.296941
vt 0.801651 0.329038
vt 0.801651 0.296941
vt 0.791621 0.329038
vt 0.791621 0.296941
vt 0.781590 0.329038
vt 0.781590 0.296941
vt 0.771560 0.329038
vt 0.771560 0.296941
vt 0.761530 0.329038
vt 0.761530 0.296941
vt 0.751499 0.329038
vt 0.751499 0.296941
vt 0.741469 0.329038
vt 0.741469 0.296941
vt 0.731439 0.329038
vt 0.731439 0.296941
vt 0.721408 0.329038
vt 0.721408 0.296941
vt 0.711378 0.329038
vt 0.711378 0.296941
vt 0.701348 0.329038
vt 0.701348 0.296941
vt 0.691317 0.329038
vt 0.691317 0.296941
vt 0.681287 0.329038
vt 0.681287 0.296941
vt 0.671257 0.329038
vt 0.671257 0.296941
vt 0.932045 0.176141
vt 0.932045 0.200650
vt 0.922015 0.200650
vt 0.922015 0.176141
vt 0.992227 0.176141
vt 0.992227 0.200650
vt 0.982197 0.200650
vt 0.982197 0.176141
vt 0.691317 0.168553
vt 0.681287 0.168553
vt 0.701348 0.168553
vt 0.711378 0.168553
vt 0.721408 0.168553
vt 0.731439 0.168553
vt 0.741469 0.168553
vt 0.751499 0.168553
vt 0.761530 0.168553
vt 0.771560 0.168553
vt 0.781590 0.168553
vt 0.861833 0.200650
vt 0.871863 0.200650
vt 0.791621 0.168553
vt 0.801651 0.168553
vt 0.791621 0.200650
vt 0.801651 0.200650
vt 0.811681 0.168553
vt 0.721408 0.200650
vt 0.731439 0.200650
vt 0.851803 0.200650
vt 0.821712 0.168553
vt 0.831742 0.168553
vt 0.781590 0.200650
vt 0.911985 0.200650
vt 0.841772 0.168553
vt 0.711378 0.200650
vt 0.851803 0.168553
vt 0.841772 0.200650
vt 0.972167 0.200650
vt 0.861833 0.168553
vt 0.771560 0.200650
vt 0.871863 0.168553
vt 0.901954 0.200650
vt 0.881894 0.168553
vt 0.701348 0.200650
vt 0.831742 0.200650
vt 0.962136 0.200650
vt 0.891924 0.168553
vt 0.901954 0.168553
vt 0.761530 0.200650
vt 0.891924 0.200650
vt 0.911985 0.168553
vt 0.691317 0.200650
vt 0.821712 0.200650
vt 0.922015 0.168553
vt 0.952106 0.200650
vt 0.932045 0.168553
vt 0.751499 0.200650
vt 0.881894 0.200650
vt 0.942076 0.168553
vt 0.681287 0.200650
vt 0.952106 0.168553
vt 0.811681 0.200650
vt 0.942076 0.200650
vt 0.962136 0.168553
vt 0.741469 0.200650
vt 0.972167 0.168553
vt 0.982197 0.168553
vt 0.671257 0.200650
vt 0.671257 0.168553
vt 0.766528 0.163863
vt 0.751499 0.165343
vt 0.736471 0.163863
vt 0.722020 0.159479
vt 0.708702 0.152361
vt 0.697029 0.142781
vt 0.687449 0.131107
vt 0.680330 0.117789
vt 0.675947 0.103339
vt 0.674466 0.088310
vt 0.675947 0.073282
vt 0.680330 0.058831
vt 0.687449 0.045513
vt 0.697029 0.033840
vt 0.708702 0.024260
vt 0.722020 0.017141
vt 0.736471 0.012757
vt 0.751499 0.011277
vt 0.766528 0.012757
vt 0.780979 0.017141
vt 0.794297 0.024260
vt 0.805970 0.033840
vt 0.815550 0.045513
vt 0.822668 0.058831
vt 0.827052 0.073282
vt 0.828532 0.088310
vt 0.827052 0.103339
vt 0.822668 0.117789
vt 0.815550 0.131107
vt 0.805970 0.142781
vt 0.794297 0.152361
vt 0.780979 0.159479
vt 0.841772 0.176141
vt 0.831742 0.176141
vt 0.751499 0.176141
vt 0.741469 0.176141
vt 0.972167 0.176141
vt 0.962136 0.176141
vt 0.881894 0.176141
vt 0.871863 0.176141
vt 0.791621 0.176141
vt 0.781590 0.176141
vt 0.701348 0.176141
vt 0.691317 0.176141
vt 0.911985 0.176141
vt 0.821712 0.176141
vt 0.731439 0.176141
vt 0.952106 0.176141
vt 0.861833 0.176141
vt 0.771560 0.176141
vt 0.681287 0.176141
vt 0.901954 0.176141
vt 0.811681 0.176141
vt 0.721408 0.176141
vt 0.942076 0.176141
vt 0.851803 0.176141
vt 0.761530 0.176141
vt 0.891924 0.176141
vt 0.801651 0.176141
vt 0.711378 0.176141
vt 0.671257 0.176141
vt 0.851817 0.100278
vt 0.855308 0.111786
vt 0.992227 0.168553
vt 0.923953 0.148478
vt 0.911985 0.149657
vt 0.911985 0.165343
vt 0.927013 0.163863
vt 0.935461 0.144987
vt 0.941464 0.159479
vt 0.946067 0.139318
vt 0.954782 0.152361
vt 0.955363 0.131689
vt 0.966455 0.142781
vt 0.962992 0.122392
vt 0.976035 0.131107
vt 0.968661 0.111786
vt 0.983154 0.117789
vt 0.972153 0.100278
vt 0.987537 0.103339
vt 0.973331 0.088310
vt 0.989018 0.088310
vt 0.972153 0.076342
vt 0.987537 0.073282
vt 0.968662 0.064834
vt 0.983154 0.058831
vt 0.962992 0.054228
vt 0.976035 0.045513
vt 0.955363 0.044932
vt 0.966455 0.033840
vt 0.946067 0.037302
vt 0.954782 0.024260
vt 0.935461 0.031633
vt 0.941464 0.017141
vt 0.923953 0.028142
vt 0.927013 0.012757
vt 0.911985 0.026963
vt 0.911985 0.011277
vt 0.900016 0.028142
vt 0.896956 0.012757
vt 0.888508 0.031633
vt 0.882505 0.017141
vt 0.877902 0.037302
vt 0.869187 0.024260
vt 0.868606 0.044932
vt 0.857514 0.033840
vt 0.860977 0.054228
vt 0.847934 0.045513
vt 0.855308 0.064834
vt 0.840815 0.058831
vt 0.851817 0.076342
vt 0.836432 0.073282
vt 0.850638 0.088310
vt 0.834952 0.088310
vt 0.836432 0.103339
vt 0.840815 0.117789
vt 0.860977 0.122392
vt 0.847934 0.131107
vt 0.868606 0.131689
vt 0.857514 0.142781
vt 0.877902 0.139318
vt 0.869187 0.152361
vt 0.888508 0.144987
vt 0.882505 0.159479
vt 0.900016 0.148478
vt 0.896956 0.163863
vt 0.982197 0.171838
vt 0.992172 0.171838
vt 0.992197 0.168553
vt 0.972167 0.171838
vt 0.962136 0.171838
vt 0.962136 0.168553
vt 0.952106 0.171838
vt 0.942076 0.171838
vt 0.932045 0.171838
vt 0.922015 0.171838
vt 0.911985 0.171838
vt 0.901954 0.171838
vt 0.891924 0.171838
vt 0.881894 0.171838
vt 0.881894 0.168553
vt 0.871863 0.171838
vt 0.861833 0.171838
vt 0.851803 0.171838
vt 0.841772 0.171838
vt 0.831742 0.171838
vt 0.821712 0.171838
vt 0.811681 0.171838
vt 0.801651 0.171838
vt 0.791621 0.171838
vt 0.781590 0.171838
vt 0.771560 0.171838
vt 0.761530 0.171838
vt 0.751499 0.171838
vt 0.741469 0.171838
vt 0.731439 0.171838
vt 0.721408 0.171838
vt 0.711378 0.171838
vt 0.711378 0.168553
vt 0.701348 0.171838
vt 0.691317 0.171838
vt 0.681287 0.171838
vt 0.671312 0.171838
vt 0.671287 0.168553
vt 0.967019 0.201626
vt 0.681287 0.232747
vt 0.671257 0.232747
vt 0.681287 0.264844
vt 0.671257 0.264844
vt 0.691317 0.232747
vt 0.691317 0.264844
vt 0.701348 0.232747
vt 0.701348 0.264844
vt 0.711378 0.232747
vt 0.711378 0.264844
vt 0.721408 0.232747
vt 0.721408 0.264844
vt 0.731439 0.232747
vt 0.731439 0.264844
vt 0.741469 0.232747
vt 0.741469 0.264844
vt 0.751499 0.232747
vt 0.751499 0.264844
vt 0.761530 0.232747
vt 0.761530 0.264844
vt 0.771560 0.232747
vt 0.771560 0.264844
vt 0.781590 0.232747
vt 0.781590 0.264844
vt 0.791621 0.232747
vt 0.791621 0.264844
vt 0.801651 0.232747
vt 0.801651 0.264844
vt 0.811681 0.232747
vt 0.811681 0.264844
vt 0.821712 0.232747
vt 0.821712 0.264844
vt 0.831742 0.232747
vt 0.831742 0.264844
vt 0.841772 0.232747
vt 0.841772 0.264844
vt 0.851803 0.232747
vt 0.851803 0.264844
vt 0.861833 0.232747
vt 0.861833 0.264844
vt 0.871863 0.232747
vt 0.871863 0.264844
vt 0.881894 0.232747
vt 0.881894 0.264844
vt 0.891924 0.232747
vt 0.891924 0.264844
vt 0.901954 0.232747
vt 0.901954 0.264844
vt 0.911985 0.232747
vt 0.911985 0.264844
vt 0.922015 0.232747
vt 0.922015 0.264844
vt 0.932045 0.232747
vt 0.932045 0.264844
vt 0.942076 0.232747
vt 0.942076 0.264844
vt 0.952106 0.232747
vt 0.952106 0.264844
vt 0.962136 0.232747
vt 0.962136 0.264844
vt 0.972167 0.232747
vt 0.972167 0.264844
vt 0.982197 0.232747
vt 0.982197 0.264844
vt 0.992227 0.232747
vt 0.992227 0.264844
vt 0.294361 0.924613
vt 0.287865 0.923019
vt 0.287906 0.895218
vt 0.294402 0.898410
vt 0.551081 0.741352
vt 0.534531 0.717337
vt 0.540317 0.720518
vt 0.554631 0.741012
vt 0.266792 0.929759
vt 0.287824 0.950820
vt 0.267560 0.969057
vt 0.290965 0.815442
vt 0.276979 0.804649
vt 0.266792 0.734638
vt 0.305358 0.751654
vt 0.560709 0.792996
vt 0.557029 0.784235
vt 0.558711 0.783925
vt 0.567102 0.792973
vt 0.472014 0.935741
vt 0.475533 0.900206
vt 0.478250 0.899815
vt 0.478250 0.952541
vt 0.318474 0.817105
vt 0.323037 0.797222
vt 0.668677 0.939433
vt 0.676198 0.940809
vt 0.679414 0.980939
vt 0.672092 0.981796
vt 0.656049 0.881371
vt 0.665944 0.886707
vt 0.669335 0.903678
vt 0.661616 0.900069
vt 0.342121 0.778661
vt 0.355978 0.775459
vt 0.358967 0.814454
vt 0.337284 0.834210
vt 0.547823 0.757728
vt 0.550277 0.756552
vt 0.669156 0.885589
vt 0.671219 0.886539
vt 0.355825 0.953952
vt 0.344789 0.948827
vt 0.334604 0.889071
vt 0.362326 0.914021
vt 0.669920 0.726137
vt 0.673734 0.714866
vt 0.686178 0.715059
vt 0.685932 0.726386
vt 0.305294 0.993282
vt 0.311527 0.970861
vt 0.323232 0.970967
vt 0.316731 0.993385
vt 0.670951 0.730326
vt 0.685806 0.731553
vt 0.664695 0.769406
vt 0.667828 0.744820
vt 0.684464 0.745079
vt 0.685561 0.769731
vt 0.672660 0.736633
vt 0.685670 0.736776
vt 0.433910 0.912554
vt 0.403964 0.912417
vt 0.403951 0.901069
vt 0.433910 0.899815
vt 0.369318 0.806792
vt 0.363757 0.805824
vt 0.363757 0.741322
vt 0.369318 0.742290
vt 0.664290 0.790715
vt 0.664297 0.772533
vt 0.685701 0.772866
vt 0.686139 0.790495
vt 0.480281 0.799074
vt 0.491222 0.795447
vt 0.491645 0.817443
vt 0.480704 0.827305
vt 0.477449 0.752577
vt 0.489791 0.755465
vt 0.490799 0.773451
vt 0.479858 0.770843
vt 0.446018 0.759700
vt 0.463960 0.755449
vt 0.467184 0.773509
vt 0.450337 0.777437
vt 0.450760 0.808331
vt 0.467607 0.803445
vt 0.468030 0.833380
vt 0.451183 0.839226
vt 0.664593 0.830511
vt 0.663969 0.808523
vt 0.686245 0.808557
vt 0.686245 0.830986
vt 0.669928 0.868969
vt 0.683046 0.869173
vt 0.390324 0.810449
vt 0.390324 0.874951
vt 0.390324 0.745946
vt 0.584238 0.800642
vt 0.585141 0.784855
vt 0.617700 0.789473
vt 0.617812 0.807288
vt 0.928999 0.703022
vt 0.861806 0.640083
vt 0.905880 0.639521
vt 0.949954 0.638959
vt 0.950830 0.702742
vt 0.493508 0.913949
vt 0.492202 0.877277
vt 0.503054 0.877170
vt 0.513905 0.877063
vt 0.506655 0.913902
vt 0.537174 0.876767
vt 0.548808 0.876619
vt 0.560442 0.876471
vt 0.540787 0.913781
vt 0.446579 0.857076
vt 0.429940 0.899815
vt 0.383755 0.873808
vt 0.635872 0.868439
vt 0.617822 0.829267
vt 0.464521 0.850764
vt 0.449419 0.892480
vt 0.733794 0.784086
vt 0.775622 0.744332
vt 0.775064 0.783679
vt 0.731614 0.607151
vt 0.731198 0.574003
vt 0.771991 0.573858
vt 0.772824 0.607532
vt 0.892770 0.606008
vt 0.860964 0.572731
vt 0.949937 0.571604
vt 0.949946 0.605282
vt 0.335203 0.769824
vt 0.324636 0.778128
vt 0.307637 0.732316
vt 0.316495 0.722271
vt 0.617275 0.771285
vt 0.383755 0.809305
vt 0.383755 0.744803
vt 0.433452 0.957220
vt 0.409418 0.942548
vt 0.403964 0.930999
vt 0.433792 0.950329
vt 0.610330 0.743926
vt 0.648978 0.736097
vt 0.655970 0.736116
vt 0.622873 0.744121
vt 0.589811 0.766312
vt 0.617135 0.768150
vt 0.643167 0.726581
vt 0.643655 0.716171
vt 0.650432 0.720456
vt 0.651207 0.728017
vt 0.287530 0.988886
vt 0.270712 0.969089
vt 0.276910 0.969152
vt 0.291093 0.988964
vt 0.653256 0.712156
vt 0.657980 0.714267
vt 0.492439 0.771786
vt 0.492305 0.760691
vt 0.504820 0.760469
vt 0.508487 0.771729
vt 0.542996 0.760041
vt 0.542184 0.765956
vt 0.492769 0.742113
vt 0.505534 0.742067
vt 0.544103 0.742021
vt 0.508934 0.920761
vt 0.507489 0.913949
vt 0.522126 0.915471
vt 0.522137 0.922120
vt 0.507159 0.776830
vt 0.541069 0.774402
vt 0.491657 0.818776
vt 0.491747 0.793667
vt 0.508420 0.793608
vt 0.512570 0.818702
vt 0.492009 0.784307
vt 0.505047 0.784318
vt 0.493131 0.711492
vt 0.504517 0.711437
vt 0.523157 0.711082
vt 0.334604 0.927563
vt 0.324167 0.927598
vt 0.324167 0.904234
vt 0.334604 0.904221
vt 0.307133 0.927747
vt 0.307174 0.904685
vt 0.510222 0.929514
vt 0.522137 0.930752
vt 0.506137 0.947523
vt 0.499334 0.931195
vt 0.507489 0.947963
vt 0.655767 0.935521
vt 0.650928 1.001058
vt 0.513097 0.821893
vt 0.559897 0.818107
vt 0.559886 0.821301
vt 0.536492 0.821597
vt 0.491645 0.821970
vt 0.502371 0.821932
vt 0.321340 0.780081
vt 0.305980 0.734935
vt 0.321659 0.816943
vt 0.326482 0.795477
vt 0.309460 0.855036
vt 0.306721 0.853587
vt 0.313910 0.836989
vt 0.316836 0.838409
vt 0.362063 0.885618
vt 0.354068 0.880931
vt 0.354405 0.870888
vt 0.362063 0.872263
vt 0.344436 0.870786
vt 0.343921 0.858966
vt 0.354068 0.859831
vt 0.346759 0.876294
vt 0.522137 0.923846
vt 0.524331 0.914761
vt 0.525589 0.913949
vt 0.531819 0.923846
vt 0.337284 0.883303
vt 0.341472 0.880388
vt 0.338786 0.847418
vt 0.509823 0.793410
vt 0.514789 0.815348
vt 0.542998 0.815342
vt 0.547852 0.796262
vt 0.548138 0.793040
vt 0.357932 0.839439
vt 0.363516 0.851883
vt 0.356078 0.852044
vt 0.354185 0.840879
vt 0.495365 0.952776
vt 0.491645 0.935189
vt 0.497744 0.938399
vt 0.499334 0.952537
vt 0.358967 0.748175
vt 0.359069 0.722271
vt 0.362649 0.722868
vt 0.362649 0.748850
vt 0.357228 0.834210
vt 0.354068 0.834585
vt 0.358157 0.870888
vt 0.354068 0.870763
vt 0.444344 0.899846
vt 0.458124 0.899815
vt 0.458247 0.901333
vt 0.444463 0.901347
vt 0.495918 0.923588
vt 0.499334 0.924913
vt 0.495565 0.913949
vt 0.498787 0.914093
vt 0.080019 0.442000
vt 0.058176 0.447029
vt 0.032764 0.444882
vt 0.053736 0.410920
vt 0.109539 0.446883
vt 0.106942 0.410866
vt 0.141792 0.442737
vt 0.034517 0.486631
vt 0.013004 0.486692
vt 0.128102 0.486365
vt 0.160078 0.486275
vt 0.053161 0.521516
vt 0.031617 0.554132
vt 0.105488 0.521367
vt 0.140856 0.554132
vt 0.279223 0.889071
vt 0.278201 0.887823
vt 0.549666 0.785305
vt 0.549147 0.773062
vt 0.645421 0.736087
vt 0.616120 0.722107
vt 0.616917 0.713745
vt 0.650854 0.711082
vt 0.285717 0.988846
vt 0.478250 0.942944
vt 0.480565 0.901291
vt 0.485390 0.928464
vt 0.603951 0.743827
vt 0.294320 0.950816
vt 0.337284 0.787938
vt 0.478010 0.844227
vt 0.449419 0.714259
vt 0.465098 0.711082
vt 0.429940 0.719252
vt 0.439679 0.716755
vt 0.472937 0.712853
vt 0.480777 0.714623
vt 0.549032 0.761778
vt 0.584238 0.814701
vt 0.307091 0.950808
vt 0.650928 0.869173
vt 0.324167 0.950962
vt 0.334604 0.950906
vt 0.369318 0.871295
vt 0.363757 0.870327
vt 0.341627 0.988996
vt 0.334604 1.004679
vt 0.337284 0.722271
vt 0.352511 0.735046
vt 0.276572 0.879230
vt 0.266792 0.870778
vt 0.266792 0.889071
vt 0.691091 0.784239
vt 0.690463 0.743824
vt 0.733485 0.783821
vt 0.863531 0.743209
vt 0.863558 0.782554
vt 0.907805 0.781991
vt 0.907386 0.732791
vt 0.951441 0.742085
vt 0.952052 0.781428
vt 0.795694 0.640926
vt 0.690405 0.590459
vt 0.690405 0.574148
vt 0.048633 0.198800
vt 0.087391 0.159451
vt 0.090829 0.165691
vt 0.047862 0.206528
vt 0.010052 0.163353
vt 0.177329 0.160459
vt 0.181134 0.164537
vt 0.224411 0.146819
vt 0.226183 0.153836
vt 0.240576 0.119485
vt 0.248385 0.123256
vt 0.165220 0.059098
vt 0.179361 0.058602
vt 0.195833 0.030273
vt 0.211169 0.023599
vt 0.111639 0.064451
vt 0.111448 0.059468
vt 0.088488 0.030378
vt 0.087955 0.025165
vt 0.046574 0.037050
vt 0.045623 0.024773
vt 0.008025 0.029707
vt 0.009992 0.126095
vt 0.008058 0.057869
vt 0.046051 0.058823
vt 0.088811 0.059756
vt 0.091403 0.125272
vt 0.181120 0.144329
vt 0.181107 0.124120
vt 0.225959 0.123544
vt 0.134086 0.059179
vt 0.003290 0.024381
vt 0.003290 0.007626
vt 0.052298 1.001073
vt 0.007021 1.001073
vt 0.007021 0.910566
vt 0.052298 0.910566
vt 0.142852 1.001073
vt 0.097575 1.001073
vt 0.097575 0.910566
vt 0.142852 0.910566
vt 0.097575 1.001073
vt 0.052298 1.001073
vt 0.052298 0.910566
vt 0.585016 0.977979
vt 0.466426 0.977979
vt 0.466426 0.740922
vt 0.585016 0.740922
vt 0.097528 0.820059
vt 0.097528 0.910566
vt 0.007021 0.820059
vt 0.188035 0.820059
vt 0.188035 0.910566
vt 0.918671 0.949017
vt 0.914663 0.909979
vt 0.983921 0.909979
vt 0.979914 0.949017
vt 0.830445 0.945401
vt 0.799275 0.830248
vt 0.845404 0.892053
vt 0.845053 0.940742
vt 0.849412 0.942971
vt 0.845404 0.894380
vt 0.914663 0.894380
vt 0.910655 0.942971
vt 0.729666 0.950060
vt 0.770926 0.838126
vt 0.772751 0.915226
vt 0.744274 0.954720
vt 0.213687 1.004127
vt 0.189863 1.004127
vt 0.189863 0.881550
vt 0.213687 0.881550
vt 0.969670 0.830248
vt 0.928914 0.830248
vt 0.859655 0.830248
vt 0.900412 0.830248
vt 0.186891 0.979804
vt 0.142852 0.979804
vt 0.186891 0.910566
vt 0.261338 1.004127
vt 0.237513 1.004127
vt 0.237513 0.881550
vt 0.261338 0.881550
vt 0.700450 0.940742
vt 0.700099 0.892053
vt 0.746228 0.830248
vt 0.715058 0.945401
vt 0.801229 0.954720
vt 0.772751 0.915226
vt 0.774577 0.838126
vt 0.815837 0.950060
vt 0.835202 0.994356
vt 0.840303 0.992729
vt 0.830100 0.995983
vt 0.705200 0.992729
vt 0.710301 0.994356
vt 0.700099 0.991101
vt 0.715403 0.995983
vt 0.866259 0.991511
vt 0.893808 0.991511
vt 0.845404 0.991101
vt 0.935518 0.988107
vt 0.963066 0.988107
s 1
usemtl Material.003
f 64/1/35 2/2/2 4/3/3 65/4/36
f 65/4/36 4/3/3 6/5/4 68/6/38
f 68/6/38 6/5/4 8/7/5 71/8/40
f 71/8/40 8/7/5 10/9/6 75/10/42
f 75/10/42 10/9/6 11/11/7 79/12/44
f 79/12/44 11/11/7 13/13/8 82/14/46
f 82/14/46 13/13/8 15/15/9 85/16/48
f 85/16/48 15/15/9 17/17/10 89/18/50
f 89/18/50 17/17/10 19/19/11 93/20/52
f 93/20/52 19/19/11 20/21/12 96/22/54
f 96/22/54 20/21/12 22/23/13 99/24/56
f 99/24/56 22/23/13 24/25/14 103/26/58
f 103/26/58 24/25/14 26/27/15 107/28/60
f 107/28/60 26/27/15 28/29/16 110/30/62
f 110/30/62 28/29/16 30/31/17 113/32/64
f 113/32/64 30/31/17 32/33/18 117/34/66
f 117/34/66 32/33/18 34/35/19 121/36/68
f 121/36/68 34/35/19 36/37/20 124/38/70
f 124/38/70 36/37/20 38/39/21 127/40/72
f 127/40/72 38/39/21 40/41/22 131/42/74
f 131/42/74 40/41/22 41/43/23 135/44/76
f 135/44/76 41/43/23 43/45/24 138/46/78
f 138/46/78 43/45/24 45/47/25 141/48/80
f 141/48/80 45/47/25 47/49/26 145/50/82
f 145/50/82 47/49/26 49/51/27 149/52/84
f 149/52/84 49/51/27 50/53/28 152/54/86
f 152/54/86 50/53/28 52/55/29 155/56/88
f 155/56/88 52/55/29 54/57/30 159/58/90
f 159/58/90 54/57/30 56/59/31 163/60/92
f 163/60/92 56/59/31 58/61/32 166/62/94
f 10/9/6 8/7/5 176/7/101 177/9/102
f 166/62/94 58/61/32 60/63/33 169/64/96
f 169/64/96 60/63/33 2/65/2 64/66/35
f 741/67/576 84/68/47 88/69/49 745/70/580
f 718/71/553 61/72/34 67/73/37 721/74/556
f 838/75/673 842/76/677 332/76/257 331/75/256
f 834/77/669 838/75/673 331/75/256 330/77/255
f 830/78/665 834/77/669 330/77/255 329/78/254
f 826/79/661 830/78/665 329/78/254 328/79/253
f 822/80/657 826/79/661 328/79/253 327/80/252
f 818/81/653 822/80/657 327/80/252 326/81/251
f 814/82/649 818/81/653 326/81/251 325/82/250
f 810/83/645 814/82/649 325/82/250 324/83/249
f 806/84/641 810/83/645 324/83/249 323/84/248
f 802/85/637 806/84/641 323/84/248 322/85/247
f 109/86/61 106/87/59 862/87/1 865/86/1
f 798/88/633 802/85/637 322/85/247 321/88/246
f 152/54/86 155/56/88 911/56/1 908/54/1
f 107/28/60 110/30/62 866/30/1 863/28/1
f 64/1/35 65/4/36 51/4/1 53/1/1
f 794/89/629 798/88/633 321/88/246 320/89/245
f 134/90/75 130/91/73 886/91/1 890/90/1
f 88/69/49 84/68/47 9/68/1 1/69/1
f 131/42/74 135/44/76 891/44/1 887/42/1
f 790/92/625 794/89/629 320/89/245 319/92/244
f 85/16/48 89/18/50 845/18/1 7/16/1
f 158/93/89 154/94/87 910/94/1 914/93/1
f 112/95/63 109/86/61 865/86/1 868/95/1
f 786/96/621 790/92/625 319/92/244 318/96/243
f 67/73/37 61/72/34 59/72/1 46/73/1
f 155/56/88 159/58/90 915/58/1 911/56/1
f 110/30/62 113/32/64 869/32/1 866/30/1
f 782/97/617 786/96/621 318/96/243 317/97/242
f 65/4/36 68/6/38 44/6/1 51/4/1
f 137/98/77 134/90/75 890/90/1 893/98/1
f 92/99/51 88/69/49 1/69/1 848/99/1
f 778/100/613 782/97/617 317/97/242 316/100/241
f 135/44/76 138/46/78 894/46/1 891/44/1
f 89/18/50 93/20/52 849/20/1 845/18/1
f 162/101/91 158/93/89 914/93/1 918/101/1
f 774/102/609 778/100/613 316/100/241 315/102/240
f 116/103/65 112/95/63 868/95/1 872/103/1
f 70/104/39 67/73/37 46/73/1 39/104/1
f 159/58/90 163/60/92 919/60/1 915/58/1
f 770/105/605 774/102/609 315/102/240 314/105/239
f 113/32/64 117/34/66 873/34/1 869/32/1
f 68/6/38 71/8/40 37/8/1 44/6/1
f 140/106/79 137/98/77 893/98/1 896/106/1
f 766/107/601 770/105/605 314/105/239 313/107/238
f 95/108/53 92/99/51 848/99/1 851/108/1
f 138/46/78 141/48/80 897/48/1 894/46/1
f 93/20/52 96/22/54 852/22/1 849/20/1
f 762/109/597 766/107/601 313/107/238 312/109/237
f 165/110/93 162/101/91 918/101/1 921/110/1
f 120/111/67 116/103/65 872/103/1 876/111/1
f 74/112/41 70/104/39 39/104/1 31/112/1
f 758/113/593 762/109/597 312/109/237 311/113/236
f 163/60/92 166/62/94 922/62/1 919/60/1
f 117/34/66 121/36/68 877/36/1 873/34/1
f 71/8/40 75/10/42 29/10/1 37/8/1
f 754/114/589 758/113/593 311/113/236 310/114/235
f 144/115/81 140/106/79 896/106/1 900/115/1
f 98/116/55 95/108/53 851/108/1 854/116/1
f 141/48/80 145/50/82 901/50/1 897/48/1
f 750/117/585 754/114/589 310/114/235 309/117/234
f 96/22/54 99/24/56 855/24/1 852/22/1
f 168/118/95 165/110/93 921/110/1 924/118/1
f 123/119/69 120/111/67 876/111/1 879/119/1
f 746/120/581 750/117/585 309/117/234 308/120/233
f 78/121/43 74/112/41 31/112/1 23/121/1
f 166/62/94 169/64/96 925/64/1 922/62/1
f 121/36/68 124/38/70 880/38/1 877/36/1
f 742/122/577 746/120/581 308/120/233 307/122/232
f 75/10/42 79/12/44 21/12/1 29/10/1
f 148/123/83 144/115/81 900/115/1 904/123/1
f 102/124/57 98/116/55 854/116/1 858/124/1
f 738/125/573 742/122/577 307/122/232 306/125/231
f 145/50/82 149/52/84 905/52/1 901/50/1
f 99/24/56 103/26/58 859/26/1 855/24/1
f 172/126/97 168/118/95 924/118/1 928/126/1
f 734/127/569 738/125/573 306/125/231 305/127/230
f 126/128/71 123/119/69 879/119/1 882/128/1
f 81/129/45 78/121/43 23/121/1 16/129/1
f 169/64/96 64/66/35 53/66/1 925/64/1
f 730/130/565 734/127/569 305/127/230 304/130/229
f 124/38/70 127/40/72 883/40/1 880/38/1
f 79/12/44 82/14/46 14/14/1 21/12/1
f 151/131/85 148/123/83 904/123/1 907/131/1
f 726/132/561 730/130/565 304/130/229 303/132/228
f 106/87/59 102/124/57 858/124/1 862/87/1
f 149/52/84 152/54/86 908/54/1 905/52/1
f 103/26/58 107/28/60 863/28/1 859/26/1
f 722/133/557 726/132/561 303/132/228 302/133/227
f 61/134/34 172/126/97 928/126/1 59/134/1
f 130/91/73 126/128/71 882/128/1 886/91/1
f 84/68/47 81/129/45 16/129/1 9/68/1
f 842/76/677 717/135/552 301/135/226 332/76/257
f 127/40/72 131/42/74 887/42/1 883/40/1
f 82/14/46 85/16/48 7/16/1 14/14/1
f 154/94/87 151/131/85 907/131/1 910/94/1
f 181/17/106 180/15/105 212/15/137 213/17/138
f 26/27/15 24/25/14 185/25/110 186/27/111
f 43/45/24 41/43/23 194/43/119 195/45/120
f 60/63/33 58/61/32 203/61/128 204/63/129
f 19/19/11 17/17/10 181/17/106 182/19/107
f 36/37/20 34/35/19 190/35/115 191/37/116
f 52/55/29 50/53/28 199/53/124 200/55/125
f 11/11/7 10/9/6 177/9/102 178/11/103
f 28/29/16 26/27/15 186/27/111 187/29/112
f 45/47/25 43/45/24 195/45/120 196/47/121
f 4/3/3 2/2/2 173/2/98 174/3/99
f 2/65/2 60/63/33 204/63/129 173/65/98
f 20/21/12 19/19/11 182/19/107 183/21/108
f 38/39/21 36/37/20 191/37/116 192/39/117
f 54/57/30 52/55/29 200/55/125 201/57/126
f 13/13/8 11/11/7 178/11/103 179/13/104
f 30/31/17 28/29/16 187/29/112 188/31/113
f 47/49/26 45/47/25 196/47/121 197/49/122
f 6/5/4 4/3/3 174/3/99 175/5/100
f 22/23/13 20/21/12 183/21/108 184/23/109
f 40/41/22 38/39/21 192/39/117 193/41/118
f 56/59/31 54/57/30 201/57/126 202/59/127
f 15/15/9 13/13/8 179/13/104 180/15/105
f 32/33/18 30/31/17 188/31/113 189/33/114
f 49/51/27 47/49/26 197/49/122 198/51/123
f 8/7/5 6/5/4 175/5/100 176/7/101
f 24/25/14 22/23/13 184/23/109 185/25/110
f 41/43/23 40/41/22 193/41/118 194/43/119
f 58/61/32 56/59/31 202/59/127 203/61/128
f 17/17/10 15/15/9 180/15/105 181/17/106
f 34/35/19 32/33/18 189/33/114 190/35/115
f 50/53/28 49/51/27 198/51/123 199/53/124
f 216/23/141 215/21/140 247/21/172 248/23/173
f 195/45/120 194/43/119 226/43/151 227/45/152
f 182/19/107 181/17/106 213/17/138 214/19/139
f 196/47/121 195/45/120 227/45/152 228/47/153
f 183/21/108 182/19/107 214/19/139 215/21/140
f 197/49/122 196/47/121 228/47/153 229/49/154
f 184/23/109 183/21/108 215/21/140 216/23/141
f 198/51/123 197/49/122 229/49/154 230/51/155
f 185/25/110 184/23/109 216/23/141 217/25/142
f 199/53/124 198/51/123 230/51/155 231/53/156
f 186/27/111 185/25/110 217/25/142 218/27/143
f 200/55/125 199/53/124 231/53/156 232/55/157
f 187/29/112 186/27/111 218/27/143 219/29/144
f 174/3/99 173/2/98 205/2/130 206/3/131
f 201/57/126 200/55/125 232/55/157 233/57/158
f 188/31/113 187/29/112 219/29/144 220/31/145
f 175/5/100 174/3/99 206/3/131 207/5/132
f 202/59/127 201/57/126 233/57/158 234/59/159
f 189/33/114 188/31/113 220/31/145 221/33/146
f 176/7/101 175/5/100 207/5/132 208/7/133
f 203/61/128 202/59/127 234/59/159 235/61/160
f 190/35/115 189/33/114 221/33/146 222/35/147
f 177/9/102 176/7/101 208/7/133 209/9/134
f 204/63/129 203/61/128 235/61/160 236/63/161
f 191/37/116 190/35/115 222/35/147 223/37/148
f 178/11/103 177/9/102 209/9/134 210/11/135
f 173/65/98 204/63/129 236/63/161 205/65/130
f 192/39/117 191/37/116 223/37/148 224/39/149
f 179/13/104 178/11/103 210/11/135 211/13/136
f 193/41/118 192/39/117 224/39/149 225/41/150
f 180/15/105 179/13/104 211/13/136 212/15/137
f 194/43/119 193/41/118 225/41/150 226/43/151
f 251/29/176 250/27/175 282/27/207 283/29/208
f 230/51/155 229/49/154 261/49/186 262/51/187
f 217/25/142 216/23/141 248/23/173 249/25/174
f 231/53/156 230/51/155 262/51/187 263/53/188
f 218/27/143 217/25/142 249/25/174 250/27/175
f 232/55/157 231/53/156 263/53/188 264/55/189
f 219/29/144 218/27/143 250/27/175 251/29/176
f 206/3/131 205/2/130 237/2/162 238/3/163
f 233/57/158 232/55/157 264/55/189 265/57/190
f 220/31/145 219/29/144 251/29/176 252/31/177
f 207/5/132 206/3/131 238/3/163 239/5/164
f 234/59/159 233/57/158 265/57/190 266/59/191
f 221/33/146 220/31/145 252/31/177 253/33/178
f 208/7/133 207/5/132 239/5/164 240/7/165
f 235/61/160 234/59/159 266/59/191 267/61/192
f 222/35/147 221/33/146 253/33/178 254/35/179
f 209/9/134 208/7/133 240/7/165 241/9/166
f 236/63/161 235/61/160 267/61/192 268/63/193
f 223/37/148 222/35/147 254/35/179 255/37/180
f 210/11/135 209/9/134 241/9/166 242/11/167
f 205/65/130 236/63/161 268/63/193 237/65/162
f 224/39/149 223/37/148 255/37/180 256/39/181
f 211/13/136 210/11/135 242/11/167 243/13/168
f 225/41/150 224/39/149 256/39/181 257/41/182
f 212/15/137 211/13/136 243/13/168 244/15/169
f 226/43/151 225/41/150 257/41/182 258/43/183
f 213/17/138 212/15/137 244/15/169 245/17/170
f 227/45/152 226/43/151 258/43/183 259/45/184
f 214/19/139 213/17/138 245/17/170 246/19/171
f 228/47/153 227/45/152 259/45/184 260/47/185
f 215/21/140 214/19/139 246/19/171 247/21/172
f 229/49/154 228/47/153 260/47/185 261/49/186
f 270/136/195 269/137/194 300/138/225 299/139/224 298/140/223 297/141/222 296/142/221 295/143/220 294/144/219 293/145/218 292/146/217 291/147/216 290/148/215 289/149/214 288/150/213 287/151/212 286/152/211 285/153/210 284/154/209 283/155/208 282/156/207 281/157/206 280/158/205 279/159/204 278/160/203 277/161/202 276/162/201 275/163/200 274/164/199 273/165/198 272/166/197 271/167/196
f 238/3/163 237/2/162 269/2/194 270/3/195
f 265/57/190 264/55/189 296/55/221 297/57/222
f 252/31/177 251/29/176 283/29/208 284/31/209
f 239/5/164 238/3/163 270/3/195 271/5/196
f 266/59/191 265/57/190 297/57/222 298/59/223
f 253/33/178 252/31/177 284/31/209 285/33/210
f 240/7/165 239/5/164 271/5/196 272/7/197
f 267/61/192 266/59/191 298/59/223 299/61/224
f 254/35/179 253/33/178 285/33/210 286/35/211
f 241/9/166 240/7/165 272/7/197 273/9/198
f 268/63/193 267/61/192 299/61/224 300/63/225
f 255/37/180 254/35/179 286/35/211 287/37/212
f 242/11/167 241/9/166 273/9/198 274/11/199
f 237/65/162 268/63/193 300/63/225 269/65/194
f 256/39/181 255/37/180 287/37/212 288/39/213
f 243/13/168 242/11/167 274/11/199 275/13/200
f 257/41/182 256/39/181 288/39/213 289/41/214
f 244/15/169 243/13/168 275/13/200 276/15/201
f 258/43/183 257/41/182 289/41/214 290/43/215
f 245/17/170 244/15/169 276/15/201 277/17/202
f 259/45/184 258/43/183 290/43/215 291/45/216
f 246/19/171 245/17/170 277/17/202 278/19/203
f 260/47/185 259/45/184 291/45/216 292/47/217
f 247/21/172 246/19/171 278/19/203 279/21/204
f 261/49/186 260/47/185 292/47/217 293/49/218
f 248/23/173 247/21/172 279/21/204 280/23/205
f 262/51/187 261/49/186 293/49/218 294/51/219
f 249/25/174 248/23/173 280/23/205 281/25/206
f 263/53/188 262/51/187 294/51/219 295/53/220
f 250/27/175 249/25/174 281/25/206 282/27/207
f 264/55/189 263/53/188 295/53/220 296/55/221
f 312/109/237 313/107/238 377/107/302 376/109/301
f 777/168/612 116/103/65 120/111/67 781/169/616
f 813/170/648 148/123/83 151/131/85 817/171/652
f 725/172/560 70/104/39 74/112/41 729/173/564
f 761/174/596 102/124/57 106/87/59 765/175/600
f 797/176/632 134/90/75 137/98/77 801/177/636
f 833/178/668 165/110/93 168/118/95 837/179/672
f 745/70/580 88/69/49 92/99/51 749/180/584
f 781/169/616 120/111/67 123/119/69 785/181/620
f 817/171/652 151/131/85 154/94/87 821/182/656
f 729/173/564 74/112/41 78/121/43 733/183/568
f 765/175/600 106/87/59 109/86/61 769/184/604
f 801/177/636 137/98/77 140/106/79 805/185/640
f 837/179/672 168/118/95 172/126/97 841/186/676
f 749/180/584 92/99/51 95/108/53 753/187/588
f 785/181/620 123/119/69 126/128/71 789/188/624
f 821/182/656 154/94/87 158/93/89 825/189/660
f 733/183/568 78/121/43 81/129/45 737/190/572
f 769/184/604 109/86/61 112/95/63 773/191/608
f 805/185/640 140/106/79 144/115/81 809/192/644
f 753/187/588 95/108/53 98/116/55 757/193/592
f 789/188/624 126/128/71 130/91/73 793/194/628
f 825/189/660 158/93/89 162/101/91 829/195/664
f 737/190/572 81/129/45 84/68/47 741/67/576
f 773/191/608 112/95/63 116/103/65 777/168/612
f 809/192/644 144/115/81 148/123/83 813/170/648
f 841/186/676 172/126/97 61/134/34 718/196/553
f 721/74/556 67/73/37 70/104/39 725/172/560
f 757/193/592 98/116/55 102/124/57 761/174/596
f 793/194/628 130/91/73 134/90/75 797/176/632
f 829/195/664 162/101/91 165/110/93 833/178/668
f 358/197/283 359/198/284 423/198/55 422/197/53
f 326/81/251 327/80/252 391/80/316 390/81/315
f 313/107/238 314/105/239 378/105/303 377/107/302
f 327/80/252 328/79/253 392/79/317 391/80/316
f 314/105/239 315/102/240 379/102/304 378/105/303
f 301/199/226 302/133/227 366/133/291 365/199/290
f 328/79/253 329/78/254 393/78/318 392/79/317
f 315/102/240 316/100/241 380/100/305 379/102/304
f 302/133/227 303/132/228 367/132/292 366/133/291
f 329/78/254 330/77/255 394/77/319 393/78/318
f 316/100/241 317/97/242 381/97/306 380/100/305
f 303/132/228 304/130/229 368/130/293 367/132/292
f 330/77/255 331/75/256 395/75/320 394/77/319
f 317/97/242 318/96/243 382/96/307 381/97/306
f 304/130/229 305/127/230 369/127/294 368/130/293
f 331/75/256 332/76/257 396/76/321 395/75/320
f 318/96/243 319/92/244 383/92/308 382/96/307
f 305/127/230 306/125/231 370/125/295 369/127/294
f 332/76/257 301/135/226 365/135/290 396/76/321
f 319/92/244 320/89/245 384/89/309 383/92/308
f 306/125/231 307/122/232 371/122/296 370/125/295
f 320/89/245 321/88/246 385/88/310 384/89/309
f 307/122/232 308/120/233 372/120/297 371/122/296
f 321/88/246 322/85/247 386/85/311 385/88/310
f 308/120/233 309/117/234 373/117/298 372/120/297
f 322/85/247 323/84/248 387/84/312 386/85/311
f 309/117/234 310/114/235 374/114/299 373/117/298
f 323/84/248 324/83/249 388/83/313 387/84/312
f 310/114/235 311/113/236 375/113/300 374/114/299
f 324/83/249 325/82/250 389/82/314 388/83/313
f 311/113/236 312/109/237 376/109/301 375/113/300
f 325/82/250 326/81/251 390/81/315 389/82/314
f 334/200/259 333/201/258 365/202/290 366/203/291
f 335/204/260 334/200/259 366/203/291 367/205/292
f 336/206/261 335/204/260 367/205/292 368/207/293
f 337/208/262 336/206/261 368/207/293 369/209/294
f 338/210/263 337/208/262 369/209/294 370/211/295
f 339/212/264 338/210/263 370/211/295 371/213/296
f 340/214/265 339/212/264 371/213/296 372/215/297
f 341/216/266 340/214/265 372/215/297 373/217/298
f 342/218/267 341/216/266 373/217/298 374/219/299
f 343/220/268 342/218/267 374/219/299 375/221/300
f 344/222/269 343/220/268 375/221/300 376/223/301
f 345/224/270 344/222/269 376/223/301 377/225/302
f 346/226/271 345/224/270 377/225/302 378/227/303
f 347/228/272 346/226/271 378/227/303 379/229/304
f 348/230/273 347/228/272 379/229/304 380/231/305
f 349/232/274 348/230/273 380/231/305 381/233/306
f 350/234/275 349/232/274 381/233/306 382/235/307
f 351/236/276 350/234/275 382/235/307 383/237/308
f 352/238/277 351/236/276 383/237/308 384/239/309
f 353/240/278 352/238/277 384/239/309 385/241/310
f 354/242/279 353/240/278 385/241/310 386/243/311
f 355/244/280 354/242/279 386/243/311 387/245/312
f 356/246/281 355/244/280 387/245/312 388/247/313
f 357/248/282 356/246/281 388/247/313 389/249/314
f 358/197/283 357/248/282 389/249/314 390/250/315
f 359/198/284 358/197/283 390/250/315 391/251/316
f 360/252/285 359/198/284 391/251/316 392/253/317
f 361/254/286 360/252/285 392/253/317 393/255/318
f 362/256/287 361/254/286 393/255/318 394/257/319
f 363/258/288 362/256/287 394/257/319 395/259/320
f 364/260/289 363/258/288 395/259/320 396/261/321
f 333/201/258 364/260/289 396/261/321 365/202/290
f 425/254/59 426/256/61 458/256/1 457/254/1
f 345/224/270 346/226/271 410/226/93 409/224/323
f 359/198/284 360/252/285 424/252/57 423/198/55
f 346/226/271 347/228/272 411/228/95 410/226/93
f 333/201/258 334/200/259 398/200/69 397/201/67
f 360/252/285 361/254/286 425/254/59 424/252/57
f 347/228/272 348/230/273 412/230/97 411/228/95
f 334/200/259 335/204/260 399/204/71 398/200/69
f 361/254/286 362/256/287 426/256/61 425/254/59
f 348/230/273 349/232/274 413/232/324 412/230/97
f 335/204/260 336/206/261 400/206/73 399/204/71
f 362/256/287 363/258/288 427/258/63 426/256/61
f 349/232/274 350/234/275 414/234/37 413/232/324
f 336/206/261 337/208/262 401/208/75 400/206/73
f 363/258/288 364/260/289 428/260/65 427/258/63
f 350/234/275 351/236/276 415/236/39 414/234/37
f 337/208/262 338/210/263 402/210/77 401/208/75
f 364/260/289 333/201/258 397/201/67 428/260/65
f 351/236/276 352/238/277 416/238/41 415/236/39
f 338/210/263 339/212/264 403/212/79 402/210/77
f 352/238/277 353/240/278 417/240/325 416/238/41
f 339/212/264 340/214/265 404/214/81 403/212/79
f 353/240/278 354/242/279 418/242/45 417/240/325
f 340/214/265 341/216/266 405/216/83 404/214/81
f 354/242/279 355/244/280 419/244/47 418/242/45
f 341/216/266 342/218/267 406/218/85 405/216/83
f 355/244/280 356/246/281 420/246/49 419/244/47
f 342/218/267 343/220/268 407/220/87 406/218/85
f 356/246/281 357/248/282 421/248/51 420/246/49
f 343/220/268 344/222/269 408/222/322 407/220/87
f 357/248/282 358/197/283 422/197/53 421/248/51
f 344/222/269 345/224/270 409/224/323 408/222/322
f 460/260/1 429/201/1 461/201/326 492/260/357
f 412/230/97 413/232/324 445/232/1 444/230/1
f 399/204/71 400/206/73 432/206/1 431/204/1
f 426/256/61 427/258/63 459/258/1 458/256/1
f 413/232/324 414/234/37 446/234/1 445/232/1
f 400/206/73 401/208/75 433/208/1 432/206/1
f 427/258/63 428/260/65 460/260/1 459/258/1
f 414/234/37 415/236/39 447/236/1 446/234/1
f 401/208/75 402/210/77 434/210/1 433/208/1
f 428/260/65 397/201/67 429/201/1 460/260/1
f 415/236/39 416/238/41 448/238/1 447/236/1
f 402/210/77 403/212/79 435/212/1 434/210/1
f 416/238/41 417/240/325 449/240/1 448/238/1
f 403/212/79 404/214/81 436/214/1 435/212/1
f 417/240/325 418/242/45 450/242/1 449/240/1
f 404/214/81 405/216/83 437/216/1 436/214/1
f 418/242/45 419/244/47 451/244/1 450/242/1
f 405/216/83 406/218/85 438/218/1 437/216/1
f 419/244/47 420/246/49 452/246/1 451/244/1
f 406/218/85 407/220/87 439/220/1 438/218/1
f 420/246/49 421/248/51 453/248/1 452/246/1
f 407/220/87 408/222/322 440/222/1 439/220/1
f 421/248/51 422/197/53 454/197/1 453/248/1
f 408/222/322 409/224/323 441/224/1 440/222/1
f 422/197/53 423/198/55 455/198/1 454/197/1
f 409/224/323 410/226/93 442/226/1 441/224/1
f 423/198/55 424/252/57 456/252/1 455/198/1
f 410/226/93 411/228/95 443/228/1 442/226/1
f 397/201/67 398/200/69 430/200/1 429/201/1
f 424/252/57 425/254/59 457/254/1 456/252/1
f 411/228/95 412/230/97 444/230/1 443/228/1
f 398/200/69 399/204/71 431/204/1 430/200/1
f 482/242/347 483/244/348 515/244/380 514/242/379
f 447/236/1 448/238/1 480/238/345 479/236/344
f 434/210/1 435/212/1 467/212/332 466/210/331
f 448/238/1 449/240/1 481/240/346 480/238/345
f 435/212/1 436/214/1 468/214/333 467/212/332
f 449/240/1 450/242/1 482/242/347 481/240/346
f 436/214/1 437/216/1 469/216/334 468/214/333
f 450/242/1 451/244/1 483/244/348 482/242/347
f 437/216/1 438/218/1 470/218/335 469/216/334
f 451/244/1 452/246/1 484/246/349 483/244/348
f 438/218/1 439/220/1 471/220/336 470/218/335
f 452/246/1 453/248/1 485/248/350 484/246/349
f 439/220/1 440/222/1 472/222/337 471/220/336
f 453/248/1 454/197/1 486/197/351 485/248/350
f 440/222/1 441/224/1 473/224/338 472/222/337
f 454/197/1 455/198/1 487/198/352 486/197/351
f 441/224/1 442/226/1 474/226/339 473/224/338
f 455/198/1 456/252/1 488/252/353 487/198/352
f 442/226/1 443/228/1 475/228/340 474/226/339
f 429/201/1 430/200/1 462/200/327 461/201/326
f 456/252/1 457/254/1 489/254/354 488/252/353
f 443/228/1 444/230/1 476/230/341 475/228/340
f 430/200/1 431/204/1 463/204/328 462/200/327
f 457/254/1 458/256/1 490/256/355 489/254/354
f 444/230/1 445/232/1 477/232/342 476/230/341
f 431/204/1 432/206/1 464/206/329 463/204/328
f 458/256/1 459/258/1 491/258/356 490/256/355
f 445/232/1 446/234/1 478/234/343 477/232/342
f 432/206/1 433/208/1 465/208/330 464/206/329
f 459/258/1 460/260/1 492/260/357 491/258/356
f 446/234/1 447/236/1 479/236/344 478/234/343
f 433/208/1 434/210/1 466/210/331 465/208/330
f 517/248/382 518/197/383 550/197/53 549/248/51
f 469/216/334 470/218/335 502/218/367 501/216/366
f 483/244/348 484/246/349 516/246/381 515/244/380
f 470/218/335 471/220/336 503/220/368 502/218/367
f 484/246/349 485/248/350 517/248/382 516/246/381
f 471/220/336 472/222/337 504/222/369 503/220/368
f 485/248/350 486/197/351 518/197/383 517/248/382
f 472/222/337 473/224/338 505/224/370 504/222/369
f 486/197/351 487/198/352 519/198/384 518/197/383
f 473/224/338 474/226/339 506/226/371 505/224/370
f 487/198/352 488/252/353 520/252/385 519/198/384
f 474/226/339 475/228/340 507/228/372 506/226/371
f 461/201/326 462/200/327 494/200/359 493/201/358
f 488/252/353 489/254/354 521/254/386 520/252/385
f 475/228/340 476/230/341 508/230/373 507/228/372
f 462/200/327 463/204/328 495/204/360 494/200/359
f 489/254/354 490/256/355 522/256/387 521/254/386
f 476/230/341 477/232/342 509/232/374 508/230/373
f 463/204/328 464/206/329 496/206/361 495/204/360
f 490/256/355 491/258/356 523/258/388 522/256/387
f 477/232/342 478/234/343 510/234/375 509/232/374
f 464/206/329 465/208/330 497/208/362 496/206/361
f 491/258/356 492/260/357 524/260/389 523/258/388
f 478/234/343 479/236/344 511/236/376 510/234/375
f 465/208/330 466/210/331 498/210/363 497/208/362
f 492/260/357 461/201/326 493/201/358 524/260/389
f 479/236/344 480/238/345 512/238/377 511/236/376
f 466/210/331 467/212/332 499/212/364 498/210/363
f 480/238/345 481/240/346 513/240/378 512/238/377
f 467/212/332 468/214/333 500/214/365 499/212/364
f 481/240/346 482/242/347 514/242/379 513/240/378
f 468/214/333 469/216/334 501/216/366 500/214/365
f 525/201/67 526/200/69 558/200/393 557/201/392
f 504/222/369 505/224/370 537/224/91 536/222/322
f 518/197/383 519/198/384 551/198/55 550/197/53
f 505/224/370 506/226/371 538/226/93 537/224/91
f 519/198/384 520/252/385 552/252/57 551/198/55
f 506/226/371 507/228/372 539/228/95 538/226/93
f 493/201/358 494/200/359 526/200/69 525/201/67
f 520/252/385 521/254/386 553/254/59 552/252/57
f 507/228/372 508/230/373 540/230/97 539/228/95
f 494/200/359 495/204/360 527/204/71 526/200/69
f 521/254/386 522/256/387 554/256/61 553/254/59
f 508/230/373 509/232/374 541/232/34 540/230/97
f 495/204/360 496/206/361 528/206/73 527/204/71
f 522/256/387 523/258/388 555/258/63 554/256/61
f 509/232/374 510/234/375 542/234/37 541/232/34
f 496/206/361 497/208/362 529/208/75 528/206/73
f 523/258/388 524/260/389 556/260/65 555/258/63
f 510/234/375 511/236/376 543/236/39 542/234/37
f 497/208/362 498/210/363 530/210/77 529/208/75
f 524/260/389 493/201/358 525/201/67 556/260/65
f 511/236/376 512/238/377 544/238/41 543/236/39
f 498/210/363 499/212/364 531/212/79 530/210/77
f 512/238/377 513/240/378 545/240/390 544/238/41
f 499/212/364 500/214/365 532/214/81 531/212/79
f 513/240/378 514/242/379 546/242/391 545/240/390
f 500/214/365 501/216/366 533/216/83 532/214/81
f 514/242/379 515/244/380 547/244/47 546/242/391
f 501/216/366 502/218/367 534/218/85 533/216/83
f 515/244/380 516/246/381 548/246/49 547/244/47
f 502/218/367 503/220/368 535/220/87 534/218/85
f 516/246/381 517/248/382 549/248/51 548/246/49
f 503/220/368 504/222/369 536/222/322 535/220/87
f 560/206/395 561/208/396 593/208/428 592/206/427
f 552/252/57 553/254/59 585/254/420 584/252/419
f 539/228/95 540/230/97 572/230/407 571/228/406
f 526/200/69 527/204/71 559/204/394 558/200/393
f 553/254/59 554/256/61 586/256/421 585/254/420
f 540/230/97 541/232/34 573/232/408 572/230/407
f 527/204/71 528/206/73 560/206/395 559/204/394
f 554/256/61 555/258/63 587/258/422 586/256/421
f 541/232/34 542/234/37 574/234/409 573/232/408
f 528/206/73 529/208/75 561/208/396 560/206/395
f 555/258/63 556/260/65 588/260/423 587/258/422
f 542/234/37 543/236/39 575/236/410 574/234/409
f 529/208/75 530/210/77 562/210/397 561/208/396
f 556/260/65 525/201/67 557/201/392 588/260/423
f 543/236/39 544/238/41 576/238/411 575/236/410
f 530/210/77 531/212/79 563/212/398 562/210/397
f 544/238/41 545/240/390 577/240/412 576/238/411
f 531/212/79 532/214/81 564/214/399 563/212/398
f 545/240/390 546/242/391 578/242/413 577/240/412
f 532/214/81 533/216/83 565/216/400 564/214/399
f 546/242/391 547/244/47 579/244/414 578/242/413
f 533/216/83 534/218/85 566/218/401 565/216/400
f 547/244/47 548/246/49 580/246/415 579/244/414
f 534/218/85 535/220/87 567/220/402 566/218/401
f 548/246/49 549/248/51 581/248/416 580/246/415
f 535/220/87 536/222/322 568/222/403 567/220/402
f 549/248/51 550/197/53 582/197/417 581/248/416
f 536/222/322 537/224/91 569/224/404 568/222/403
f 550/197/53 551/198/55 583/198/418 582/197/417
f 537/224/91 538/226/93 570/226/405 569/224/404
f 551/198/55 552/252/57 584/252/419 583/198/418
f 538/226/93 539/228/95 571/228/406 570/226/405
f 595/212/430 596/214/431 628/214/463 627/212/462
f 587/258/422 588/260/423 620/260/455 619/258/454
f 574/234/409 575/236/410 607/236/442 606/234/441
f 561/208/396 562/210/397 594/210/429 593/208/428
f 588/260/423 557/201/392 589/201/424 620/260/455
f 575/236/410 576/238/411 608/238/443 607/236/442
f 562/210/397 563/212/398 595/212/430 594/210/429
f 576/238/411 577/240/412 609/240/444 608/238/443
f 563/212/398 564/214/399 596/214/431 595/212/430
f 577/240/412 578/242/413 610/242/445 609/240/444
f 564/214/399 565/216/400 597/216/432 596/214/431
f 578/242/413 579/244/414 611/244/446 610/242/445
f 565/216/400 566/218/401 598/218/433 597/216/432
f 579/244/414 580/246/415 612/246/447 611/244/446
f 566/218/401 567/220/402 599/220/434 598/218/433
f 580/246/415 581/248/416 613/248/448 612/246/447
f 567/220/402 568/222/403 600/222/435 599/220/434
f 581/248/416 582/197/417 614/197/449 613/248/448
f 568/222/403 569/224/404 601/224/436 600/222/435
f 582/197/417 583/198/418 615/198/450 614/197/449
f 569/224/404 570/226/405 602/226/437 601/224/436
f 583/198/418 584/252/419 616/252/451 615/198/450
f 570/226/405 571/228/406 603/228/438 602/226/437
f 557/201/392 558/200/393 590/200/425 589/201/424
f 584/252/419 585/254/420 617/254/452 616/252/451
f 571/228/406 572/230/407 604/230/439 603/228/438
f 558/200/393 559/204/394 591/204/426 590/200/425
f 585/254/420 586/256/421 618/256/453 617/254/452
f 572/230/407 573/232/408 605/232/440 604/230/439
f 559/204/394 560/206/395 592/206/427 591/204/426
f 586/256/421 587/258/422 619/258/454 618/256/453
f 573/232/408 574/234/409 606/234/441 605/232/440
f 630/218/465 631/220/466 663/220/498 662/218/497
f 609/240/444 610/242/445 642/242/477 641/240/476
f 596/214/431 597/216/432 629/216/464 628/214/463
f 610/242/445 611/244/446 643/244/478 642/242/477
f 597/216/432 598/218/433 630/218/465 629/216/464
f 611/244/446 612/246/447 644/246/479 643/244/478
f 598/218/433 599/220/434 631/220/466 630/218/465
f 612/246/447 613/248/448 645/248/480 644/246/479
f 599/220/434 600/222/435 632/222/467 631/220/466
f 613/248/448 614/197/449 646/197/481 645/248/480
f 600/222/435 601/224/436 633/224/468 632/222/467
f 614/197/449 615/198/450 647/198/482 646/197/481
f 601/224/436 602/226/437 634/226/469 633/224/468
f 615/198/450 616/252/451 648/252/483 647/198/482
f 602/226/437 603/228/438 635/228/470 634/226/469
f 589/201/424 590/200/425 622/200/457 621/201/456
f 616/252/451 617/254/452 649/254/484 648/252/483
f 603/228/438 604/230/439 636/230/471 635/228/470
f 590/200/425 591/204/426 623/204/458 622/200/457
f 617/254/452 618/256/453 650/256/485 649/254/484
f 604/230/439 605/232/440 637/232/472 636/230/471
f 591/204/426 592/206/427 624/206/459 623/204/458
f 618/256/453 619/258/454 651/258/486 650/256/485
f 605/232/440 606/234/441 638/234/473 637/232/472
f 592/206/427 593/208/428 625/208/460 624/206/459
f 619/258/454 620/260/455 652/260/487 651/258/486
f 606/234/441 607/236/442 639/236/474 638/234/473
f 593/208/428 594/210/429 626/210/461 625/208/460
f 620/260/455 589/201/424 621/201/456 652/260/487
f 607/236/442 608/238/443 640/238/475 639/236/474
f 594/210/429 595/212/430 627/212/462 626/210/461
f 608/238/443 609/240/444 641/240/476 640/238/475
f 665/224/500 666/226/501 698/226/533 697/224/532
f 644/246/479 645/248/480 677/248/512 676/246/511
f 631/220/466 632/222/467 664/222/499 663/220/498
f 645/248/480 646/197/481 678/197/513 677/248/512
f 632/222/467 633/224/468 665/224/500 664/222/499
f 646/197/481 647/198/482 679/198/514 678/197/513
f 633/224/468 634/226/469 666/226/501 665/224/500
f 647/198/482 648/252/483 680/252/515 679/198/514
f 634/226/469 635/228/470 667/228/502 666/226/501
f 621/201/456 622/200/457 654/200/489 653/201/488
f 648/252/483 649/254/484 681/254/516 680/252/515
f 635/228/470 636/230/471 668/230/503 667/228/502
f 622/200/457 623/204/458 655/204/490 654/200/489
f 649/254/484 650/256/485 682/256/517 681/254/516
f 636/230/471 637/232/472 669/232/504 668/230/503
f 623/204/458 624/206/459 656/206/491 655/204/490
f 650/256/485 651/258/486 683/258/518 682/256/517
f 637/232/472 638/234/473 670/234/505 669/232/504
f 624/206/459 625/208/460 657/208/492 656/206/491
f 651/258/486 652/260/487 684/260/519 683/258/518
f 638/234/473 639/236/474 671/236/506 670/234/505
f 625/208/460 626/210/461 658/210/493 657/208/492
f 652/260/487 621/201/456 653/201/488 684/260/519
f 639/236/474 640/238/475 672/238/507 671/236/506
f 626/210/461 627/212/462 659/212/494 658/210/493
f 640/238/475 641/240/476 673/240/508 672/238/507
f 627/212/462 628/214/463 660/214/495 659/212/494
f 641/240/476 642/242/477 674/242/509 673/240/508
f 628/214/463 629/216/464 661/216/496 660/214/495
f 642/242/477 643/244/478 675/244/510 674/242/509
f 629/216/464 630/218/465 662/218/497 661/216/496
f 643/244/478 644/246/479 676/246/511 675/244/510
f 685/201/520 686/200/521 687/204/522 688/206/523 689/208/524 690/210/525 691/212/526 692/214/527 693/216/528 694/218/529 695/220/530 696/222/531 697/224/532 698/226/533 699/228/534 700/230/535 701/232/536 702/234/537 703/236/538 704/238/539 705/240/540 706/242/541 707/244/542 708/246/543 709/248/544 710/197/545 711/198/546 712/252/547 713/254/548 714/256/549 715/258/550 716/260/551
f 679/198/514 680/252/515 712/252/547 711/198/546
f 666/226/501 667/228/502 699/228/534 698/226/533
f 653/201/488 654/200/489 686/200/521 685/201/520
f 680/252/515 681/254/516 713/254/548 712/252/547
f 667/228/502 668/230/503 700/230/535 699/228/534
f 654/200/489 655/204/490 687/204/522 686/200/521
f 681/254/516 682/256/517 714/256/549 713/254/548
f 668/230/503 669/232/504 701/232/536 700/230/535
f 655/204/490 656/206/491 688/206/523 687/204/522
f 682/256/517 683/258/518 715/258/550 714/256/549
f 669/232/504 670/234/505 702/234/537 701/232/536
f 656/206/491 657/208/492 689/208/524 688/206/523
f 683/258/518 684/260/519 716/260/551 715/258/550
f 670/234/505 671/236/506 703/236/538 702/234/537
f 657/208/492 658/210/493 690/210/525 689/208/524
f 684/260/519 653/201/488 685/201/520 716/260/551
f 671/236/506 672/238/507 704/238/539 703/236/538
f 658/210/493 659/212/494 691/212/526 690/210/525
f 672/238/507 673/240/508 705/240/540 704/238/539
f 659/212/494 660/214/495 692/214/527 691/212/526
f 673/240/508 674/242/509 706/242/541 705/240/540
f 660/214/495 661/216/496 693/216/528 692/214/527
f 674/242/509 675/244/510 707/244/542 706/242/541
f 661/216/496 662/218/497 694/218/529 693/216/528
f 675/244/510 676/246/511 708/246/543 707/244/542
f 662/218/497 663/220/498 695/220/530 694/218/529
f 676/246/511 677/248/512 709/248/544 708/246/543
f 663/220/498 664/222/499 696/222/531 695/220/530
f 677/248/512 678/197/513 710/197/545 709/248/544
f 664/222/499 665/224/500 697/224/532 696/222/531
f 678/197/513 679/198/514 711/198/546 710/197/545
f 718/71/553 721/74/556 723/262/558 720/263/555
f 720/263/555 723/262/558 724/133/559 719/264/554
f 719/264/554 724/133/559 722/133/557 717/199/552
f 721/74/556 725/172/560 727/265/562 723/262/558
f 723/262/558 727/265/562 728/132/563 724/133/559
f 724/133/559 728/132/563 726/132/561 722/133/557
f 725/172/560 729/173/564 731/266/566 727/265/562
f 727/265/562 731/266/566 732/267/567 728/132/563
f 728/132/563 732/267/567 730/130/565 726/132/561
f 729/173/564 733/183/568 735/268/570 731/266/566
f 731/266/566 735/268/570 736/127/571 732/267/567
f 732/267/567 736/127/571 734/127/569 730/130/565
f 733/183/568 737/190/572 739/269/574 735/268/570
f 735/268/570 739/269/574 740/125/575 736/127/571
f 736/127/571 740/125/575 738/125/573 734/127/569
f 737/190/572 741/67/576 743/270/578 739/269/574
f 739/269/574 743/270/578 744/122/579 740/125/575
f 740/125/575 744/122/579 742/122/577 738/125/573
f 741/67/576 745/70/580 747/271/582 743/270/578
f 743/270/578 747/271/582 748/120/583 744/122/579
f 744/122/579 748/120/583 746/120/581 742/122/577
f 745/70/580 749/180/584 751/272/586 747/271/582
f 747/271/582 751/272/586 752/117/587 748/120/583
f 748/120/583 752/117/587 750/117/585 746/120/581
f 749/180/584 753/187/588 755/273/590 751/272/586
f 751/272/586 755/273/590 756/114/591 752/117/587
f 752/117/587 756/114/591 754/114/589 750/117/585
f 753/187/588 757/193/592 759/274/594 755/273/590
f 755/273/590 759/274/594 760/113/595 756/114/591
f 756/114/591 760/113/595 758/113/593 754/114/589
f 757/193/592 761/174/596 763/275/598 759/274/594
f 759/274/594 763/275/598 764/276/599 760/113/595
f 760/113/595 764/276/599 762/109/597 758/113/593
f 761/174/596 765/175/600 767/277/602 763/275/598
f 763/275/598 767/277/602 768/107/603 764/276/599
f 764/276/599 768/107/603 766/107/601 762/109/597
f 765/175/600 769/184/604 771/278/606 767/277/602
f 767/277/602 771/278/606 772/105/607 768/107/603
f 768/107/603 772/105/607 770/105/605 766/107/601
f 769/184/604 773/191/608 775/279/610 771/278/606
f 771/278/606 775/279/610 776/102/611 772/105/607
f 772/105/607 776/102/611 774/102/609 770/105/605
f 773/191/608 777/168/612 779/280/614 775/279/610
f 775/279/610 779/280/614 780/100/615 776/102/611
f 776/102/611 780/100/615 778/100/613 774/102/609
f 777/168/612 781/169/616 783/281/618 779/280/614
f 779/280/614 783/281/618 784/97/619 780/100/615
f 780/100/615 784/97/619 782/97/617 778/100/613
f 781/169/616 785/181/620 787/282/622 783/281/618
f 783/281/618 787/282/622 788/96/623 784/97/619
f 784/97/619 788/96/623 786/96/621 782/97/617
f 785/181/620 789/188/624 791/283/626 787/282/622
f 787/282/622 791/283/626 792/92/627 788/96/623
f 788/96/623 792/92/627 790/92/625 786/96/621
f 789/188/624 793/194/628 795/284/630 791/283/626
f 791/283/626 795/284/630 796/89/631 792/92/627
f 792/92/627 796/89/631 794/89/629 790/92/625
f 793/194/628 797/176/632 799/285/634 795/284/630
f 795/284/630 799/285/634 800/88/635 796/89/631
f 796/89/631 800/88/635 798/88/633 794/89/629
f 797/176/632 801/177/636 803/286/638 799/285/634
f 799/285/634 803/286/638 804/85/639 800/88/635
f 800/88/635 804/85/639 802/85/637 798/88/633
f 801/177/636 805/185/640 807/287/642 803/286/638
f 803/286/638 807/287/642 808/84/643 804/85/639
f 804/85/639 808/84/643 806/84/641 802/85/637
f 805/185/640 809/192/644 811/288/646 807/287/642
f 807/287/642 811/288/646 812/83/647 808/84/643
f 808/84/643 812/83/647 810/83/645 806/84/641
f 809/192/644 813/170/648 815/289/650 811/288/646
f 811/288/646 815/289/650 816/82/651 812/83/647
f 812/83/647 816/82/651 814/82/649 810/83/645
f 813/170/648 817/171/652 819/290/654 815/289/650
f 815/289/650 819/290/654 820/81/655 816/82/651
f 816/82/651 820/81/655 818/81/653 814/82/649
f 817/171/652 821/182/656 823/291/658 819/290/654
f 819/290/654 823/291/658 824/80/659 820/81/655
f 820/81/655 824/80/659 822/80/657 818/81/653
f 821/182/656 825/189/660 827/292/662 823/291/658
f 823/291/658 827/292/662 828/79/663 824/80/659
f 824/80/659 828/79/663 826/79/661 822/80/657
f 825/189/660 829/195/664 831/293/666 827/292/662
f 827/292/662 831/293/666 832/294/667 828/79/663
f 828/79/663 832/294/667 830/78/665 826/79/661
f 829/195/664 833/178/668 835/295/670 831/293/666
f 831/293/666 835/295/670 836/77/671 832/294/667
f 832/294/667 836/77/671 834/77/669 830/78/665
f 833/178/668 837/179/672 839/296/674 835/295/670
f 835/295/670 839/296/674 840/75/675 836/77/671
f 836/77/671 840/75/675 838/75/673 834/77/669
f 837/179/672 841/186/676 843/297/678 839/296/674
f 839/296/674 843/297/678 844/76/679 840/75/675
f 840/75/675 844/76/679 842/76/677 838/75/673
f 841/186/676 718/196/553 720/298/555 843/297/678
f 843/297/678 720/298/555 719/299/554 844/76/679
f 844/76/679 719/299/554 717/135/552 842/76/677
f 717/199/552 722/133/557 302/133/227 301/199/226
f 901/50/1 905/52/1 956/52/1 953/50/1
f 855/24/1 859/26/1 87/26/1 94/24/1
f 928/126/1 924/118/1 973/118/1 976/126/1
f 882/128/1 879/119/1 934/119/1 937/128/1
f 16/129/1 23/121/1 150/121/1 157/129/1
f 925/64/1 53/66/1 122/66/1 974/64/1
f 880/38/1 883/40/1 938/40/1 935/38/1
f 21/12/1 14/14/1 160/14/1 153/12/1
f 907/131/1 904/123/1 955/123/1 958/131/1
f 862/87/1 858/124/1 90/124/1 83/87/1
f 905/52/1 908/54/1 959/54/1 956/52/1
f 859/26/1 863/28/1 80/28/1 87/26/1
f 59/134/1 928/126/1 976/126/1 118/134/1
f 886/91/1 882/128/1 937/128/1 940/91/1
f 9/68/1 16/129/1 157/129/1 164/68/1
f 883/40/1 887/42/1 941/42/1 938/40/1
f 14/14/1 7/16/1 167/16/1 160/14/1
f 910/94/1 907/131/1 958/131/1 961/94/1
f 865/86/1 862/87/1 83/87/1 76/86/1
f 908/54/1 911/56/1 962/56/1 959/54/1
f 863/28/1 866/30/1 73/30/1 80/28/1
f 53/1/1 51/4/1 125/4/1 122/1/1
f 890/90/1 886/91/1 940/91/1 943/90/1
f 1/69/1 9/68/1 164/68/1 171/69/1
f 887/42/1 891/44/1 944/44/1 941/42/1
f 7/16/1 845/18/1 115/18/1 167/16/1
f 914/93/1 910/94/1 961/94/1 964/93/1
f 868/95/1 865/86/1 76/86/1 69/95/1
f 46/73/1 59/72/1 118/72/1 129/73/1
f 911/56/1 915/58/1 965/58/1 962/56/1
f 866/30/1 869/32/1 66/32/1 73/30/1
f 51/4/1 44/6/1 132/6/1 125/4/1
f 893/98/1 890/90/1 943/90/1 946/98/1
f 848/99/1 1/69/1 171/69/1 111/99/1
f 891/44/1 894/46/1 947/46/1 944/44/1
f 845/18/1 849/20/1 108/20/1 115/18/1
f 918/101/1 914/93/1 964/93/1 967/101/1
f 872/103/1 868/95/1 69/95/1 62/103/1
f 39/104/1 46/73/1 129/73/1 136/104/1
f 915/58/1 919/60/1 968/60/1 965/58/1
f 869/32/1 873/34/1 929/34/1 66/32/1
f 44/6/1 37/8/1 139/8/1 132/6/1
f 896/106/1 893/98/1 946/98/1 949/106/1
f 851/108/1 848/99/1 111/99/1 104/108/1
f 894/46/1 897/48/1 950/48/1 947/46/1
f 849/20/1 852/22/1 101/22/1 108/20/1
f 921/110/1 918/101/1 967/101/1 970/110/1
f 876/111/1 872/103/1 62/103/1 931/111/1
f 31/112/1 39/104/1 136/104/1 143/112/1
f 919/60/1 922/62/1 971/62/1 968/60/1
f 873/34/1 877/36/1 932/36/1 929/34/1
f 37/8/1 29/10/1 146/10/1 139/8/1
f 900/115/1 896/106/1 949/106/1 952/115/1
f 854/116/1 851/108/1 104/108/1 97/116/1
f 897/48/1 901/50/1 953/50/1 950/48/1
f 852/22/1 855/24/1 94/24/1 101/22/1
f 924/118/1 921/110/1 970/110/1 973/118/1
f 879/119/1 876/111/1 931/111/1 934/119/1
f 23/121/1 31/112/1 143/112/1 150/121/1
f 922/62/1 925/64/1 974/64/1 971/62/1
f 877/36/1 880/38/1 935/38/1 932/36/1
f 29/10/1 21/12/1 153/12/1 146/10/1
f 904/123/1 900/115/1 952/115/1 955/123/1
f 858/124/1 854/116/1 97/116/1 90/124/1
f 973/118/1 970/110/1 1018/110/1 1021/118/1
f 934/119/1 931/111/1 979/111/1 982/119/1
f 150/121/1 143/112/1 846/112/1 48/121/1
f 971/62/1 974/64/1 1022/64/1 1019/62/1
f 932/36/1 935/38/1 983/38/1 980/36/1
f 146/10/1 153/12/1 42/12/1 57/10/1
f 955/123/1 952/115/1 1000/115/1 1003/123/1
f 90/124/1 97/116/1 892/116/1 899/124/1
f 953/50/1 956/52/1 1004/52/1 1001/50/1
f 94/24/1 87/26/1 902/26/1 895/24/1
f 976/126/1 973/118/1 1021/118/1 1024/126/1
f 937/128/1 934/119/1 982/119/1 985/128/1
f 157/129/1 150/121/1 48/121/1 33/129/1
f 974/64/1 122/66/1 867/66/1 1022/64/1
f 935/38/1 938/40/1 986/40/1 983/38/1
f 153/12/1 160/14/1 27/14/1 42/12/1
f 958/131/1 955/123/1 1003/123/1 1006/131/1
f 83/87/1 90/124/1 899/124/1 906/87/1
f 956/52/1 959/54/1 1007/54/1 1004/52/1
f 87/26/1 80/28/1 909/28/1 902/26/1
f 118/134/1 976/126/1 1024/126/1 871/134/1
f 940/91/1 937/128/1 985/128/1 988/91/1
f 164/68/1 157/129/1 33/129/1 18/68/1
f 938/40/1 941/42/1 989/42/1 986/40/1
f 160/14/1 167/16/1 12/16/1 27/14/1
f 961/94/1 958/131/1 1006/131/1 1009/94/1
f 76/86/1 83/87/1 906/87/1 913/86/1
f 959/54/1 962/56/1 1010/56/1 1007/54/1
f 80/28/1 73/30/1 916/30/1 909/28/1
f 122/1/1 125/4/1 864/4/1 867/1/1
f 943/90/1 940/91/1 988/91/1 991/90/1
f 171/69/1 164/68/1 18/68/1 3/69/1
f 941/42/1 944/44/1 992/44/1 989/42/1
f 167/16/1 115/18/1 874/18/1 12/16/1
f 964/93/1 961/94/1 1009/94/1 1012/93/1
f 69/95/1 76/86/1 913/86/1 920/95/1
f 129/73/1 118/72/1 871/72/1 860/73/1
f 962/56/1 965/58/1 1013/58/1 1010/56/1
f 73/30/1 66/32/1 923/32/1 916/30/1
f 125/4/1 132/6/1 857/6/1 864/4/1
f 946/98/1 943/90/1 991/90/1 994/98/1
f 111/99/1 171/69/1 3/69/1 878/99/1
f 944/44/1 947/46/1 995/46/1 992/44/1
f 115/18/1 108/20/1 881/20/1 874/18/1
f 967/101/1 964/93/1 1012/93/1 1015/101/1
f 62/103/1 69/95/1 920/95/1 927/103/1
f 136/104/1 129/73/1 860/73/1 853/104/1
f 965/58/1 968/60/1 1016/60/1 1013/58/1
f 66/32/1 929/34/1 977/34/1 923/32/1
f 132/6/1 139/8/1 850/8/1 857/6/1
f 949/106/1 946/98/1 994/98/1 997/106/1
f 104/108/1 111/99/1 878/99/1 885/108/1
f 947/46/1 950/48/1 998/48/1 995/46/1
f 108/20/1 101/22/1 888/22/1 881/20/1
f 970/110/1 967/101/1 1015/101/1 1018/110/1
f 931/111/1 62/103/1 927/103/1 979/111/1
f 143/112/1 136/104/1 853/104/1 846/112/1
f 968/60/1 971/62/1 1019/62/1 1016/60/1
f 929/34/1 932/36/1 980/36/1 977/34/1
f 139/8/1 146/10/1 57/10/1 850/8/1
f 952/115/1 949/106/1 997/106/1 1000/115/1
f 97/116/1 104/108/1 885/108/1 892/116/1
f 950/48/1 953/50/1 1001/50/1 998/48/1
f 101/22/1 94/24/1 895/24/1 888/22/1
f 846/112/1 853/104/1 945/104/1 951/112/1
f 1016/60/1 1019/62/1 1053/62/1 1051/60/1
f 977/34/1 980/36/1 1027/36/1 1025/34/1
f 850/8/1 57/10/1 954/10/1 948/8/1
f 1000/115/1 997/106/1 1038/106/1 1040/115/1
f 892/116/1 885/108/1 147/108/1 133/116/1
f 998/48/1 1001/50/1 1041/50/1 1039/48/1
f 888/22/1 895/24/1 128/24/1 142/22/1
f 1021/118/1 1018/110/1 1052/110/1 1054/118/1
f 982/119/1 979/111/1 1026/111/1 1028/119/1
f 48/121/1 846/112/1 951/112/1 957/121/1
f 1019/62/1 1022/64/1 1055/64/1 1053/62/1
f 980/36/1 983/38/1 1029/38/1 1027/36/1
f 57/10/1 42/12/1 960/12/1 954/10/1
f 1003/123/1 1000/115/1 1040/115/1 1042/123/1
f 899/124/1 892/116/1 133/116/1 119/124/1
f 1001/50/1 1004/52/1 1043/52/1 1041/50/1
f 895/24/1 902/26/1 114/26/1 128/24/1
f 1024/126/1 1021/118/1 1054/118/1 1056/126/1
f 985/128/1 982/119/1 1028/119/1 1030/128/1
f 33/129/1 48/121/1 957/121/1 963/129/1
f 1022/64/1 867/66/1 933/66/1 1055/64/1
f 983/38/1 986/40/1 1031/40/1 1029/38/1
f 42/12/1 27/14/1 966/14/1 960/12/1
f 1006/131/1 1003/123/1 1042/123/1 1044/131/1
f 906/87/1 899/124/1 119/124/1 105/87/1
f 1004/52/1 1007/54/1 1045/54/1 1043/52/1
f 902/26/1 909/28/1 100/28/1 114/26/1
f 871/134/1 1024/126/1 1056/126/1 930/134/1
f 988/91/1 985/128/1 1030/128/1 1032/91/1
f 18/68/1 33/129/1 963/129/1 969/68/1
f 986/40/1 989/42/1 1033/42/1 1031/40/1
f 27/14/1 12/16/1 972/16/1 966/14/1
f 1009/94/1 1006/131/1 1044/131/1 1046/94/1
f 913/86/1 906/87/1 105/87/1 91/86/1
f 1007/54/1 1010/56/1 1047/56/1 1045/54/1
f 909/28/1 916/30/1 86/30/1 100/28/1
f 867/1/1 864/4/1 936/4/1 933/1/1
f 991/90/1 988/91/1 1032/91/1 1034/90/1
f 3/69/1 18/68/1 969/68/1 975/69/1
f 989/42/1 992/44/1 1035/44/1 1033/42/1
f 12/16/1 874/18/1 170/18/1 972/16/1
f 1012/93/1 1009/94/1 1046/94/1 1048/93/1
f 920/95/1 913/86/1 91/86/1 77/95/1
f 860/73/1 871/72/1 930/72/1 939/73/1
f 1010/56/1 1013/58/1 1049/58/1 1047/56/1
f 916/30/1 923/32/1 72/32/1 86/30/1
f 864/4/1 857/6/1 942/6/1 936/4/1
f 994/98/1 991/90/1 1034/90/1 1036/98/1
f 878/99/1 3/69/1 975/69/1 161/99/1
f 992/44/1 995/46/1 1037/46/1 1035/44/1
f 874/18/1 881/20/1 156/20/1 170/18/1
f 1015/101/1 1012/93/1 1048/93/1 1050/101/1
f 927/103/1 920/95/1 77/95/1 63/103/1
f 853/104/1 860/73/1 939/73/1 945/104/1
f 1013/58/1 1016/60/1 1051/60/1 1049/58/1
f 923/32/1 977/34/1 1025/34/1 72/32/1
f 857/6/1 850/8/1 948/8/1 942/6/1
f 997/106/1 994/98/1 1036/98/1 1038/106/1
f 885/108/1 878/99/1 161/99/1 147/108/1
f 995/46/1 998/48/1 1039/48/1 1037/46/1
f 881/20/1 888/22/1 142/22/1 156/20/1
f 1018/110/1 1015/101/1 1050/101/1 1052/110/1
f 979/111/1 927/103/1 63/103/1 1026/111/1
f 942/6/1 948/8/1 884/8/1 898/6/1
f 1038/106/1 1036/98/1 1068/98/1 1070/106/1
f 147/108/1 161/99/1 981/99/1 987/108/1
f 1037/46/1 1039/48/1 1071/48/1 1069/46/1
f 156/20/1 142/22/1 990/22/1 984/20/1
f 1052/110/1 1050/101/1 1082/101/1 1084/110/1
f 1026/111/1 63/103/1 1023/103/1 1058/111/1
f 951/112/1 945/104/1 889/104/1 875/112/1
f 1051/60/1 1053/62/1 1085/62/1 1083/60/1
f 1025/34/1 1027/36/1 1059/36/1 1057/34/1
f 948/8/1 954/10/1 870/10/1 884/8/1
f 1040/115/1 1038/106/1 1070/106/1 1072/115/1
f 133/116/1 147/108/1 987/108/1 993/116/1
f 1039/48/1 1041/50/1 1073/50/1 1071/48/1
f 142/22/1 128/24/1 996/24/1 990/22/1
f 1054/118/1 1052/110/1 1084/110/1 1086/118/1
f 1028/119/1 1026/111/1 1058/111/1 1060/119/1
f 957/121/1 951/112/1 875/112/1 861/121/1
f 1053/62/1 1055/64/1 1087/64/1 1085/62/1
f 1027/36/1 1029/38/1 1061/38/1 1059/36/1
f 954/10/1 960/12/1 856/12/1 870/10/1
f 1042/123/1 1040/115/1 1072/115/1 1074/123/1
f 119/124/1 133/116/1 993/116/1 999/124/1
f 1041/50/1 1043/52/1 1075/52/1 1073/50/1
f 128/24/1 114/26/1 1002/26/1 996/24/1
f 1056/126/1 1054/118/1 1086/118/1 1088/126/1
f 1030/128/1 1028/119/1 1060/119/1 1062/128/1
f 963/129/1 957/121/1 861/121/1 847/129/1
f 1055/64/1 933/66/1 917/66/1 1087/64/1
f 1029/38/1 1031/40/1 1063/40/1 1061/38/1
f 960/12/1 966/14/1 55/14/1 856/12/1
f 1044/131/1 1042/123/1 1074/123/1 1076/131/1
f 105/87/1 119/124/1 999/124/1 1005/87/1
f 1043/52/1 1045/54/1 1077/54/1 1075/52/1
f 114/26/1 100/28/1 1008/28/1 1002/26/1
f 930/134/1 1056/126/1 1088/126/1 926/134/1
f 1032/91/1 1030/128/1 1062/128/1 1064/91/1
f 969/68/1 963/129/1 847/129/1 35/68/1
f 1031/40/1 1033/42/1 1065/42/1 1063/40/1
f 966/14/1 972/16/1 25/16/1 55/14/1
f 1046/94/1 1044/131/1 1076/131/1 1078/94/1
f 91/86/1 105/87/1 1005/87/1 1011/86/1
f 1045/54/1 1047/56/1 1079/56/1 1077/54/1
f 100/28/1 86/30/1 1014/30/1 1008/28/1
f 933/1/1 936/4/1 912/4/1 917/1/1
f 1034/90/1 1032/91/1 1064/91/1 1066/90/1
f 975/69/1 969/68/1 35/68/1 5/69/1
f 1033/42/1 1035/44/1 1067/44/1 1065/42/1
f 972/16/1 170/18/1 978/18/1 25/16/1
f 1048/93/1 1046/94/1 1078/94/1 1080/93/1
f 77/95/1 91/86/1 1011/86/1 1017/95/1
f 939/73/1 930/72/1 926/72/1 903/73/1
f 1047/56/1 1049/58/1 1081/58/1 1079/56/1
f 86/30/1 72/32/1 1020/32/1 1014/30/1
f 936/4/1 942/6/1 898/6/1 912/4/1
f 1036/98/1 1034/90/1 1066/90/1 1068/98/1
f 161/99/1 975/69/1 5/69/1 981/99/1
f 1035/44/1 1037/46/1 1069/46/1 1067/44/1
f 170/18/1 156/20/1 984/20/1 978/18/1
f 1050/101/1 1048/93/1 1080/93/1 1082/101/1
f 63/103/1 77/95/1 1017/95/1 1023/103/1
f 945/104/1 939/73/1 903/73/1 889/104/1
f 1049/58/1 1051/60/1 1083/60/1 1081/58/1
f 72/32/1 1025/34/1 1057/34/1 1020/32/1
f 1070/106/1 1068/98/1 1176/98/77 1180/106/79
f 987/108/1 981/99/1 1124/99/51 1128/108/53
f 1069/46/1 1071/48/1 1181/48/81 1177/46/79
f 984/20/1 990/22/1 1129/22/55 1125/20/53
f 1084/110/1 1082/101/1 1204/101/91 1208/110/93
f 1058/111/1 1023/103/1 1152/103/65 1156/111/67
f 875/112/1 889/104/1 1109/104/39 1105/300/41
f 1083/60/1 1085/62/1 1209/62/95 1205/60/93
f 1057/34/1 1059/36/1 1157/36/69 1153/34/67
f 884/8/1 870/10/1 1104/10/43 1108/8/41
f 1072/115/1 1070/106/1 1180/106/79 1184/115/81
f 993/116/1 987/108/1 1128/108/53 1132/116/55
f 1071/48/1 1073/50/1 1185/50/83 1181/48/81
f 990/22/1 996/24/1 1133/24/57 1129/22/55
f 1086/118/1 1084/110/1 1208/110/93 1212/118/95
f 1060/119/1 1058/111/1 1156/111/67 1160/119/69
f 861/121/1 875/112/1 1105/300/41 1101/121/390
f 1085/62/1 1087/64/1 1213/64/97 1209/62/95
f 1059/36/1 1061/38/1 1161/38/71 1157/36/69
f 870/10/1 856/12/1 1100/12/45 1104/10/43
f 1074/123/1 1072/115/1 1184/115/81 1188/123/83
f 999/124/1 993/116/1 1132/116/55 1136/124/57
f 1073/50/1 1075/52/1 1189/52/85 1185/50/83
f 996/24/1 1002/26/1 1137/26/59 1133/24/57
f 1088/126/1 1086/118/1 1212/118/95 1216/126/97
f 1062/128/1 1060/119/1 1160/119/69 1164/128/71
f 847/129/1 861/121/1 1101/121/390 1097/129/45
f 1087/64/1 917/66/1 1117/66/34 1213/64/97
f 1061/38/1 1063/40/1 1165/40/73 1161/38/71
f 856/12/1 55/14/1 1096/14/47 1100/12/45
f 1076/131/1 1074/123/1 1188/123/83 1192/131/85
f 1005/87/1 999/124/1 1136/124/57 1140/87/59
f 1075/52/1 1077/54/1 1193/54/87 1189/52/85
f 1002/26/1 1008/28/1 1141/28/61 1137/26/59
f 926/134/1 1088/126/1 1216/126/97 1120/134/34
f 1064/91/1 1062/128/1 1164/128/71 1168/91/73
f 35/68/1 847/129/1 1097/129/45 1093/68/47
f 1063/40/1 1065/42/1 1169/42/75 1165/40/73
f 55/14/1 25/16/1 1092/16/49 1096/14/47
f 1078/94/1 1076/131/1 1192/131/85 1196/94/87
f 1011/86/1 1005/87/1 1140/87/59 1144/86/61
f 1077/54/1 1079/56/1 1197/56/89 1193/54/87
f 1008/28/1 1014/30/1 1145/30/63 1141/28/61
f 917/1/1 912/4/1 1116/4/37 1117/1/34
f 1066/90/1 1064/91/1 1168/91/73 1172/90/75
f 5/69/1 35/68/1 1093/68/47 1089/69/49
f 1065/42/1 1067/44/1 1173/44/77 1169/42/75
f 25/16/1 978/18/1 1121/18/51 1092/16/49
f 1080/93/1 1078/94/1 1196/94/87 1200/93/89
f 1017/95/1 1011/86/1 1144/86/61 1148/95/63
f 903/73/1 926/72/1 1120/72/34 1113/73/37
f 1079/56/1 1081/58/1 1201/58/91 1197/56/89
f 1014/30/1 1020/32/1 1149/32/65 1145/30/63
f 912/4/1 898/6/1 1112/6/39 1116/4/37
f 1068/98/1 1066/90/1 1172/90/75 1176/98/77
f 981/99/1 5/69/1 1089/69/49 1124/99/51
f 1067/44/1 1069/46/1 1177/46/79 1173/44/77
f 978/18/1 984/20/1 1125/20/53 1121/18/51
f 1082/101/1 1080/93/1 1200/93/89 1204/101/91
f 1023/103/1 1017/95/1 1148/95/63 1152/103/65
f 889/104/1 903/73/1 1113/73/37 1109/104/39
f 1081/58/1 1083/60/1 1205/60/93 1201/58/91
f 1020/32/1 1057/34/1 1153/34/67 1149/32/65
f 898/6/1 884/8/1 1108/8/41 1112/6/39
f 1216/126/97 1215/301/711 1119/302/687 1120/134/34
f 1215/301/711 1214/303/711 1118/304/687 1119/302/687
f 1214/303/711 1213/64/97 1117/66/34 1118/304/687
f 1212/118/95 1211/305/710 1215/301/711 1216/126/97
f 1211/305/710 1210/306/710 1214/303/711 1215/301/711
f 1210/306/710 1209/62/95 1213/64/97 1214/303/711
f 1208/110/93 1207/307/709 1211/305/710 1212/118/95
f 1207/307/709 1206/308/709 1210/306/710 1211/305/710
f 1206/308/709 1205/60/93 1209/62/95 1210/306/710
f 1204/101/91 1203/309/708 1207/307/709 1208/110/93
f 1203/309/708 1202/310/708 1206/308/709 1207/307/709
f 1202/310/708 1201/58/91 1205/60/93 1206/308/709
f 1200/93/89 1199/311/707 1203/309/708 1204/101/91
f 1199/311/707 1198/312/707 1202/310/708 1203/309/708
f 1198/312/707 1197/56/89 1201/58/91 1202/310/708
f 1196/94/87 1195/313/706 1199/311/707 1200/93/89
f 1195/313/706 1194/314/706 1198/312/707 1199/311/707
f 1194/314/706 1193/54/87 1197/56/89 1198/312/707
f 1192/131/85 1191/315/705 1195/313/706 1196/94/87
f 1191/315/705 1190/316/705 1194/314/706 1195/313/706
f 1190/316/705 1189/52/85 1193/54/87 1194/314/706
f 1188/123/83 1187/317/704 1191/315/705 1192/131/85
f 1187/317/704 1186/318/704 1190/316/705 1191/315/705
f 1186/318/704 1185/50/83 1189/52/85 1190/316/705
f 1184/115/81 1183/319/703 1187/317/704 1188/123/83
f 1183/319/703 1182/320/703 1186/318/704 1187/317/704
f 1182/320/703 1181/48/81 1185/50/83 1186/318/704
f 1180/106/79 1179/321/702 1183/319/703 1184/115/81
f 1179/321/702 1178/322/702 1182/320/703 1183/319/703
f 1178/322/702 1177/46/79 1181/48/81 1182/320/703
f 1176/98/77 1175/323/701 1179/321/702 1180/106/79
f 1175/323/701 1174/324/701 1178/322/702 1179/321/702
f 1174/324/701 1173/44/77 1177/46/79 1178/322/702
f 1172/90/75 1171/325/700 1175/323/701 1176/98/77
f 1171/325/700 1170/326/700 1174/324/701 1175/323/701
f 1170/326/700 1169/42/75 1173/44/77 1174/324/701
f 1168/91/73 1167/327/699 1171/325/700 1172/90/75
f 1167/327/699 1166/328/699 1170/326/700 1171/325/700
f 1166/328/699 1165/40/73 1169/42/75 1170/326/700
f 1164/128/71 1163/329/698 1167/327/699 1168/91/73
f 1163/329/698 1162/330/698 1166/328/699 1167/327/699
f 1162/330/698 1161/38/71 1165/40/73 1166/328/699
f 1160/119/69 1159/331/697 1163/329/698 1164/128/71
f 1159/331/697 1158/332/697 1162/330/698 1163/329/698
f 1158/332/697 1157/36/69 1161/38/71 1162/330/698
f 1156/111/67 1155/333/696 1159/331/697 1160/119/69
f 1155/333/696 1154/334/696 1158/332/697 1159/331/697
f 1154/334/696 1153/34/67 1157/36/69 1158/332/697
f 1152/103/65 1151/335/695 1155/333/696 1156/111/67
f 1151/335/695 1150/336/695 1154/334/696 1155/333/696
f 1150/336/695 1149/32/65 1153/34/67 1154/334/696
f 1148/95/63 1147/337/694 1151/335/695 1152/103/65
f 1147/337/694 1146/338/694 1150/336/695 1151/335/695
f 1146/338/694 1145/30/63 1149/32/65 1150/336/695
f 1144/86/61 1143/339/693 1147/337/694 1148/95/63
f 1143/339/693 1142/340/693 1146/338/694 1147/337/694
f 1142/340/693 1141/28/61 1145/30/63 1146/338/694
f 1140/87/59 1139/341/692 1143/339/693 1144/86/61
f 1139/341/692 1138/342/692 1142/340/693 1143/339/693
f 1138/342/692 1137/26/59 1141/28/61 1142/340/693
f 1136/124/57 1135/343/691 1139/341/692 1140/87/59
f 1135/343/691 1134/344/691 1138/342/692 1139/341/692
f 1134/344/691 1133/24/57 1137/26/59 1138/342/692
f 1132/116/55 1131/345/690 1135/343/691 1136/124/57
f 1131/345/690 1130/346/690 1134/344/691 1135/343/691
f 1130/346/690 1129/22/55 1133/24/57 1134/344/691
f 1128/108/53 1127/347/689 1131/345/690 1132/116/55
f 1127/347/689 1126/348/689 1130/346/690 1131/345/690
f 1126/348/689 1125/20/53 1129/22/55 1130/346/690
f 1124/99/51 1123/349/688 1127/347/689 1128/108/53
f 1123/349/688 1122/350/688 1126/348/689 1127/347/689
f 1122/350/688 1121/18/51 1125/20/53 1126/348/689
f 1089/69/49 1090/351/680 1123/349/688 1124/99/51
f 1090/351/680 1091/352/680 1122/350/688 1123/349/688
f 1091/352/680 1092/16/49 1121/18/51 1122/350/688
f 1093/68/47 1094/353/681 1090/351/680 1089/69/49
f 1094/353/681 1095/354/681 1091/352/680 1090/351/680
f 1095/354/681 1096/14/47 1092/16/49 1091/352/680
f 1097/129/45 1098/355/682 1094/353/681 1093/68/47
f 1098/355/682 1099/356/682 1095/354/681 1094/353/681
f 1099/356/682 1100/12/45 1096/14/47 1095/354/681
f 1101/121/390 1102/357/683 1098/355/682 1097/129/45
f 1102/357/683 1103/358/683 1099/356/682 1098/355/682
f 1103/358/683 1104/10/43 1100/12/45 1099/356/682
f 1105/300/41 1106/359/684 1102/357/683 1101/121/390
f 1106/359/684 1107/360/684 1103/358/683 1102/357/683
f 1107/360/684 1108/8/41 1104/10/43 1103/358/683
f 1109/104/39 1110/361/685 1106/359/684 1105/300/41
f 1110/361/685 1111/362/685 1107/360/684 1106/359/684
f 1111/362/685 1112/6/39 1108/8/41 1107/360/684
f 1113/73/37 1114/363/686 1110/361/685 1109/104/39
f 1114/363/686 1115/364/686 1111/362/685 1110/361/685
f 1115/364/686 1116/4/37 1112/6/39 1111/362/685
f 1120/72/34 1119/365/687 1114/363/686 1113/73/37
f 1119/365/687 1118/366/687 1115/364/686 1114/363/686
f 1118/366/687 1117/1/34 1116/4/37 1115/364/686
f 1280/1/35 1218/2/2 1220/3/3 1281/4/36
f 1281/4/36 1220/3/3 1222/5/4 1284/6/712
f 1284/6/712 1222/5/4 1224/7/5 1287/8/40
f 1287/8/40 1224/7/5 1226/9/6 1291/10/42
f 1291/10/42 1226/9/6 1227/11/7 1295/12/44
f 1295/12/44 1227/11/7 1229/13/8 1298/14/46
f 1298/14/46 1229/13/8 1231/15/9 1301/16/48
f 1301/16/48 1231/15/9 1233/17/10 1305/18/50
f 1305/18/50 1233/17/10 1235/19/11 1309/20/52
f 1309/20/52 1235/19/11 1236/21/12 1312/22/54
f 1312/22/54 1236/21/12 1238/23/13 1315/24/56
f 1315/24/56 1238/23/13 1240/25/14 1319/26/58
f 1319/26/58 1240/25/14 1242/27/15 1323/28/60
f 1323/28/60 1242/27/15 1244/29/16 1326/30/62
f 1326/30/62 1244/29/16 1246/31/17 1329/32/64
f 1329/32/64 1246/31/17 1248/33/18 1333/34/66
f 1333/34/66 1248/33/18 1250/35/19 1337/36/68
f 1337/36/68 1250/35/19 1252/37/20 1340/38/70
f 1340/38/70 1252/37/20 1254/39/21 1343/40/72
f 1343/40/72 1254/39/21 1256/41/22 1347/42/74
f 1347/42/74 1256/41/22 1257/43/23 1351/44/76
f 1351/44/76 1257/43/23 1259/45/24 1354/46/78
f 1354/46/78 1259/45/24 1261/47/25 1357/48/80
f 1357/48/80 1261/47/25 1263/49/26 1361/50/82
f 1361/50/82 1263/49/26 1265/51/27 1365/52/84
f 1365/52/84 1265/51/27 1266/53/28 1368/54/86
f 1368/54/86 1266/53/28 1268/55/29 1371/56/88
f 1371/56/88 1268/55/29 1270/57/30 1375/58/90
f 1375/58/90 1270/57/30 1272/59/31 1379/60/92
f 1379/60/92 1272/59/31 1274/61/32 1382/62/94
f 1226/9/6 1224/7/5 1392/7/101 1393/9/102
f 1382/62/94 1274/61/32 1276/63/33 1385/64/96
f 1385/64/96 1276/63/33 1218/65/2 1280/66/35
f 1957/67/728 1300/68/47 1304/69/49 1961/70/580
f 1934/71/553 1277/72/34 1283/73/37 1937/74/556
f 2054/75/673 2058/76/677 1548/76/257 1547/75/256
f 2050/77/669 2054/75/673 1547/75/256 1546/77/255
f 2046/78/665 2050/77/669 1546/77/255 1545/78/254
f 2042/79/730 2046/78/665 1545/78/254 1544/79/253
f 2038/80/657 2042/79/730 1544/79/253 1543/80/252
f 2034/81/653 2038/80/657 1543/80/252 1542/81/251
f 2030/82/649 2034/81/653 1542/81/251 1541/82/250
f 2026/83/645 2030/82/649 1541/82/250 1540/83/249
f 2022/84/641 2026/83/645 1540/83/249 1539/84/248
f 2018/85/637 2022/84/641 1539/84/248 1538/85/247
f 1325/86/61 1322/87/59 2078/87/1 2081/86/1
f 2014/88/633 2018/85/637 1538/85/247 1537/88/246
f 1368/54/86 1371/56/88 2127/56/1 2124/54/1
f 1323/28/60 1326/30/62 2082/30/1 2079/28/1
f 1280/1/35 1281/4/36 1267/4/1 1269/1/1
f 2010/89/629 2014/88/633 1537/88/246 1536/89/245
f 1350/90/75 1346/91/73 2102/91/1 2106/90/1
f 1304/69/49 1300/68/47 1225/68/1 1217/69/1
f 1347/42/74 1351/44/76 2107/44/1 2103/42/1
f 2006/92/625 2010/89/629 1536/89/245 1535/92/244
f 1301/16/48 1305/18/50 2061/18/1 1223/16/1
f 1374/93/89 1370/94/87 2126/94/1 2130/93/1
f 1328/95/63 1325/86/61 2081/86/1 2084/95/1
f 2002/96/621 2006/92/625 1535/92/244 1534/96/243
f 1283/73/37 1277/72/34 1275/72/1 1262/73/1
f 1371/56/88 1375/58/90 2131/58/1 2127/56/1
f 1326/30/62 1329/32/64 2085/32/1 2082/30/1
f 1998/97/617 2002/96/621 1534/96/243 1533/97/242
f 1281/4/36 1284/6/712 1260/6/1 1267/4/1
f 1353/98/77 1350/90/75 2106/90/1 2109/98/1
f 1308/99/51 1304/69/49 1217/69/1 2064/99/1
f 1994/100/613 1998/97/617 1533/97/242 1532/100/241
f 1351/44/76 1354/46/78 2110/46/1 2107/44/1
f 1305/18/50 1309/20/52 2065/20/1 2061/18/1
f 1378/101/91 1374/93/89 2130/93/1 2134/101/1
f 1990/102/609 1994/100/613 1532/100/241 1531/102/240
f 1332/103/65 1328/95/63 2084/95/1 2088/103/1
f 1286/104/39 1283/73/37 1262/73/1 1255/104/1
f 1375/58/90 1379/60/92 2135/60/1 2131/58/1
f 1986/105/605 1990/102/609 1531/102/240 1530/105/239
f 1329/32/64 1333/34/66 2089/34/1 2085/32/1
f 1284/6/712 1287/8/40 1253/8/1 1260/6/1
f 1356/106/79 1353/98/77 2109/98/1 2112/106/1
f 1982/107/601 1986/105/605 1530/105/239 1529/107/238
f 1311/108/53 1308/99/51 2064/99/1 2067/108/1
f 1354/46/78 1357/48/80 2113/48/1 2110/46/1
f 1309/20/52 1312/22/54 2068/22/1 2065/20/1
f 1978/109/597 1982/107/601 1529/107/238 1528/109/237
f 1381/110/93 1378/101/91 2134/101/1 2137/110/1
f 1336/111/67 1332/103/65 2088/103/1 2092/111/1
f 1290/112/41 1286/104/39 1255/104/1 1247/112/1
f 1974/113/593 1978/109/597 1528/109/237 1527/113/236
f 1379/60/92 1382/62/94 2138/62/1 2135/60/1
f 1333/34/66 1337/36/68 2093/36/1 2089/34/1
f 1287/8/40 1291/10/42 1245/10/1 1253/8/1
f 1970/114/589 1974/113/593 1527/113/236 1526/114/235
f 1360/115/81 1356/106/79 2112/106/1 2116/115/1
f 1314/116/55 1311/108/53 2067/108/1 2070/116/1
f 1357/48/80 1361/50/82 2117/50/1 2113/48/1
f 1966/117/585 1970/114/589 1526/114/235 1525/117/714
f 1312/22/54 1315/24/56 2071/24/1 2068/22/1
f 1384/118/95 1381/110/93 2137/110/1 2140/118/1
f 1339/119/69 1336/111/67 2092/111/1 2095/119/1
f 1962/120/581 1966/117/585 1525/117/714 1524/120/233
f 1294/121/43 1290/112/41 1247/112/1 1239/121/1
f 1382/62/94 1385/64/96 2141/64/1 2138/62/1
f 1337/36/68 1340/38/70 2096/38/1 2093/36/1
f 1958/122/577 1962/120/581 1524/120/233 1523/122/232
f 1291/10/42 1295/12/44 1237/12/1 1245/10/1
f 1364/123/83 1360/115/81 2116/115/1 2120/123/1
f 1318/124/57 1314/116/55 2070/116/1 2074/124/1
f 1954/125/573 1958/122/577 1523/122/232 1522/125/231
f 1361/50/82 1365/52/84 2121/52/1 2117/50/1
f 1315/24/56 1319/26/58 2075/26/1 2071/24/1
f 1388/126/97 1384/118/95 2140/118/1 2144/126/1
f 1950/127/569 1954/125/573 1522/125/231 1521/127/230
f 1342/128/71 1339/119/69 2095/119/1 2098/128/1
f 1297/129/391 1294/121/43 1239/121/1 1232/129/1
f 1385/64/96 1280/66/35 1269/66/1 2141/64/1
f 1946/130/565 1950/127/569 1521/127/230 1520/130/229
f 1340/38/70 1343/40/72 2099/40/1 2096/38/1
f 1295/12/44 1298/14/46 1230/14/1 1237/12/1
f 1367/131/85 1364/123/83 2120/123/1 2123/131/1
f 1942/132/561 1946/130/565 1520/130/229 1519/132/228
f 1322/87/59 1318/124/57 2074/124/1 2078/87/1
f 1365/52/84 1368/54/86 2124/54/1 2121/52/1
f 1319/26/58 1323/28/60 2079/28/1 2075/26/1
f 1938/133/557 1942/132/561 1519/132/228 1518/133/227
f 1277/134/34 1388/126/97 2144/126/1 1275/134/1
f 1346/91/73 1342/128/71 2098/128/1 2102/91/1
f 1300/68/47 1297/129/391 1232/129/1 1225/68/1
f 2058/76/677 1933/135/552 1517/135/226 1548/76/257
f 1343/40/72 1347/42/74 2103/42/1 2099/40/1
f 1298/14/46 1301/16/48 1223/16/1 1230/14/1
f 1370/94/87 1367/131/85 2123/131/1 2126/94/1
f 1397/17/106 1396/15/105 1428/15/137 1429/17/138
f 1242/27/15 1240/25/14 1401/25/713 1402/27/111
f 1259/45/24 1257/43/23 1410/43/119 1411/45/120
f 1276/63/33 1274/61/32 1419/61/128 1420/63/129
f 1235/19/11 1233/17/10 1397/17/106 1398/19/107
f 1252/37/20 1250/35/19 1406/35/115 1407/37/116
f 1268/55/29 1266/53/28 1415/53/124 1416/55/125
f 1227/11/7 1226/9/6 1393/9/102 1394/11/103
f 1244/29/16 1242/27/15 1402/27/111 1403/29/112
f 1261/47/25 1259/45/24 1411/45/120 1412/47/121
f 1220/3/3 1218/2/2 1389/2/98 1390/3/99
f 1218/65/2 1276/63/33 1420/63/129 1389/65/98
f 1236/21/12 1235/19/11 1398/19/107 1399/21/108
f 1254/39/21 1252/37/20 1407/37/116 1408/39/117
f 1270/57/30 1268/55/29 1416/55/125 1417/57/126
f 1229/13/8 1227/11/7 1394/11/103 1395/13/104
f 1246/31/17 1244/29/16 1403/29/112 1404/31/113
f 1263/49/26 1261/47/25 1412/47/121 1413/49/122
f 1222/5/4 1220/3/3 1390/3/99 1391/5/100
f 1238/23/13 1236/21/12 1399/21/108 1400/23/109
f 1256/41/22 1254/39/21 1408/39/117 1409/41/118
f 1272/59/31 1270/57/30 1417/57/126 1418/59/127
f 1231/15/9 1229/13/8 1395/13/104 1396/15/105
f 1248/33/18 1246/31/17 1404/31/113 1405/33/114
f 1265/51/27 1263/49/26 1413/49/122 1414/51/123
f 1224/7/5 1222/5/4 1391/5/100 1392/7/101
f 1240/25/14 1238/23/13 1400/23/109 1401/25/713
f 1257/43/23 1256/41/22 1409/41/118 1410/43/119
f 1274/61/32 1272/59/31 1418/59/127 1419/61/128
f 1233/17/10 1231/15/9 1396/15/105 1397/17/106
f 1250/35/19 1248/33/18 1405/33/114 1406/35/115
f 1266/53/28 1265/51/27 1414/51/123 1415/53/124
f 1432/23/141 1431/21/140 1463/21/172 1464/23/173
f 1411/45/120 1410/43/119 1442/43/151 1443/45/152
f 1398/19/107 1397/17/106 1429/17/138 1430/19/139
f 1412/47/121 1411/45/120 1443/45/152 1444/47/153
f 1399/21/108 1398/19/107 1430/19/139 1431/21/140
f 1413/49/122 1412/47/121 1444/47/153 1445/49/154
f 1400/23/109 1399/21/108 1431/21/140 1432/23/141
f 1414/51/123 1413/49/122 1445/49/154 1446/51/155
f 1401/25/713 1400/23/109 1432/23/141 1433/25/142
f 1415/53/124 1414/51/123 1446/51/155 1447/53/156
f 1402/27/111 1401/25/713 1433/25/142 1434/27/143
f 1416/55/125 1415/53/124 1447/53/156 1448/55/157
f 1403/29/112 1402/27/111 1434/27/143 1435/29/144
f 1390/3/99 1389/2/98 1421/2/130 1422/3/131
f 1417/57/126 1416/55/125 1448/55/157 1449/57/158
f 1404/31/113 1403/29/112 1435/29/144 1436/31/145
f 1391/5/100 1390/3/99 1422/3/131 1423/5/132
f 1418/59/127 1417/57/126 1449/57/158 1450/59/159
f 1405/33/114 1404/31/113 1436/31/145 1437/33/146
f 1392/7/101 1391/5/100 1423/5/132 1424/7/133
f 1419/61/128 1418/59/127 1450/59/159 1451/61/160
f 1406/35/115 1405/33/114 1437/33/146 1438/35/147
f 1393/9/102 1392/7/101 1424/7/133 1425/9/134
f 1420/63/129 1419/61/128 1451/61/160 1452/63/161
f 1407/37/116 1406/35/115 1438/35/147 1439/37/148
f 1394/11/103 1393/9/102 1425/9/134 1426/11/135
f 1389/65/98 1420/63/129 1452/63/161 1421/65/130
f 1408/39/117 1407/37/116 1439/37/148 1440/39/149
f 1395/13/104 1394/11/103 1426/11/135 1427/13/136
f 1409/41/118 1408/39/117 1440/39/149 1441/41/150
f 1396/15/105 1395/13/104 1427/13/136 1428/15/137
f 1410/43/119 1409/41/118 1441/41/150 1442/43/151
f 1467/29/176 1466/27/175 1498/27/207 1499/29/208
f 1446/51/155 1445/49/154 1477/49/186 1478/51/187
f 1433/25/142 1432/23/141 1464/23/173 1465/25/174
f 1447/53/156 1446/51/155 1478/51/187 1479/53/188
f 1434/27/143 1433/25/142 1465/25/174 1466/27/175
f 1448/55/157 1447/53/156 1479/53/188 1480/55/189
f 1435/29/144 1434/27/143 1466/27/175 1467/29/176
f 1422/3/131 1421/2/130 1453/2/162 1454/3/163
f 1449/57/158 1448/55/157 1480/55/189 1481/57/190
f 1436/31/145 1435/29/144 1467/29/176 1468/31/177
f 1423/5/132 1422/3/131 1454/3/163 1455/5/164
f 1450/59/159 1449/57/158 1481/57/190 1482/59/191
f 1437/33/146 1436/31/145 1468/31/177 1469/33/178
f 1424/7/133 1423/5/132 1455/5/164 1456/7/165
f 1451/61/160 1450/59/159 1482/59/191 1483/61/192
f 1438/35/147 1437/33/146 1469/33/178 1470/35/179
f 1425/9/134 1424/7/133 1456/7/165 1457/9/166
f 1452/63/161 1451/61/160 1483/61/192 1484/63/193
f 1439/37/148 1438/35/147 1470/35/179 1471/37/180
f 1426/11/135 1425/9/134 1457/9/166 1458/11/167
f 1421/65/130 1452/63/161 1484/63/193 1453/65/162
f 1440/39/149 1439/37/148 1471/37/180 1472/39/181
f 1427/13/136 1426/11/135 1458/11/167 1459/13/168
f 1441/41/150 1440/39/149 1472/39/181 1473/41/182
f 1428/15/137 1427/13/136 1459/13/168 1460/15/169
f 1442/43/151 1441/41/150 1473/41/182 1474/43/183
f 1429/17/138 1428/15/137 1460/15/169 1461/17/170
f 1443/45/152 1442/43/151 1474/43/183 1475/45/184
f 1430/19/139 1429/17/138 1461/17/170 1462/19/171
f 1444/47/153 1443/45/152 1475/45/184 1476/47/185
f 1431/21/140 1430/19/139 1462/19/171 1463/21/172
f 1445/49/154 1444/47/153 1476/47/185 1477/49/186
f 1486/136/195 1485/137/194 1516/138/225 1515/139/224 1514/140/223 1513/141/222 1512/142/221 1511/143/220 1510/144/219 1509/145/218 1508/146/217 1507/147/216 1506/148/215 1505/149/214 1504/150/213 1503/151/212 1502/152/211 1501/153/210 1500/154/209 1499/155/208 1498/156/207 1497/157/206 1496/158/205 1495/159/204 1494/160/203 1493/161/202 1492/162/201 1491/163/200 1490/164/199 1489/165/198 1488/166/197 1487/167/196
f 1454/3/163 1453/2/162 1485/2/194 1486/3/195
f 1481/57/190 1480/55/189 1512/55/221 1513/57/222
f 1468/31/177 1467/29/176 1499/29/208 1500/31/209
f 1455/5/164 1454/3/163 1486/3/195 1487/5/196
f 1482/59/191 1481/57/190 1513/57/222 1514/59/223
f 1469/33/178 1468/31/177 1500/31/209 1501/33/210
f 1456/7/165 1455/5/164 1487/5/196 1488/7/197
f 1483/61/192 1482/59/191 1514/59/223 1515/61/224
f 1470/35/179 1469/33/178 1501/33/210 1502/35/211
f 1457/9/166 1456/7/165 1488/7/197 1489/9/198
f 1484/63/193 1483/61/192 1515/61/224 1516/63/225
f 1471/37/180 1470/35/179 1502/35/211 1503/37/212
f 1458/11/167 1457/9/166 1489/9/198 1490/11/199
f 1453/65/162 1484/63/193 1516/63/225 1485/65/194
f 1472/39/181 1471/37/180 1503/37/212 1504/39/213
f 1459/13/168 1458/11/167 1490/11/199 1491/13/200
f 1473/41/182 1472/39/181 1504/39/213 1505/41/214
f 1460/15/169 1459/13/168 1491/13/200 1492/15/201
f 1474/43/183 1473/41/182 1505/41/214 1506/43/215
f 1461/17/170 1460/15/169 1492/15/201 1493/17/202
f 1475/45/184 1474/43/183 1506/43/215 1507/45/216
f 1462/19/171 1461/17/170 1493/17/202 1494/19/203
f 1476/47/185 1475/45/184 1507/45/216 1508/47/217
f 1463/21/172 1462/19/171 1494/19/203 1495/21/204
f 1477/49/186 1476/47/185 1508/47/217 1509/49/218
f 1464/23/173 1463/21/172 1495/21/204 1496/23/205
f 1478/51/187 1477/49/186 1509/49/218 1510/51/219
f 1465/25/174 1464/23/173 1496/23/205 1497/25/206
f 1479/53/188 1478/51/187 1510/51/219 1511/53/220
f 1466/27/175 1465/25/174 1497/25/206 1498/27/207
f 1480/55/189 1479/53/188 1511/53/220 1512/55/221
f 1528/109/237 1529/107/238 1593/107/302 1592/109/301
f 1993/168/612 1332/103/65 1336/111/67 1997/169/616
f 2029/170/648 1364/123/83 1367/131/85 2033/171/652
f 1941/172/560 1286/104/39 1290/112/41 1945/173/564
f 1977/174/596 1318/124/57 1322/87/59 1981/175/600
f 2013/176/632 1350/90/75 1353/98/77 2017/177/636
f 2049/178/668 1381/110/93 1384/118/95 2053/179/672
f 1961/70/580 1304/69/49 1308/99/51 1965/180/584
f 1997/169/616 1336/111/67 1339/119/69 2001/181/620
f 2033/171/652 1367/131/85 1370/94/87 2037/182/656
f 1945/173/564 1290/112/41 1294/121/43 1949/183/568
f 1981/175/600 1322/87/59 1325/86/61 1985/184/604
f 2017/177/636 1353/98/77 1356/106/79 2021/185/640
f 2053/179/672 1384/118/95 1388/126/97 2057/186/676
f 1965/180/584 1308/99/51 1311/108/53 1969/187/588
f 2001/181/620 1339/119/69 1342/128/71 2005/188/624
f 2037/182/656 1370/94/87 1374/93/89 2041/189/660
f 1949/183/568 1294/121/43 1297/129/391 1953/190/572
f 1985/184/604 1325/86/61 1328/95/63 1989/191/608
f 2021/185/640 1356/106/79 1360/115/81 2025/192/644
f 1969/187/588 1311/108/53 1314/116/55 1973/193/592
f 2005/188/624 1342/128/71 1346/91/73 2009/194/628
f 2041/189/660 1374/93/89 1378/101/91 2045/195/664
f 1953/190/572 1297/129/391 1300/68/47 1957/67/728
f 1989/191/608 1328/95/63 1332/103/65 1993/168/612
f 2025/192/644 1360/115/81 1364/123/83 2029/170/648
f 2057/186/676 1388/126/97 1277/134/34 1934/196/553
f 1937/74/556 1283/73/37 1286/104/39 1941/172/560
f 1973/193/592 1314/116/55 1318/124/57 1977/174/596
f 2009/194/628 1346/91/73 1350/90/75 2013/176/632
f 2045/195/664 1378/101/91 1381/110/93 2049/178/668
f 1574/197/283 1575/198/284 1639/198/55 1638/197/53
f 1542/81/251 1543/80/252 1607/80/316 1606/81/315
f 1529/107/238 1530/105/239 1594/105/303 1593/107/302
f 1543/80/252 1544/79/253 1608/79/317 1607/80/316
f 1530/105/239 1531/102/240 1595/102/304 1594/105/303
f 1517/199/226 1518/133/227 1582/133/291 1581/199/290
f 1544/79/253 1545/78/254 1609/78/318 1608/79/317
f 1531/102/240 1532/100/241 1596/100/305 1595/102/304
f 1518/133/227 1519/132/228 1583/132/292 1582/133/291
f 1545/78/254 1546/77/255 1610/77/319 1609/78/318
f 1532/100/241 1533/97/242 1597/97/306 1596/100/305
f 1519/132/228 1520/130/229 1584/130/293 1583/132/292
f 1546/77/255 1547/75/256 1611/75/320 1610/77/319
f 1533/97/242 1534/96/243 1598/96/307 1597/97/306
f 1520/130/229 1521/127/230 1585/127/294 1584/130/293
f 1547/75/256 1548/76/257 1612/76/321 1611/75/320
f 1534/96/243 1535/92/244 1599/92/308 1598/96/307
f 1521/127/230 1522/125/231 1586/125/295 1585/127/294
f 1548/76/257 1517/135/226 1581/135/290 1612/76/321
f 1535/92/244 1536/89/245 1600/89/309 1599/92/308
f 1522/125/231 1523/122/232 1587/122/296 1586/125/295
f 1536/89/245 1537/88/246 1601/88/310 1600/89/309
f 1523/122/232 1524/120/233 1588/120/297 1587/122/296
f 1537/88/246 1538/85/247 1602/85/311 1601/88/310
f 1524/120/233 1525/117/714 1589/117/298 1588/120/297
f 1538/85/247 1539/84/248 1603/84/312 1602/85/311
f 1525/117/714 1526/114/235 1590/114/299 1589/117/298
f 1539/84/248 1540/83/249 1604/83/313 1603/84/312
f 1526/114/235 1527/113/236 1591/113/300 1590/114/299
f 1540/83/249 1541/82/250 1605/82/314 1604/83/313
f 1527/113/236 1528/109/237 1592/109/301 1591/113/300
f 1541/82/250 1542/81/251 1606/81/315 1605/82/314
f 1550/200/259 1549/201/258 1581/202/290 1582/203/291
f 1551/204/260 1550/200/259 1582/203/291 1583/205/292
f 1552/206/261 1551/204/260 1583/205/292 1584/207/293
f 1553/208/262 1552/206/261 1584/207/293 1585/209/294
f 1554/210/263 1553/208/262 1585/209/294 1586/211/295
f 1555/212/715 1554/210/263 1586/211/295 1587/213/296
f 1556/214/265 1555/212/715 1587/213/296 1588/215/297
f 1557/216/266 1556/214/265 1588/215/297 1589/217/298
f 1558/218/267 1557/216/266 1589/217/298 1590/219/299
f 1559/220/268 1558/218/267 1590/219/299 1591/221/300
f 1560/222/269 1559/220/268 1591/221/300 1592/223/301
f 1561/224/270 1560/222/269 1592/223/301 1593/225/302
f 1562/226/271 1561/224/270 1593/225/302 1594/227/303
f 1563/228/272 1562/226/271 1594/227/303 1595/229/304
f 1564/230/273 1563/228/272 1595/229/304 1596/231/305
f 1565/232/274 1564/230/273 1596/231/305 1597/233/306
f 1566/234/275 1565/232/274 1597/233/306 1598/235/307
f 1567/236/276 1566/234/275 1598/235/307 1599/237/308
f 1568/238/277 1567/236/276 1599/237/308 1600/239/309
f 1569/240/278 1568/238/277 1600/239/309 1601/241/310
f 1570/242/279 1569/240/278 1601/241/310 1602/243/311
f 1571/244/280 1570/242/279 1602/243/311 1603/245/312
f 1572/246/281 1571/244/280 1603/245/312 1604/247/313
f 1573/248/282 1572/246/281 1604/247/313 1605/249/314
f 1574/197/283 1573/248/282 1605/249/314 1606/250/315
f 1575/198/284 1574/197/283 1606/250/315 1607/251/316
f 1576/252/285 1575/198/284 1607/251/316 1608/253/317
f 1577/254/286 1576/252/285 1608/253/317 1609/255/318
f 1578/256/287 1577/254/286 1609/255/318 1610/257/319
f 1579/258/288 1578/256/287 1610/257/319 1611/259/320
f 1580/260/289 1579/258/288 1611/259/320 1612/261/321
f 1549/201/258 1580/260/289 1612/261/321 1581/202/290
f 1641/254/59 1642/256/61 1674/256/1 1673/254/1
f 1561/224/270 1562/226/271 1626/226/93 1625/224/716
f 1575/198/284 1576/252/285 1640/252/57 1639/198/55
f 1562/226/271 1563/228/272 1627/228/95 1626/226/93
f 1549/201/258 1550/200/259 1614/200/69 1613/201/67
f 1576/252/285 1577/254/286 1641/254/59 1640/252/57
f 1563/228/272 1564/230/273 1628/230/97 1627/228/95
f 1550/200/259 1551/204/260 1615/204/71 1614/200/69
f 1577/254/286 1578/256/287 1642/256/61 1641/254/59
f 1564/230/273 1565/232/274 1629/232/324 1628/230/97
f 1551/204/260 1552/206/261 1616/206/73 1615/204/71
f 1578/256/287 1579/258/288 1643/258/63 1642/256/61
f 1565/232/274 1566/234/275 1630/234/37 1629/232/324
f 1552/206/261 1553/208/262 1617/208/75 1616/206/73
f 1579/258/288 1580/260/289 1644/260/65 1643/258/63
f 1566/234/275 1567/236/276 1631/236/39 1630/234/37
f 1553/208/262 1554/210/263 1618/210/77 1617/208/75
f 1580/260/289 1549/201/258 1613/201/67 1644/260/65
f 1567/236/276 1568/238/277 1632/238/41 1631/236/39
f 1554/210/263 1555/212/715 1619/212/79 1618/210/77
f 1568/238/277 1569/240/278 1633/240/390 1632/238/41
f 1555/212/715 1556/214/265 1620/214/81 1619/212/79
f 1569/240/278 1570/242/279 1634/242/391 1633/240/390
f 1556/214/265 1557/216/266 1621/216/83 1620/214/81
f 1570/242/279 1571/244/280 1635/244/47 1634/242/391
f 1557/216/266 1558/218/267 1622/218/85 1621/216/83
f 1571/244/280 1572/246/281 1636/246/49 1635/244/47
f 1558/218/267 1559/220/268 1623/220/87 1622/218/85
f 1572/246/281 1573/248/282 1637/248/51 1636/246/49
f 1559/220/268 1560/222/269 1624/222/89 1623/220/87
f 1573/248/282 1574/197/283 1638/197/53 1637/248/51
f 1560/222/269 1561/224/270 1625/224/716 1624/222/89
f 1676/260/1 1645/201/1 1677/201/326 1708/260/357
f 1628/230/97 1629/232/324 1661/232/1 1660/230/1
f 1615/204/71 1616/206/73 1648/206/1 1647/204/1
f 1642/256/61 1643/258/63 1675/258/1 1674/256/1
f 1629/232/324 1630/234/37 1662/234/1 1661/232/1
f 1616/206/73 1617/208/75 1649/208/1 1648/206/1
f 1643/258/63 1644/260/65 1676/260/1 1675/258/1
f 1630/234/37 1631/236/39 1663/236/1 1662/234/1
f 1617/208/75 1618/210/77 1650/210/1 1649/208/1
f 1644/260/65 1613/201/67 1645/201/1 1676/260/1
f 1631/236/39 1632/238/41 1664/238/1 1663/236/1
f 1618/210/77 1619/212/79 1651/212/1 1650/210/1
f 1632/238/41 1633/240/390 1665/240/1 1664/238/1
f 1619/212/79 1620/214/81 1652/214/1 1651/212/1
f 1633/240/390 1634/242/391 1666/242/1 1665/240/1
f 1620/214/81 1621/216/83 1653/216/1 1652/214/1
f 1634/242/391 1635/244/47 1667/244/1 1666/242/1
f 1621/216/83 1622/218/85 1654/218/1 1653/216/1
f 1635/244/47 1636/246/49 1668/246/1 1667/244/1
f 1622/218/85 1623/220/87 1655/220/1 1654/218/1
f 1636/246/49 1637/248/51 1669/248/1 1668/246/1
f 1623/220/87 1624/222/89 1656/222/1 1655/220/1
f 1637/248/51 1638/197/53 1670/197/1 1669/248/1
f 1624/222/89 1625/224/716 1657/224/1 1656/222/1
f 1638/197/53 1639/198/55 1671/198/1 1670/197/1
f 1625/224/716 1626/226/93 1658/226/1 1657/224/1
f 1639/198/55 1640/252/57 1672/252/1 1671/198/1
f 1626/226/93 1627/228/95 1659/228/1 1658/226/1
f 1613/201/67 1614/200/69 1646/200/1 1645/201/1
f 1640/252/57 1641/254/59 1673/254/1 1672/252/1
f 1627/228/95 1628/230/97 1660/230/1 1659/228/1
f 1614/200/69 1615/204/71 1647/204/1 1646/200/1
f 1698/242/347 1699/244/348 1731/244/380 1730/242/379
f 1663/236/1 1664/238/1 1696/238/345 1695/236/344
f 1650/210/1 1651/212/1 1683/212/332 1682/210/331
f 1664/238/1 1665/240/1 1697/240/346 1696/238/345
f 1651/212/1 1652/214/1 1684/214/333 1683/212/332
f 1665/240/1 1666/242/1 1698/242/347 1697/240/346
f 1652/214/1 1653/216/1 1685/216/334 1684/214/333
f 1666/242/1 1667/244/1 1699/244/348 1698/242/347
f 1653/216/1 1654/218/1 1686/218/335 1685/216/334
f 1667/244/1 1668/246/1 1700/246/349 1699/244/348
f 1654/218/1 1655/220/1 1687/220/336 1686/218/335
f 1668/246/1 1669/248/1 1701/248/350 1700/246/349
f 1655/220/1 1656/222/1 1688/222/337 1687/220/336
f 1669/248/1 1670/197/1 1702/197/351 1701/248/350
f 1656/222/1 1657/224/1 1689/224/338 1688/222/337
f 1670/197/1 1671/198/1 1703/198/352 1702/197/351
f 1657/224/1 1658/226/1 1690/226/339 1689/224/338
f 1671/198/1 1672/252/1 1704/252/353 1703/198/352
f 1658/226/1 1659/228/1 1691/228/340 1690/226/339
f 1645/201/1 1646/200/1 1678/200/327 1677/201/326
f 1672/252/1 1673/254/1 1705/254/354 1704/252/353
f 1659/228/1 1660/230/1 1692/230/341 1691/228/340
f 1646/200/1 1647/204/1 1679/204/328 1678/200/327
f 1673/254/1 1674/256/1 1706/256/355 1705/254/354
f 1660/230/1 1661/232/1 1693/232/342 1692/230/341
f 1647/204/1 1648/206/1 1680/206/329 1679/204/328
f 1674/256/1 1675/258/1 1707/258/356 1706/256/355
f 1661/232/1 1662/234/1 1694/234/343 1693/232/342
f 1648/206/1 1649/208/1 1681/208/330 1680/206/329
f 1675/258/1 1676/260/1 1708/260/357 1707/258/356
f 1662/234/1 1663/236/1 1695/236/344 1694/234/343
f 1649/208/1 1650/210/1 1682/210/331 1681/208/330
f 1733/248/382 1734/197/383 1766/197/53 1765/248/51
f 1685/216/334 1686/218/335 1718/218/367 1717/216/366
f 1699/244/348 1700/246/349 1732/246/381 1731/244/380
f 1686/218/335 1687/220/336 1719/220/368 1718/218/367
f 1700/246/349 1701/248/350 1733/248/382 1732/246/381
f 1687/220/336 1688/222/337 1720/222/369 1719/220/368
f 1701/248/350 1702/197/351 1734/197/383 1733/248/382
f 1688/222/337 1689/224/338 1721/224/370 1720/222/369
f 1702/197/351 1703/198/352 1735/198/384 1734/197/383
f 1689/224/338 1690/226/339 1722/226/371 1721/224/370
f 1703/198/352 1704/252/353 1736/252/385 1735/198/384
f 1690/226/339 1691/228/340 1723/228/372 1722/226/371
f 1677/201/326 1678/200/327 1710/200/359 1709/201/358
f 1704/252/353 1705/254/354 1737/254/386 1736/252/385
f 1691/228/340 1692/230/341 1724/230/373 1723/228/372
f 1678/200/327 1679/204/328 1711/204/360 1710/200/359
f 1705/254/354 1706/256/355 1738/256/387 1737/254/386
f 1692/230/341 1693/232/342 1725/232/374 1724/230/373
f 1679/204/328 1680/206/329 1712/206/361 1711/204/360
f 1706/256/355 1707/258/356 1739/258/388 1738/256/387
f 1693/232/342 1694/234/343 1726/234/375 1725/232/374
f 1680/206/329 1681/208/330 1713/208/362 1712/206/361
f 1707/258/356 1708/260/357 1740/260/389 1739/258/388
f 1694/234/343 1695/236/344 1727/236/376 1726/234/375
f 1681/208/330 1682/210/331 1714/210/363 1713/208/362
f 1708/260/357 1677/201/326 1709/201/358 1740/260/389
f 1695/236/344 1696/238/345 1728/238/377 1727/236/376
f 1682/210/331 1683/212/332 1715/212/364 1714/210/363
f 1696/238/345 1697/240/346 1729/240/378 1728/238/377
f 1683/212/332 1684/214/333 1716/214/365 1715/212/364
f 1697/240/346 1698/242/347 1730/242/379 1729/240/378
f 1684/214/333 1685/216/334 1717/216/366 1716/214/365
f 1741/201/67 1742/200/69 1774/200/393 1773/201/392
f 1720/222/369 1721/224/370 1753/224/91 1752/222/322
f 1734/197/383 1735/198/384 1767/198/55 1766/197/53
f 1721/224/370 1722/226/371 1754/226/93 1753/224/91
f 1735/198/384 1736/252/385 1768/252/57 1767/198/55
f 1722/226/371 1723/228/372 1755/228/95 1754/226/93
f 1709/201/358 1710/200/359 1742/200/69 1741/201/67
f 1736/252/385 1737/254/386 1769/254/59 1768/252/57
f 1723/228/372 1724/230/373 1756/230/97 1755/228/95
f 1710/200/359 1711/204/360 1743/204/71 1742/200/69
f 1737/254/386 1738/256/387 1770/256/61 1769/254/59
f 1724/230/373 1725/232/374 1757/232/34 1756/230/97
f 1711/204/360 1712/206/361 1744/206/73 1743/204/71
f 1738/256/387 1739/258/388 1771/258/63 1770/256/61
f 1725/232/374 1726/234/375 1758/234/37 1757/232/34
f 1712/206/361 1713/208/362 1745/208/75 1744/206/73
f 1739/258/388 1740/260/389 1772/260/65 1771/258/63
f 1726/234/375 1727/236/376 1759/236/39 1758/234/37
f 1713/208/362 1714/210/363 1746/210/77 1745/208/75
f 1740/260/389 1709/201/358 1741/201/67 1772/260/65
f 1727/236/376 1728/238/377 1760/238/41 1759/236/39
f 1714/210/363 1715/212/364 1747/212/79 1746/210/77
f 1728/238/377 1729/240/378 1761/240/390 1760/238/41
f 1715/212/364 1716/214/365 1748/214/81 1747/212/79
f 1729/240/378 1730/242/379 1762/242/45 1761/240/390
f 1716/214/365 1717/216/366 1749/216/83 1748/214/81
f 1730/242/379 1731/244/380 1763/244/47 1762/242/45
f 1717/216/366 1718/218/367 1750/218/85 1749/216/83
f 1731/244/380 1732/246/381 1764/246/49 1763/244/47
f 1718/218/367 1719/220/368 1751/220/87 1750/218/85
f 1732/246/381 1733/248/382 1765/248/51 1764/246/49
f 1719/220/368 1720/222/369 1752/222/322 1751/220/87
f 1776/206/395 1777/208/396 1809/208/428 1808/206/427
f 1768/252/57 1769/254/59 1801/254/420 1800/252/419
f 1755/228/95 1756/230/97 1788/230/407 1787/228/406
f 1742/200/69 1743/204/71 1775/204/394 1774/200/393
f 1769/254/59 1770/256/61 1802/256/421 1801/254/420
f 1756/230/97 1757/232/34 1789/232/408 1788/230/407
f 1743/204/71 1744/206/73 1776/206/395 1775/204/394
f 1770/256/61 1771/258/63 1803/258/422 1802/256/421
f 1757/232/34 1758/234/37 1790/234/409 1789/232/408
f 1744/206/73 1745/208/75 1777/208/396 1776/206/395
f 1771/258/63 1772/260/65 1804/260/423 1803/258/422
f 1758/234/37 1759/236/39 1791/236/410 1790/234/409
f 1745/208/75 1746/210/77 1778/210/397 1777/208/396
f 1772/260/65 1741/201/67 1773/201/392 1804/260/423
f 1759/236/39 1760/238/41 1792/238/411 1791/236/410
f 1746/210/77 1747/212/79 1779/212/398 1778/210/397
f 1760/238/41 1761/240/390 1793/240/412 1792/238/411
f 1747/212/79 1748/214/81 1780/214/399 1779/212/398
f 1761/240/390 1762/242/45 1794/242/413 1793/240/412
f 1748/214/81 1749/216/83 1781/216/400 1780/214/399
f 1762/242/45 1763/244/47 1795/244/414 1794/242/413
f 1749/216/83 1750/218/85 1782/218/401 1781/216/400
f 1763/244/47 1764/246/49 1796/246/415 1795/244/414
f 1750/218/85 1751/220/87 1783/220/402 1782/218/401
f 1764/246/49 1765/248/51 1797/248/416 1796/246/415
f 1751/220/87 1752/222/322 1784/222/403 1783/220/402
f 1765/248/51 1766/197/53 1798/197/417 1797/248/416
f 1752/222/322 1753/224/91 1785/224/404 1784/222/403
f 1766/197/53 1767/198/55 1799/198/418 1798/197/417
f 1753/224/91 1754/226/93 1786/226/405 1785/224/404
f 1767/198/55 1768/252/57 1800/252/419 1799/198/418
f 1754/226/93 1755/228/95 1787/228/406 1786/226/405
f 1811/212/430 1812/214/431 1844/214/463 1843/212/719
f 1803/258/422 1804/260/423 1836/260/455 1835/258/454
f 1790/234/409 1791/236/410 1823/236/442 1822/234/441
f 1777/208/396 1778/210/397 1810/210/429 1809/208/428
f 1804/260/423 1773/201/392 1805/201/424 1836/260/455
f 1791/236/410 1792/238/411 1824/238/443 1823/236/442
f 1778/210/397 1779/212/398 1811/212/430 1810/210/429
f 1792/238/411 1793/240/412 1825/240/444 1824/238/443
f 1779/212/398 1780/214/399 1812/214/431 1811/212/430
f 1793/240/412 1794/242/413 1826/242/445 1825/240/444
f 1780/214/399 1781/216/400 1813/216/432 1812/214/431
f 1794/242/413 1795/244/414 1827/244/446 1826/242/445
f 1781/216/400 1782/218/401 1814/218/433 1813/216/432
f 1795/244/414 1796/246/415 1828/246/447 1827/244/446
f 1782/218/401 1783/220/402 1815/220/434 1814/218/433
f 1796/246/415 1797/248/416 1829/248/448 1828/246/447
f 1783/220/402 1784/222/403 1816/222/435 1815/220/434
f 1797/248/416 1798/197/417 1830/197/449 1829/248/448
f 1784/222/403 1785/224/404 1817/224/436 1816/222/435
f 1798/197/417 1799/198/418 1831/198/450 1830/197/449
f 1785/224/404 1786/226/405 1818/226/437 1817/224/436
f 1799/198/418 1800/252/419 1832/252/451 1831/198/450
f 1786/226/405 1787/228/406 1819/228/438 1818/226/437
f 1773/201/392 1774/200/393 1806/200/425 1805/201/424
f 1800/252/419 1801/254/420 1833/254/452 1832/252/451
f 1787/228/406 1788/230/407 1820/230/439 1819/228/438
f 1774/200/393 1775/204/394 1807/204/426 1806/200/425
f 1801/254/420 1802/256/421 1834/256/453 1833/254/452
f 1788/230/407 1789/232/408 1821/232/440 1820/230/439
f 1775/204/394 1776/206/395 1808/206/427 1807/204/426
f 1802/256/421 1803/258/422 1835/258/454 1834/256/453
f 1789/232/408 1790/234/409 1822/234/441 1821/232/440
f 1846/218/465 1847/220/721 1879/220/498 1878/218/497
f 1825/240/444 1826/242/445 1858/242/722 1857/240/476
f 1812/214/431 1813/216/432 1845/216/720 1844/214/463
f 1826/242/445 1827/244/446 1859/244/723 1858/242/722
f 1813/216/432 1814/218/433 1846/218/465 1845/216/720
f 1827/244/446 1828/246/447 1860/246/479 1859/244/723
f 1814/218/433 1815/220/434 1847/220/721 1846/218/465
f 1828/246/447 1829/248/448 1861/248/480 1860/246/479
f 1815/220/434 1816/222/435 1848/222/467 1847/220/721
f 1829/248/448 1830/197/449 1862/197/481 1861/248/480
f 1816/222/435 1817/224/436 1849/224/468 1848/222/467
f 1830/197/449 1831/198/450 1863/198/724 1862/197/481
f 1817/224/436 1818/226/437 1850/226/469 1849/224/468
f 1831/198/450 1832/252/451 1864/252/483 1863/198/724
f 1818/226/437 1819/228/438 1851/228/470 1850/226/469
f 1805/201/424 1806/200/425 1838/200/457 1837/201/456
f 1832/252/451 1833/254/452 1865/254/484 1864/252/483
f 1819/228/438 1820/230/439 1852/230/471 1851/228/470
f 1806/200/425 1807/204/426 1839/204/717 1838/200/457
f 1833/254/452 1834/256/453 1866/256/485 1865/254/484
f 1820/230/439 1821/232/440 1853/232/472 1852/230/471
f 1807/204/426 1808/206/427 1840/206/459 1839/204/717
f 1834/256/453 1835/258/454 1867/258/486 1866/256/485
f 1821/232/440 1822/234/441 1854/234/473 1853/232/472
f 1808/206/427 1809/208/428 1841/208/718 1840/206/459
f 1835/258/454 1836/260/455 1868/260/487 1867/258/486
f 1822/234/441 1823/236/442 1855/236/474 1854/234/473
f 1809/208/428 1810/210/429 1842/210/461 1841/208/718
f 1836/260/455 1805/201/424 1837/201/456 1868/260/487
f 1823/236/442 1824/238/443 1856/238/475 1855/236/474
f 1810/210/429 1811/212/430 1843/212/719 1842/210/461
f 1824/238/443 1825/240/444 1857/240/476 1856/238/475
f 1881/224/500 1882/226/501 1914/226/533 1913/224/532
f 1860/246/479 1861/248/480 1893/248/512 1892/246/511
f 1847/220/721 1848/222/467 1880/222/499 1879/220/498
f 1861/248/480 1862/197/481 1894/197/513 1893/248/512
f 1848/222/467 1849/224/468 1881/224/500 1880/222/499
f 1862/197/481 1863/198/724 1895/198/514 1894/197/513
f 1849/224/468 1850/226/469 1882/226/501 1881/224/500
f 1863/198/724 1864/252/483 1896/252/515 1895/198/514
f 1850/226/469 1851/228/470 1883/228/502 1882/226/501
f 1837/201/456 1838/200/457 1870/200/489 1869/201/488
f 1864/252/483 1865/254/484 1897/254/516 1896/252/515
f 1851/228/470 1852/230/471 1884/230/503 1883/228/502
f 1838/200/457 1839/204/717 1871/204/490 1870/200/489
f 1865/254/484 1866/256/485 1898/256/517 1897/254/516
f 1852/230/471 1853/232/472 1885/232/504 1884/230/503
f 1839/204/717 1840/206/459 1872/206/491 1871/204/490
f 1866/256/485 1867/258/486 1899/258/518 1898/256/517
f 1853/232/472 1854/234/473 1886/234/505 1885/232/504
f 1840/206/459 1841/208/718 1873/208/492 1872/206/491
f 1867/258/486 1868/260/487 1900/260/519 1899/258/518
f 1854/234/473 1855/236/474 1887/236/506 1886/234/505
f 1841/208/718 1842/210/461 1874/210/493 1873/208/492
f 1868/260/487 1837/201/456 1869/201/488 1900/260/519
f 1855/236/474 1856/238/475 1888/238/726 1887/236/506
f 1842/210/461 1843/212/719 1875/212/494 1874/210/493
f 1856/238/475 1857/240/476 1889/240/508 1888/238/726
f 1843/212/719 1844/214/463 1876/214/495 1875/212/494
f 1857/240/476 1858/242/722 1890/242/509 1889/240/508
f 1844/214/463 1845/216/720 1877/216/725 1876/214/495
f 1858/242/722 1859/244/723 1891/244/727 1890/242/509
f 1845/216/720 1846/218/465 1878/218/497 1877/216/725
f 1859/244/723 1860/246/479 1892/246/511 1891/244/727
f 1901/201/520 1902/200/521 1903/204/522 1904/206/523 1905/208/524 1906/210/525 1907/212/526 1908/214/527 1909/216/528 1910/218/529 1911/220/530 1912/222/531 1913/224/532 1914/226/533 1915/228/534 1916/230/535 1917/232/536 1918/234/537 1919/236/538 1920/238/539 1921/240/540 1922/242/541 1923/244/542 1924/246/543 1925/248/544 1926/197/545 1927/198/546 1928/252/547 1929/254/548 1930/256/549 1931/258/550 1932/260/551
f 1895/198/514 1896/252/515 1928/252/547 1927/198/546
f 1882/226/501 1883/228/502 1915/228/534 1914/226/533
f 1869/201/488 1870/200/489 1902/200/521 1901/201/520
f 1896/252/515 1897/254/516 1929/254/548 1928/252/547
f 1883/228/502 1884/230/503 1916/230/535 1915/228/534
f 1870/200/489 1871/204/490 1903/204/522 1902/200/521
f 1897/254/516 1898/256/517 1930/256/549 1929/254/548
f 1884/230/503 1885/232/504 1917/232/536 1916/230/535
f 1871/204/490 1872/206/491 1904/206/523 1903/204/522
f 1898/256/517 1899/258/518 1931/258/550 1930/256/549
f 1885/232/504 1886/234/505 1918/234/537 1917/232/536
f 1872/206/491 1873/208/492 1905/208/524 1904/206/523
f 1899/258/518 1900/260/519 1932/260/551 1931/258/550
f 1886/234/505 1887/236/506 1919/236/538 1918/234/537
f 1873/208/492 1874/210/493 1906/210/525 1905/208/524
f 1900/260/519 1869/201/488 1901/201/520 1932/260/551
f 1887/236/506 1888/238/726 1920/238/539 1919/236/538
f 1874/210/493 1875/212/494 1907/212/526 1906/210/525
f 1888/238/726 1889/240/508 1921/240/540 1920/238/539
f 1875/212/494 1876/214/495 1908/214/527 1907/212/526
f 1889/240/508 1890/242/509 1922/242/541 1921/240/540
f 1876/214/495 1877/216/725 1909/216/528 1908/214/527
f 1890/242/509 1891/244/727 1923/244/542 1922/242/541
f 1877/216/725 1878/218/497 1910/218/529 1909/216/528
f 1891/244/727 1892/246/511 1924/246/543 1923/244/542
f 1878/218/497 1879/220/498 1911/220/530 1910/218/529
f 1892/246/511 1893/248/512 1925/248/544 1924/246/543
f 1879/220/498 1880/222/499 1912/222/531 1911/220/530
f 1893/248/512 1894/197/513 1926/197/545 1925/248/544
f 1880/222/499 1881/224/500 1913/224/532 1912/222/531
f 1894/197/513 1895/198/514 1927/198/546 1926/197/545
f 1934/71/553 1937/74/556 1939/262/558 1936/263/555
f 1936/263/555 1939/262/558 1940/133/559 1935/264/554
f 1935/264/554 1940/133/559 1938/133/557 1933/199/552
f 1937/74/556 1941/172/560 1943/265/562 1939/262/558
f 1939/262/558 1943/265/562 1944/132/563 1940/133/559
f 1940/133/559 1944/132/563 1942/132/561 1938/133/557
f 1941/172/560 1945/173/564 1947/266/566 1943/265/562
f 1943/265/562 1947/266/566 1948/267/567 1944/132/563
f 1944/132/563 1948/267/567 1946/130/565 1942/132/561
f 1945/173/564 1949/183/568 1951/268/570 1947/266/566
f 1947/266/566 1951/268/570 1952/127/571 1948/267/567
f 1948/267/567 1952/127/571 1950/127/569 1946/130/565
f 1949/183/568 1953/190/572 1955/269/574 1951/268/570
f 1951/268/570 1955/269/574 1956/125/575 1952/127/571
f 1952/127/571 1956/125/575 1954/125/573 1950/127/569
f 1953/190/572 1957/67/728 1959/270/578 1955/269/574
f 1955/269/574 1959/270/578 1960/122/579 1956/125/575
f 1956/125/575 1960/122/579 1958/122/577 1954/125/573
f 1957/67/728 1961/70/580 1963/271/582 1959/270/578
f 1959/270/578 1963/271/582 1964/120/583 1960/122/579
f 1960/122/579 1964/120/583 1962/120/581 1958/122/577
f 1961/70/580 1965/180/584 1967/272/729 1963/271/582
f 1963/271/582 1967/272/729 1968/117/587 1964/120/583
f 1964/120/583 1968/117/587 1966/117/585 1962/120/581
f 1965/180/584 1969/187/588 1971/273/590 1967/272/729
f 1967/272/729 1971/273/590 1972/114/591 1968/117/587
f 1968/117/587 1972/114/591 1970/114/589 1966/117/585
f 1969/187/588 1973/193/592 1975/274/594 1971/273/590
f 1971/273/590 1975/274/594 1976/113/595 1972/114/591
f 1972/114/591 1976/113/595 1974/113/593 1970/114/589
f 1973/193/592 1977/174/596 1979/275/598 1975/274/594
f 1975/274/594 1979/275/598 1980/276/599 1976/113/595
f 1976/113/595 1980/276/599 1978/109/597 1974/113/593
f 1977/174/596 1981/175/600 1983/277/602 1979/275/598
f 1979/275/598 1983/277/602 1984/107/603 1980/276/599
f 1980/276/599 1984/107/603 1982/107/601 1978/109/597
f 1981/175/600 1985/184/604 1987/278/606 1983/277/602
f 1983/277/602 1987/278/606 1988/105/607 1984/107/603
f 1984/107/603 1988/105/607 1986/105/605 1982/107/601
f 1985/184/604 1989/191/608 1991/279/610 1987/278/606
f 1987/278/606 1991/279/610 1992/102/611 1988/105/607
f 1988/105/607 1992/102/611 1990/102/609 1986/105/605
f 1989/191/608 1993/168/612 1995/280/614 1991/279/610
f 1991/279/610 1995/280/614 1996/100/615 1992/102/611
f 1992/102/611 1996/100/615 1994/100/613 1990/102/609
f 1993/168/612 1997/169/616 1999/281/618 1995/280/614
f 1995/280/614 1999/281/618 2000/97/619 1996/100/615
f 1996/100/615 2000/97/619 1998/97/617 1994/100/613
f 1997/169/616 2001/181/620 2003/282/622 1999/281/618
f 1999/281/618 2003/282/622 2004/96/623 2000/97/619
f 2000/97/619 2004/96/623 2002/96/621 1998/97/617
f 2001/181/620 2005/188/624 2007/283/626 2003/282/622
f 2003/282/622 2007/283/626 2008/92/627 2004/96/623
f 2004/96/623 2008/92/627 2006/92/625 2002/96/621
f 2005/188/624 2009/194/628 2011/284/630 2007/283/626
f 2007/283/626 2011/284/630 2012/89/631 2008/92/627
f 2008/92/627 2012/89/631 2010/89/629 2006/92/625
f 2009/194/628 2013/176/632 2015/285/634 2011/284/630
f 2011/284/630 2015/285/634 2016/88/635 2012/89/631
f 2012/89/631 2016/88/635 2014/88/633 2010/89/629
f 2013/176/632 2017/177/636 2019/286/638 2015/285/634
f 2015/285/634 2019/286/638 2020/85/639 2016/88/635
f 2016/88/635 2020/85/639 2018/85/637 2014/88/633
f 2017/177/636 2021/185/640 2023/287/642 2019/286/638
f 2019/286/638 2023/287/642 2024/84/643 2020/85/639
f 2020/85/639 2024/84/643 2022/84/641 2018/85/637
f 2021/185/640 2025/192/644 2027/288/646 2023/287/642
f 2023/287/642 2027/288/646 2028/83/647 2024/84/643
f 2024/84/643 2028/83/647 2026/83/645 2022/84/641
f 2025/192/644 2029/170/648 2031/289/650 2027/288/646
f 2027/288/646 2031/289/650 2032/82/651 2028/83/647
f 2028/83/647 2032/82/651 2030/82/649 2026/83/645
f 2029/170/648 2033/171/652 2035/290/654 2031/289/650
f 2031/289/650 2035/290/654 2036/81/655 2032/82/651
f 2032/82/651 2036/81/655 2034/81/653 2030/82/649
f 2033/171/652 2037/182/656 2039/291/658 2035/290/654
f 2035/290/654 2039/291/658 2040/80/659 2036/81/655
f 2036/81/655 2040/80/659 2038/80/657 2034/81/653
f 2037/182/656 2041/189/660 2043/292/662 2039/291/658
f 2039/291/658 2043/292/662 2044/79/663 2040/80/659
f 2040/80/659 2044/79/663 2042/79/730 2038/80/657
f 2041/189/660 2045/195/664 2047/293/666 2043/292/662
f 2043/292/662 2047/293/666 2048/294/667 2044/79/663
f 2044/79/663 2048/294/667 2046/78/665 2042/79/730
f 2045/195/664 2049/178/668 2051/295/670 2047/293/666
f 2047/293/666 2051/295/670 2052/77/671 2048/294/667
f 2048/294/667 2052/77/671 2050/77/669 2046/78/665
f 2049/178/668 2053/179/672 2055/296/674 2051/295/670
f 2051/295/670 2055/296/674 2056/75/675 2052/77/671
f 2052/77/671 2056/75/675 2054/75/673 2050/77/669
f 2053/179/672 2057/186/676 2059/297/678 2055/296/674
f 2055/296/674 2059/297/678 2060/76/679 2056/75/675
f 2056/75/675 2060/76/679 2058/76/677 2054/75/673
f 2057/186/676 1934/196/553 1936/298/555 2059/297/678
f 2059/297/678 1936/298/555 1935/299/554 2060/76/679
f 2060/76/679 1935/299/554 1933/135/552 2058/76/677
f 1933/199/552 1938/133/557 1518/133/227 1517/199/226
f 2117/50/1 2121/52/1 2172/52/1 2169/50/1
f 2071/24/1 2075/26/1 1303/26/1 1310/24/1
f 2144/126/1 2140/118/1 2189/118/1 2192/126/1
f 2098/128/1 2095/119/1 2150/119/1 2153/128/1
f 1232/129/1 1239/121/1 1366/121/1 1373/129/1
f 2141/64/1 1269/66/1 1338/66/1 2190/64/1
f 2096/38/1 2099/40/1 2154/40/1 2151/38/1
f 1237/12/1 1230/14/1 1376/14/1 1369/12/1
f 2123/131/1 2120/123/1 2171/123/1 2174/131/1
f 2078/87/1 2074/124/1 1306/124/1 1299/87/1
f 2121/52/1 2124/54/1 2175/54/1 2172/52/1
f 2075/26/1 2079/28/1 1296/28/1 1303/26/1
f 1275/134/1 2144/126/1 2192/126/1 1334/134/1
f 2102/91/1 2098/128/1 2153/128/1 2156/91/1
f 1225/68/1 1232/129/1 1373/129/1 1380/68/1
f 2099/40/1 2103/42/1 2157/42/1 2154/40/1
f 1230/14/1 1223/16/1 1383/16/1 1376/14/1
f 2126/94/1 2123/131/1 2174/131/1 2177/94/1
f 2081/86/1 2078/87/1 1299/87/1 1292/86/1
f 2124/54/1 2127/56/1 2178/56/1 2175/54/1
f 2079/28/1 2082/30/1 1289/30/1 1296/28/1
f 1269/1/1 1267/4/1 1341/4/1 1338/1/1
f 2106/90/1 2102/91/1 2156/91/1 2159/90/1
f 1217/69/1 1225/68/1 1380/68/1 1387/69/1
f 2103/42/1 2107/44/1 2160/44/1 2157/42/1
f 1223/16/1 2061/18/1 1331/18/1 1383/16/1
f 2130/93/1 2126/94/1 2177/94/1 2180/93/1
f 2084/95/1 2081/86/1 1292/86/1 1285/95/1
f 1262/73/1 1275/72/1 1334/72/1 1345/73/1
f 2127/56/1 2131/58/1 2181/58/1 2178/56/1
f 2082/30/1 2085/32/1 1282/32/1 1289/30/1
f 1267/4/1 1260/6/1 1348/6/1 1341/4/1
f 2109/98/1 2106/90/1 2159/90/1 2162/98/1
f 2064/99/1 1217/69/1 1387/69/1 1327/99/1
f 2107/44/1 2110/46/1 2163/46/1 2160/44/1
f 2061/18/1 2065/20/1 1324/20/1 1331/18/1
f 2134/101/1 2130/93/1 2180/93/1 2183/101/1
f 2088/103/1 2084/95/1 1285/95/1 1278/103/1
f 1255/104/1 1262/73/1 1345/73/1 1352/104/1
f 2131/58/1 2135/60/1 2184/60/1 2181/58/1
f 2085/32/1 2089/34/1 2145/34/1 1282/32/1
f 1260/6/1 1253/8/1 1355/8/1 1348/6/1
f 2112/106/1 2109/98/1 2162/98/1 2165/106/1
f 2067/108/1 2064/99/1 1327/99/1 1320/108/1
f 2110/46/1 2113/48/1 2166/48/1 2163/46/1
f 2065/20/1 2068/22/1 1317/22/1 1324/20/1
f 2137/110/1 2134/101/1 2183/101/1 2186/110/1
f 2092/111/1 2088/103/1 1278/103/1 2147/111/1
f 1247/112/1 1255/104/1 1352/104/1 1359/112/1
f 2135/60/1 2138/62/1 2187/62/1 2184/60/1
f 2089/34/1 2093/36/1 2148/36/1 2145/34/1
f 1253/8/1 1245/10/1 1362/10/1 1355/8/1
f 2116/115/1 2112/106/1 2165/106/1 2168/115/1
f 2070/116/1 2067/108/1 1320/108/1 1313/116/1
f 2113/48/1 2117/50/1 2169/50/1 2166/48/1
f 2068/22/1 2071/24/1 1310/24/1 1317/22/1
f 2140/118/1 2137/110/1 2186/110/1 2189/118/1
f 2095/119/1 2092/111/1 2147/111/1 2150/119/1
f 1239/121/1 1247/112/1 1359/112/1 1366/121/1
f 2138/62/1 2141/64/1 2190/64/1 2187/62/1
f 2093/36/1 2096/38/1 2151/38/1 2148/36/1
f 1245/10/1 1237/12/1 1369/12/1 1362/10/1
f 2120/123/1 2116/115/1 2168/115/1 2171/123/1
f 2074/124/1 2070/116/1 1313/116/1 1306/124/1
f 2189/118/1 2186/110/1 2234/110/1 2237/118/1
f 2150/119/1 2147/111/1 2195/111/1 2198/119/1
f 1366/121/1 1359/112/1 2062/112/1 1264/121/1
f 2187/62/1 2190/64/1 2238/64/1 2235/62/1
f 2148/36/1 2151/38/1 2199/38/1 2196/36/1
f 1362/10/1 1369/12/1 1258/12/1 1273/10/1
f 2171/123/1 2168/115/1 2216/115/1 2219/123/1
f 1306/124/1 1313/116/1 2108/116/1 2115/124/1
f 2169/50/1 2172/52/1 2220/52/1 2217/50/1
f 1310/24/1 1303/26/1 2118/26/1 2111/24/1
f 2192/126/1 2189/118/1 2237/118/1 2240/126/1
f 2153/128/1 2150/119/1 2198/119/1 2201/128/1
f 1373/129/1 1366/121/1 1264/121/1 1249/129/1
f 2190/64/1 1338/66/1 2083/66/1 2238/64/1
f 2151/38/1 2154/40/1 2202/40/1 2199/38/1
f 1369/12/1 1376/14/1 1243/14/1 1258/12/1
f 2174/131/1 2171/123/1 2219/123/1 2222/131/1
f 1299/87/1 1306/124/1 2115/124/1 2122/87/1
f 2172/52/1 2175/54/1 2223/54/1 2220/52/1
f 1303/26/1 1296/28/1 2125/28/1 2118/26/1
f 1334/134/1 2192/126/1 2240/126/1 2087/134/1
f 2156/91/1 2153/128/1 2201/128/1 2204/91/1
f 1380/68/1 1373/129/1 1249/129/1 1234/68/1
f 2154/40/1 2157/42/1 2205/42/1 2202/40/1
f 1376/14/1 1383/16/1 1228/16/1 1243/14/1
f 2177/94/1 2174/131/1 2222/131/1 2225/94/1
f 1292/86/1 1299/87/1 2122/87/1 2129/86/1
f 2175/54/1 2178/56/1 2226/56/1 2223/54/1
f 1296/28/1 1289/30/1 2132/30/1 2125/28/1
f 1338/1/1 1341/4/1 2080/4/1 2083/1/1
f 2159/90/1 2156/91/1 2204/91/1 2207/90/1
f 1387/69/1 1380/68/1 1234/68/1 1219/69/1
f 2157/42/1 2160/44/1 2208/44/1 2205/42/1
f 1383/16/1 1331/18/1 2090/18/1 1228/16/1
f 2180/93/1 2177/94/1 2225/94/1 2228/93/1
f 1285/95/1 1292/86/1 2129/86/1 2136/95/1
f 1345/73/1 1334/72/1 2087/72/1 2076/73/1
f 2178/56/1 2181/58/1 2229/58/1 2226/56/1
f 1289/30/1 1282/32/1 2139/32/1 2132/30/1
f 1341/4/1 1348/6/1 2073/6/1 2080/4/1
f 2162/98/1 2159/90/1 2207/90/1 2210/98/1
f 1327/99/1 1387/69/1 1219/69/1 2094/99/1
f 2160/44/1 2163/46/1 2211/46/1 2208/44/1
f 1331/18/1 1324/20/1 2097/20/1 2090/18/1
f 2183/101/1 2180/93/1 2228/93/1 2231/101/1
f 1278/103/1 1285/95/1 2136/95/1 2143/103/1
f 1352/104/1 1345/73/1 2076/73/1 2069/104/1
f 2181/58/1 2184/60/1 2232/60/1 2229/58/1
f 1282/32/1 2145/34/1 2193/34/1 2139/32/1
f 1348/6/1 1355/8/1 2066/8/1 2073/6/1
f 2165/106/1 2162/98/1 2210/98/1 2213/106/1
f 1320/108/1 1327/99/1 2094/99/1 2101/108/1
f 2163/46/1 2166/48/1 2214/48/1 2211/46/1
f 1324/20/1 1317/22/1 2104/22/1 2097/20/1
f 2186/110/1 2183/101/1 2231/101/1 2234/110/1
f 2147/111/1 1278/103/1 2143/103/1 2195/111/1
f 1359/112/1 1352/104/1 2069/104/1 2062/112/1
f 2184/60/1 2187/62/1 2235/62/1 2232/60/1
f 2145/34/1 2148/36/1 2196/36/1 2193/34/1
f 1355/8/1 1362/10/1 1273/10/1 2066/8/1
f 2168/115/1 2165/106/1 2213/106/1 2216/115/1
f 1313/116/1 1320/108/1 2101/108/1 2108/116/1
f 2166/48/1 2169/50/1 2217/50/1 2214/48/1
f 1317/22/1 1310/24/1 2111/24/1 2104/22/1
f 2062/112/1 2069/104/1 2161/104/1 2167/112/1
f 2232/60/1 2235/62/1 2269/62/1 2267/60/1
f 2193/34/1 2196/36/1 2243/36/1 2241/34/1
f 2066/8/1 1273/10/1 2170/10/1 2164/8/1
f 2216/115/1 2213/106/1 2254/106/1 2256/115/1
f 2108/116/1 2101/108/1 1363/108/1 1349/116/1
f 2214/48/1 2217/50/1 2257/50/1 2255/48/1
f 2104/22/1 2111/24/1 1344/24/1 1358/22/1
f 2237/118/1 2234/110/1 2268/110/1 2270/118/1
f 2198/119/1 2195/111/1 2242/111/1 2244/119/1
f 1264/121/1 2062/112/1 2167/112/1 2173/121/1
f 2235/62/1 2238/64/1 2271/64/1 2269/62/1
f 2196/36/1 2199/38/1 2245/38/1 2243/36/1
f 1273/10/1 1258/12/1 2176/12/1 2170/10/1
f 2219/123/1 2216/115/1 2256/115/1 2258/123/1
f 2115/124/1 2108/116/1 1349/116/1 1335/124/1
f 2217/50/1 2220/52/1 2259/52/1 2257/50/1
f 2111/24/1 2118/26/1 1330/26/1 1344/24/1
f 2240/126/1 2237/118/1 2270/118/1 2272/126/1
f 2201/128/1 2198/119/1 2244/119/1 2246/128/1
f 1249/129/1 1264/121/1 2173/121/1 2179/129/1
f 2238/64/1 2083/66/1 2149/66/1 2271/64/1
f 2199/38/1 2202/40/1 2247/40/1 2245/38/1
f 1258/12/1 1243/14/1 2182/14/1 2176/12/1
f 2222/131/1 2219/123/1 2258/123/1 2260/131/1
f 2122/87/1 2115/124/1 1335/124/1 1321/87/1
f 2220/52/1 2223/54/1 2261/54/1 2259/52/1
f 2118/26/1 2125/28/1 1316/28/1 1330/26/1
f 2087/134/1 2240/126/1 2272/126/1 2146/134/1
f 2204/91/1 2201/128/1 2246/128/1 2248/91/1
f 1234/68/1 1249/129/1 2179/129/1 2185/68/1
f 2202/40/1 2205/42/1 2249/42/1 2247/40/1
f 1243/14/1 1228/16/1 2188/16/1 2182/14/1
f 2225/94/1 2222/131/1 2260/131/1 2262/94/1
f 2129/86/1 2122/87/1 1321/87/1 1307/86/1
f 2223/54/1 2226/56/1 2263/56/1 2261/54/1
f 2125/28/1 2132/30/1 1302/30/1 1316/28/1
f 2083/1/1 2080/4/1 2152/4/1 2149/1/1
f 2207/90/1 2204/91/1 2248/91/1 2250/90/1
f 1219/69/1 1234/68/1 2185/68/1 2191/69/1
f 2205/42/1 2208/44/1 2251/44/1 2249/42/1
f 1228/16/1 2090/18/1 1386/18/1 2188/16/1
f 2228/93/1 2225/94/1 2262/94/1 2264/93/1
f 2136/95/1 2129/86/1 1307/86/1 1293/95/1
f 2076/73/1 2087/72/1 2146/72/1 2155/73/1
f 2226/56/1 2229/58/1 2265/58/1 2263/56/1
f 2132/30/1 2139/32/1 1288/32/1 1302/30/1
f 2080/4/1 2073/6/1 2158/6/1 2152/4/1
f 2210/98/1 2207/90/1 2250/90/1 2252/98/1
f 2094/99/1 1219/69/1 2191/69/1 1377/99/1
f 2208/44/1 2211/46/1 2253/46/1 2251/44/1
f 2090/18/1 2097/20/1 1372/20/1 1386/18/1
f 2231/101/1 2228/93/1 2264/93/1 2266/101/1
f 2143/103/1 2136/95/1 1293/95/1 1279/103/1
f 2069/104/1 2076/73/1 2155/73/1 2161/104/1
f 2229/58/1 2232/60/1 2267/60/1 2265/58/1
f 2139/32/1 2193/34/1 2241/34/1 1288/32/1
f 2073/6/1 2066/8/1 2164/8/1 2158/6/1
f 2213/106/1 2210/98/1 2252/98/1 2254/106/1
f 2101/108/1 2094/99/1 1377/99/1 1363/108/1
f 2211/46/1 2214/48/1 2255/48/1 2253/46/1
f 2097/20/1 2104/22/1 1358/22/1 1372/20/1
f 2234/110/1 2231/101/1 2266/101/1 2268/110/1
f 2195/111/1 2143/103/1 1279/103/1 2242/111/1
f 2158/6/1 2164/8/1 2100/8/1 2114/6/1
f 2254/106/1 2252/98/1 2284/98/1 2286/106/1
f 1363/108/1 1377/99/1 2197/99/1 2203/108/1
f 2253/46/1 2255/48/1 2287/48/1 2285/46/1
f 1372/20/1 1358/22/1 2206/22/1 2200/20/1
f 2268/110/1 2266/101/1 2298/101/1 2300/110/1
f 2242/111/1 1279/103/1 2239/103/1 2274/111/1
f 2167/112/1 2161/104/1 2105/104/1 2091/112/1
f 2267/60/1 2269/62/1 2301/62/1 2299/60/1
f 2241/34/1 2243/36/1 2275/36/1 2273/34/1
f 2164/8/1 2170/10/1 2086/10/1 2100/8/1
f 2256/115/1 2254/106/1 2286/106/1 2288/115/1
f 1349/116/1 1363/108/1 2203/108/1 2209/116/1
f 2255/48/1 2257/50/1 2289/50/1 2287/48/1
f 1358/22/1 1344/24/1 2212/24/1 2206/22/1
f 2270/118/1 2268/110/1 2300/110/1 2302/118/1
f 2244/119/1 2242/111/1 2274/111/1 2276/119/1
f 2173/121/1 2167/112/1 2091/112/1 2077/121/1
f 2269/62/1 2271/64/1 2303/64/1 2301/62/1
f 2243/36/1 2245/38/1 2277/38/1 2275/36/1
f 2170/10/1 2176/12/1 2072/12/1 2086/10/1
f 2258/123/1 2256/115/1 2288/115/1 2290/123/1
f 1335/124/1 1349/116/1 2209/116/1 2215/124/1
f 2257/50/1 2259/52/1 2291/52/1 2289/50/1
f 1344/24/1 1330/26/1 2218/26/1 2212/24/1
f 2272/126/1 2270/118/1 2302/118/1 2304/126/1
f 2246/128/1 2244/119/1 2276/119/1 2278/128/1
f 2179/129/1 2173/121/1 2077/121/1 2063/129/1
f 2271/64/1 2149/66/1 2133/66/1 2303/64/1
f 2245/38/1 2247/40/1 2279/40/1 2277/38/1
f 2176/12/1 2182/14/1 1271/14/1 2072/12/1
f 2260/131/1 2258/123/1 2290/123/1 2292/131/1
f 1321/87/1 1335/124/1 2215/124/1 2221/87/1
f 2259/52/1 2261/54/1 2293/54/1 2291/52/1
f 1330/26/1 1316/28/1 2224/28/1 2218/26/1
f 2146/134/1 2272/126/1 2304/126/1 2142/134/1
f 2248/91/1 2246/128/1 2278/128/1 2280/91/1
f 2185/68/1 2179/129/1 2063/129/1 1251/68/1
f 2247/40/1 2249/42/1 2281/42/1 2279/40/1
f 2182/14/1 2188/16/1 1241/16/1 1271/14/1
f 2262/94/1 2260/131/1 2292/131/1 2294/94/1
f 1307/86/1 1321/87/1 2221/87/1 2227/86/1
f 2261/54/1 2263/56/1 2295/56/1 2293/54/1
f 1316/28/1 1302/30/1 2230/30/1 2224/28/1
f 2149/1/1 2152/4/1 2128/4/1 2133/1/1
f 2250/90/1 2248/91/1 2280/91/1 2282/90/1
f 2191/69/1 2185/68/1 1251/68/1 1221/69/1
f 2249/42/1 2251/44/1 2283/44/1 2281/42/1
f 2188/16/1 1386/18/1 2194/18/1 1241/16/1
f 2264/93/1 2262/94/1 2294/94/1 2296/93/1
f 1293/95/1 1307/86/1 2227/86/1 2233/95/1
f 2155/73/1 2146/72/1 2142/72/1 2119/73/1
f 2263/56/1 2265/58/1 2297/58/1 2295/56/1
f 1302/30/1 1288/32/1 2236/32/1 2230/30/1
f 2152/4/1 2158/6/1 2114/6/1 2128/4/1
f 2252/98/1 2250/90/1 2282/90/1 2284/98/1
f 1377/99/1 2191/69/1 1221/69/1 2197/99/1
f 2251/44/1 2253/46/1 2285/46/1 2283/44/1
f 1386/18/1 1372/20/1 2200/20/1 2194/18/1
f 2266/101/1 2264/93/1 2296/93/1 2298/101/1
f 1279/103/1 1293/95/1 2233/95/1 2239/103/1
f 2161/104/1 2155/73/1 2119/73/1 2105/104/1
f 2265/58/1 2267/60/1 2299/60/1 2297/58/1
f 1288/32/1 2241/34/1 2273/34/1 2236/32/1
f 2286/106/1 2284/98/1 2392/98/77 2396/106/79
f 2203/108/1 2197/99/1 2340/99/51 2344/108/53
f 2285/46/1 2287/48/1 2397/48/81 2393/46/79
f 2200/20/1 2206/22/1 2345/22/55 2341/20/53
f 2300/110/1 2298/101/1 2420/101/323 2424/110/93
f 2274/111/1 2239/103/1 2368/103/65 2372/111/67
f 2091/112/1 2105/104/1 2325/104/39 2321/300/41
f 2299/60/1 2301/62/1 2425/62/95 2421/60/93
f 2273/34/1 2275/36/1 2373/36/69 2369/34/67
f 2100/8/1 2086/10/1 2320/10/43 2324/8/41
f 2288/115/1 2286/106/1 2396/106/79 2400/115/81
f 2209/116/1 2203/108/1 2344/108/53 2348/116/55
f 2287/48/1 2289/50/1 2401/50/83 2397/48/81
f 2206/22/1 2212/24/1 2349/24/57 2345/22/55
f 2302/118/1 2300/110/1 2424/110/93 2428/118/95
f 2276/119/1 2274/111/1 2372/111/67 2376/119/69
f 2077/121/1 2091/112/1 2321/300/41 2317/121/390
f 2301/62/1 2303/64/1 2429/64/97 2425/62/95
f 2275/36/1 2277/38/1 2377/38/71 2373/36/69
f 2086/10/1 2072/12/1 2316/12/391 2320/10/43
f 2290/123/1 2288/115/1 2400/115/81 2404/123/83
f 2215/124/1 2209/116/1 2348/116/55 2352/124/57
f 2289/50/1 2291/52/1 2405/52/85 2401/50/83
f 2212/24/1 2218/26/1 2353/26/59 2349/24/57
f 2304/126/1 2302/118/1 2428/118/95 2432/126/97
f 2278/128/1 2276/119/1 2376/119/69 2380/128/71
f 2063/129/1 2077/121/1 2317/121/390 2313/129/391
f 2303/64/1 2133/66/1 2333/66/34 2429/64/97
f 2277/38/1 2279/40/1 2381/40/73 2377/38/71
f 2072/12/1 1271/14/1 2312/14/47 2316/12/391
f 2292/131/1 2290/123/1 2404/123/83 2408/131/85
f 2221/87/1 2215/124/1 2352/124/57 2356/87/59
f 2291/52/1 2293/54/1 2409/54/87 2405/52/85
f 2218/26/1 2224/28/1 2357/28/61 2353/26/59
f 2142/134/1 2304/126/1 2432/126/97 2336/134/34
f 2280/91/1 2278/128/1 2380/128/71 2384/91/73
f 1251/68/1 2063/129/1 2313/129/391 2309/68/47
f 2279/40/1 2281/42/1 2385/42/75 2381/40/73
f 1271/14/1 1241/16/1 2308/16/49 2312/14/47
f 2294/94/1 2292/131/1 2408/131/85 2412/94/87
f 2227/86/1 2221/87/1 2356/87/59 2360/86/61
f 2293/54/1 2295/56/1 2413/56/322 2409/54/87
f 2224/28/1 2230/30/1 2361/30/63 2357/28/61
f 2133/1/1 2128/4/1 2332/4/37 2333/1/34
f 2282/90/1 2280/91/1 2384/91/73 2388/90/75
f 1221/69/1 1251/68/1 2309/68/47 2305/69/49
f 2281/42/1 2283/44/1 2389/44/77 2385/42/75
f 1241/16/1 2194/18/1 2337/18/51 2308/16/49
f 2296/93/1 2294/94/1 2412/94/87 2416/93/322
f 2233/95/1 2227/86/1 2360/86/61 2364/95/63
f 2119/73/1 2142/72/1 2336/72/34 2329/73/37
f 2295/56/1 2297/58/1 2417/58/323 2413/56/322
f 2230/30/1 2236/32/1 2365/32/65 2361/30/63
f 2128/4/1 2114/6/1 2328/6/39 2332/4/37
f 2284/98/1 2282/90/1 2388/90/75 2392/98/77
f 2197/99/1 1221/69/1 2305/69/49 2340/99/51
f 2283/44/1 2285/46/1 2393/46/79 2389/44/77
f 2194/18/1 2200/20/1 2341/20/53 2337/18/51
f 2298/101/1 2296/93/1 2416/93/322 2420/101/323
f 2239/103/1 2233/95/1 2364/95/63 2368/103/65
f 2105/104/1 2119/73/1 2329/73/37 2325/104/39
f 2297/58/1 2299/60/1 2421/60/93 2417/58/323
f 2236/32/1 2273/34/1 2369/34/67 2365/32/65
f 2114/6/1 2100/8/1 2324/8/41 2328/6/39
f 2432/126/97 2431/301/711 2335/302/687 2336/134/34
f 2431/301/711 2430/303/711 2334/304/687 2335/302/687
f 2430/303/711 2429/64/97 2333/66/34 2334/304/687
f 2428/118/95 2427/305/710 2431/301/711 2432/126/97
f 2427/305/710 2426/306/710 2430/303/711 2431/301/711
f 2426/306/710 2425/62/95 2429/64/97 2430/303/711
f 2424/110/93 2423/307/709 2427/305/710 2428/118/95
f 2423/307/709 2422/308/709 2426/306/710 2427/305/710
f 2422/308/709 2421/60/93 2425/62/95 2426/306/710
f 2420/101/323 2419/309/708 2423/307/709 2424/110/93
f 2419/309/708 2418/310/708 2422/308/709 2423/307/709
f 2418/310/708 2417/58/323 2421/60/93 2422/308/709
f 2416/93/322 2415/311/707 2419/309/708 2420/101/323
f 2415/311/707 2414/312/707 2418/310/708 2419/309/708
f 2414/312/707 2413/56/322 2417/58/323 2418/310/708
f 2412/94/87 2411/313/706 2415/311/707 2416/93/322
f 2411/313/706 2410/314/706 2414/312/707 2415/311/707
f 2410/314/706 2409/54/87 2413/56/322 2414/312/707
f 2408/131/85 2407/315/705 2411/313/706 2412/94/87
f 2407/315/705 2406/316/705 2410/314/706 2411/313/706
f 2406/316/705 2405/52/85 2409/54/87 2410/314/706
f 2404/123/83 2403/317/704 2407/315/705 2408/131/85
f 2403/317/704 2402/318/704 2406/316/705 2407/315/705
f 2402/318/704 2401/50/83 2405/52/85 2406/316/705
f 2400/115/81 2399/319/703 2403/317/704 2404/123/83
f 2399/319/703 2398/320/703 2402/318/704 2403/317/704
f 2398/320/703 2397/48/81 2401/50/83 2402/318/704
f 2396/106/79 2395/321/702 2399/319/703 2400/115/81
f 2395/321/702 2394/322/702 2398/320/703 2399/319/703
f 2394/322/702 2393/46/79 2397/48/81 2398/320/703
f 2392/98/77 2391/323/701 2395/321/702 2396/106/79
f 2391/323/701 2390/324/701 2394/322/702 2395/321/702
f 2390/324/701 2389/44/77 2393/46/79 2394/322/702
f 2388/90/75 2387/325/700 2391/323/701 2392/98/77
f 2387/325/700 2386/326/700 2390/324/701 2391/323/701
f 2386/326/700 2385/42/75 2389/44/77 2390/324/701
f 2384/91/73 2383/327/699 2387/325/700 2388/90/75
f 2383/327/699 2382/328/699 2386/326/700 2387/325/700
f 2382/328/699 2381/40/73 2385/42/75 2386/326/700
f 2380/128/71 2379/329/698 2383/327/699 2384/91/73
f 2379/329/698 2378/330/698 2382/328/699 2383/327/699
f 2378/330/698 2377/38/71 2381/40/73 2382/328/699
f 2376/119/69 2375/331/697 2379/329/698 2380/128/71
f 2375/331/697 2374/332/697 2378/330/698 2379/329/698
f 2374/332/697 2373/36/69 2377/38/71 2378/330/698
f 2372/111/67 2371/333/696 2375/331/697 2376/119/69
f 2371/333/696 2370/334/696 2374/332/697 2375/331/697
f 2370/334/696 2369/34/67 2373/36/69 2374/332/697
f 2368/103/65 2367/335/695 2371/333/696 2372/111/67
f 2367/335/695 2366/336/695 2370/334/696 2371/333/696
f 2366/336/695 2365/32/65 2369/34/67 2370/334/696
f 2364/95/63 2363/337/694 2367/335/695 2368/103/65
f 2363/337/694 2362/338/694 2366/336/695 2367/335/695
f 2362/338/694 2361/30/63 2365/32/65 2366/336/695
f 2360/86/61 2359/339/693 2363/337/694 2364/95/63
f 2359/339/693 2358/340/693 2362/338/694 2363/337/694
f 2358/340/693 2357/28/61 2361/30/63 2362/338/694
f 2356/87/59 2355/341/692 2359/339/693 2360/86/61
f 2355/341/692 2354/342/692 2358/340/693 2359/339/693
f 2354/342/692 2353/26/59 2357/28/61 2358/340/693
f 2352/124/57 2351/343/691 2355/341/692 2356/87/59
f 2351/343/691 2350/344/691 2354/342/692 2355/341/692
f 2350/344/691 2349/24/57 2353/26/59 2354/342/692
f 2348/116/55 2347/345/690 2351/343/691 2352/124/57
f 2347/345/690 2346/346/690 2350/344/691 2351/343/691
f 2346/346/690 2345/22/55 2349/24/57 2350/344/691
f 2344/108/53 2343/347/689 2347/345/690 2348/116/55
f 2343/347/689 2342/348/689 2346/346/690 2347/345/690
f 2342/348/689 2341/20/53 2345/22/55 2346/346/690
f 2340/99/51 2339/349/688 2343/347/689 2344/108/53
f 2339/349/688 2338/350/688 2342/348/689 2343/347/689
f 2338/350/688 2337/18/51 2341/20/53 2342/348/689
f 2305/69/49 2306/351/680 2339/349/688 2340/99/51
f 2306/351/680 2307/352/680 2338/350/688 2339/349/688
f 2307/352/680 2308/16/49 2337/18/51 2338/350/688
f 2309/68/47 2310/353/681 2306/351/680 2305/69/49
f 2310/353/681 2311/354/681 2307/352/680 2306/351/680
f 2311/354/681 2312/14/47 2308/16/49 2307/352/680
f 2313/129/391 2314/355/682 2310/353/681 2309/68/47
f 2314/355/682 2315/356/682 2311/354/681 2310/353/681
f 2315/356/682 2316/12/391 2312/14/47 2311/354/681
f 2317/121/390 2318/357/683 2314/355/682 2313/129/391
f 2318/357/683 2319/358/683 2315/356/682 2314/355/682
f 2319/358/683 2320/10/43 2316/12/391 2315/356/682
f 2321/300/41 2322/359/684 2318/357/683 2317/121/390
f 2322/359/684 2323/360/684 2319/358/683 2318/357/683
f 2323/360/684 2324/8/41 2320/10/43 2319/358/683
f 2325/104/39 2326/361/685 2322/359/684 2321/300/41
f 2326/361/685 2327/362/685 2323/360/684 2322/359/684
f 2327/362/685 2328/6/39 2324/8/41 2323/360/684
f 2329/73/37 2330/363/686 2326/361/685 2325/104/39
f 2330/363/686 2331/364/686 2327/362/685 2326/361/685
f 2331/364/686 2332/4/37 2328/6/39 2327/362/685
f 2336/72/34 2335/365/687 2330/363/686 2329/73/37
f 2335/365/687 2334/366/687 2331/364/686 2330/363/686
f 2334/366/687 2333/1/34 2332/4/37 2331/364/686
f 3000/1/35 3001/4/96 2940/3/33 2938/2/2
f 3001/4/96 3004/6/94 2942/5/32 2940/3/33
f 3004/6/94 3007/8/92 2944/7/31 2942/5/32
f 3007/8/92 3011/10/90 2946/9/30 2944/7/31
f 3011/10/90 3015/12/88 2947/11/29 2946/9/30
f 3015/12/88 3018/14/86 2949/13/28 2947/11/29
f 3018/14/86 3021/16/84 2951/15/27 2949/13/28
f 3021/16/84 3025/18/82 2953/17/26 2951/15/27
f 3025/18/82 3029/20/80 2955/19/25 2953/17/26
f 3029/20/80 3032/22/78 2956/21/24 2955/19/25
f 3032/22/78 3035/24/76 2958/23/23 2956/21/24
f 3035/24/76 3039/26/74 2960/25/22 2958/23/23
f 3039/26/74 3043/28/72 2962/27/21 2960/25/22
f 3043/28/72 3046/30/70 2964/29/20 2962/27/21
f 3046/30/70 3049/32/68 2966/31/19 2964/29/20
f 3049/32/68 3053/34/66 2968/33/18 2966/31/19
f 3053/34/66 3057/36/64 2970/35/17 2968/33/18
f 3057/36/64 3060/38/62 2972/37/16 2970/35/17
f 3060/38/62 3063/40/60 2974/39/15 2972/37/16
f 3063/40/60 3067/42/58 2976/41/14 2974/39/15
f 3067/42/58 3071/44/56 2977/43/13 2976/41/14
f 3071/44/56 3074/46/54 2979/45/12 2977/43/13
f 3074/46/54 3077/48/52 2981/47/11 2979/45/12
f 3077/48/52 3081/50/50 2983/49/10 2981/47/11
f 3081/50/50 3085/52/48 2985/51/9 2983/49/10
f 3085/52/48 3088/54/46 2986/53/8 2985/51/9
f 3088/54/46 3091/56/44 2988/55/7 2986/53/8
f 3091/56/44 3095/58/42 2990/57/6 2988/55/7
f 3095/58/42 3099/60/40 2992/59/5 2990/57/6
f 3099/60/40 3102/62/38 2994/61/4 2992/59/5
f 2946/9/30 3113/9/126 3112/7/127 2944/7/31
f 3102/62/38 3105/64/36 2996/63/3 2994/61/4
f 3105/64/36 3000/66/35 2938/65/2 2996/63/3
f 3677/67/988 3681/70/652 3024/69/85 3020/68/87
f 3654/71/553 3657/74/676 3003/73/97 2997/72/34
f 3774/75/561 3267/75/228 3268/76/227 3778/76/557
f 3770/77/565 3266/77/229 3267/75/228 3774/75/561
f 3766/78/569 3265/78/230 3266/77/229 3770/77/565
f 3762/79/990 3264/79/231 3265/78/230 3766/78/569
f 3758/80/577 3263/80/232 3264/79/231 3762/79/990
f 3754/81/581 3262/81/233 3263/80/232 3758/80/577
f 3750/82/585 3261/82/234 3262/81/233 3754/81/581
f 3746/83/589 3260/83/235 3261/82/234 3750/82/585
f 3742/84/593 3259/84/236 3260/83/235 3746/83/589
f 3738/85/597 3258/85/237 3259/84/236 3742/84/593
f 3045/86/73 3801/86/1 3798/87/1 3042/87/75
f 3734/88/601 3257/88/238 3258/85/237 3738/85/597
f 3088/54/46 3844/54/1 3847/56/1 3091/56/44
f 3043/28/72 3799/28/1 3802/30/1 3046/30/70
f 3000/1/35 2989/1/1 2987/4/1 3001/4/96
f 3730/89/605 3256/89/239 3257/88/238 3734/88/601
f 3070/90/59 3826/90/1 3822/91/1 3066/91/61
f 3024/69/85 2937/69/1 2945/68/1 3020/68/87
f 3067/42/58 3823/42/1 3827/44/1 3071/44/56
f 3726/92/609 3255/92/240 3256/89/239 3730/89/605
f 3021/16/84 2943/16/1 3781/18/1 3025/18/82
f 3094/93/391 3850/93/1 3846/94/1 3090/94/47
f 3048/95/71 3804/95/1 3801/86/1 3045/86/73
f 3722/96/613 3254/96/241 3255/92/240 3726/92/609
f 3003/73/97 2982/73/1 2995/72/1 2997/72/34
f 3091/56/44 3847/56/1 3851/58/1 3095/58/42
f 3046/30/70 3802/30/1 3805/32/1 3049/32/68
f 3718/97/617 3253/97/242 3254/96/241 3722/96/613
f 3001/4/96 2987/4/1 2980/6/1 3004/6/94
f 3073/98/57 3829/98/1 3826/90/1 3070/90/59
f 3028/99/83 3784/99/1 2937/69/1 3024/69/85
f 3714/100/621 3252/100/243 3253/97/242 3718/97/617
f 3071/44/56 3827/44/1 3830/46/1 3074/46/54
f 3025/18/82 3781/18/1 3785/20/1 3029/20/80
f 3098/101/43 3854/101/1 3850/93/1 3094/93/391
f 3710/102/625 3251/102/244 3252/100/243 3714/100/621
f 3052/103/69 3808/103/1 3804/95/1 3048/95/71
f 3006/104/95 2975/104/1 2982/73/1 3003/73/97
f 3095/58/42 3851/58/1 3855/60/1 3099/60/40
f 3706/105/629 3250/105/245 3251/102/244 3710/102/625
f 3049/32/68 3805/32/1 3809/34/1 3053/34/66
f 3004/6/94 2980/6/1 2973/8/1 3007/8/92
f 3076/106/55 3832/106/1 3829/98/1 3073/98/57
f 3702/107/633 3249/107/246 3250/105/245 3706/105/629
f 3031/108/81 3787/108/1 3784/99/1 3028/99/83
f 3074/46/54 3830/46/1 3833/48/1 3077/48/52
f 3029/20/80 3785/20/1 3788/22/1 3032/22/78
f 3698/109/637 3248/109/247 3249/107/246 3702/107/633
f 3101/110/41 3857/110/1 3854/101/1 3098/101/43
f 3056/111/67 3812/111/1 3808/103/1 3052/103/69
f 3010/112/93 2967/112/1 2975/104/1 3006/104/95
f 3694/113/641 3247/113/248 3248/109/247 3698/109/637
f 3099/60/40 3855/60/1 3858/62/1 3102/62/38
f 3053/34/66 3809/34/1 3813/36/1 3057/36/64
f 3007/8/92 2973/8/1 2965/10/1 3011/10/90
f 3690/114/645 3246/114/249 3247/113/248 3694/113/641
f 3080/115/53 3836/115/1 3832/106/1 3076/106/55
f 3034/116/79 3790/116/1 3787/108/1 3031/108/81
f 3077/48/52 3833/48/1 3837/50/1 3081/50/50
f 3686/117/649 3245/117/250 3246/114/249 3690/114/645
f 3032/22/78 3788/22/1 3791/24/1 3035/24/76
f 3104/118/39 3860/118/1 3857/110/1 3101/110/41
f 3059/119/65 3815/119/1 3812/111/1 3056/111/67
f 3682/120/653 3244/120/251 3245/117/250 3686/117/649
f 3014/121/91 2959/121/1 2967/112/1 3010/112/93
f 3102/62/38 3858/62/1 3861/64/1 3105/64/36
f 3057/36/64 3813/36/1 3816/38/1 3060/38/62
f 3678/122/657 3243/122/252 3244/120/251 3682/120/653
f 3011/10/90 2965/10/1 2957/12/1 3015/12/88
f 3084/123/51 3840/123/1 3836/115/1 3080/115/53
f 3038/124/77 3794/124/1 3790/116/1 3034/116/79
f 3674/125/661 3242/125/253 3243/122/252 3678/122/657
f 3081/50/50 3837/50/1 3841/52/1 3085/52/48
f 3035/24/76 3791/24/1 3795/26/1 3039/26/74
f 3108/126/37 3864/126/1 3860/118/1 3104/118/39
f 3670/127/665 3241/127/254 3242/125/253 3674/125/661
f 3062/128/63 3818/128/1 3815/119/1 3059/119/65
f 3017/129/89 2952/129/1 2959/121/1 3014/121/91
f 3105/64/36 3861/64/1 2989/66/1 3000/66/35
f 3666/130/669 3240/130/255 3241/127/254 3670/127/665
f 3060/38/62 3816/38/1 3819/40/1 3063/40/60
f 3015/12/88 2957/12/1 2950/14/1 3018/14/86
f 3087/131/49 3843/131/1 3840/123/1 3084/123/51
f 3662/132/673 3239/132/256 3240/130/255 3666/130/669
f 3042/87/75 3798/87/1 3794/124/1 3038/124/77
f 3085/52/48 3841/52/1 3844/54/1 3088/54/46
f 3039/26/74 3795/26/1 3799/28/1 3043/28/72
f 3658/133/677 3238/133/257 3239/132/256 3662/132/673
f 2997/134/34 2995/134/1 3864/126/1 3108/126/37
f 3066/91/61 3822/91/1 3818/128/1 3062/128/63
f 3020/68/87 2945/68/1 2952/129/1 3017/129/89
f 3778/76/557 3268/76/227 3237/135/226 3653/135/552
f 3063/40/60 3819/40/1 3823/42/1 3067/42/58
f 3018/14/86 2950/14/1 2943/16/1 3021/16/84
f 3090/94/47 3846/94/1 3843/131/1 3087/131/49
f 3117/17/122 3149/17/154 3148/15/155 3116/15/123
f 2962/27/21 3122/27/117 3121/25/979 2960/25/22
f 2979/45/12 3131/45/108 3130/43/109 2977/43/13
f 2996/63/3 3140/63/99 3139/61/100 2994/61/4
f 2955/19/25 3118/19/121 3117/17/122 2953/17/26
f 2972/37/16 3127/37/112 3126/35/113 2970/35/17
f 2988/55/7 3136/55/103 3135/53/104 2986/53/8
f 2947/11/29 3114/11/125 3113/9/126 2946/9/30
f 2964/29/20 3123/29/116 3122/27/117 2962/27/21
f 2981/47/11 3132/47/107 3131/45/108 2979/45/12
f 2940/3/33 3110/3/129 3109/2/98 2938/2/2
f 2938/65/2 3109/65/98 3140/63/99 2996/63/3
f 2956/21/24 3119/21/120 3118/19/121 2955/19/25
f 2974/39/15 3128/39/111 3127/37/112 2972/37/16
f 2990/57/6 3137/57/102 3136/55/103 2988/55/7
f 2949/13/28 3115/13/124 3114/11/125 2947/11/29
f 2966/31/19 3124/31/115 3123/29/116 2964/29/20
f 2983/49/10 3133/49/106 3132/47/107 2981/47/11
f 2942/5/32 3111/5/128 3110/3/129 2940/3/33
f 2958/23/23 3120/23/119 3119/21/120 2956/21/24
f 2976/41/14 3129/41/713 3128/39/111 2974/39/15
f 2992/59/5 3138/59/101 3137/57/102 2990/57/6
f 2951/15/27 3116/15/123 3115/13/124 2949/13/28
f 2968/33/18 3125/33/114 3124/31/115 2966/31/19
f 2985/51/9 3134/51/105 3133/49/106 2983/49/10
f 2944/7/31 3112/7/127 3111/5/128 2942/5/32
f 2960/25/22 3121/25/979 3120/23/119 2958/23/23
f 2977/43/13 3130/43/109 3129/41/713 2976/41/14
f 2994/61/4 3139/61/100 3138/59/101 2992/59/5
f 2953/17/26 3117/17/122 3116/15/123 2951/15/27
f 2970/35/17 3126/35/113 3125/33/114 2968/33/18
f 2986/53/8 3135/53/104 3134/51/105 2985/51/9
f 3152/23/151 3184/23/183 3183/21/184 3151/21/152
f 3131/45/108 3163/45/140 3162/43/141 3130/43/109
f 3118/19/121 3150/19/153 3149/17/154 3117/17/122
f 3132/47/107 3164/47/139 3163/45/140 3131/45/108
f 3119/21/120 3151/21/152 3150/19/153 3118/19/121
f 3133/49/106 3165/49/138 3164/47/139 3132/47/107
f 3120/23/119 3152/23/151 3151/21/152 3119/21/120
f 3134/51/105 3166/51/137 3165/49/138 3133/49/106
f 3121/25/979 3153/25/150 3152/23/151 3120/23/119
f 3135/53/104 3167/53/136 3166/51/137 3134/51/105
f 3122/27/117 3154/27/149 3153/25/150 3121/25/979
f 3136/55/103 3168/55/135 3167/53/136 3135/53/104
f 3123/29/116 3155/29/148 3154/27/149 3122/27/117
f 3110/3/129 3142/3/161 3141/2/130 3109/2/98
f 3137/57/102 3169/57/134 3168/55/135 3136/55/103
f 3124/31/115 3156/31/147 3155/29/148 3123/29/116
f 3111/5/128 3143/5/160 3142/3/161 3110/3/129
f 3138/59/101 3170/59/133 3169/57/134 3137/57/102
f 3125/33/114 3157/33/146 3156/31/147 3124/31/115
f 3112/7/127 3144/7/159 3143/5/160 3111/5/128
f 3139/61/100 3171/61/132 3170/59/133 3138/59/101
f 3126/35/113 3158/35/145 3157/33/146 3125/33/114
f 3113/9/126 3145/9/158 3144/7/159 3112/7/127
f 3140/63/99 3172/63/131 3171/61/132 3139/61/100
f 3127/37/112 3159/37/144 3158/35/145 3126/35/113
f 3114/11/125 3146/11/157 3145/9/158 3113/9/126
f 3109/65/98 3141/65/130 3172/63/131 3140/63/99
f 3128/39/111 3160/39/143 3159/37/144 3127/37/112
f 3115/13/124 3147/13/156 3146/11/157 3114/11/125
f 3129/41/713 3161/41/142 3160/39/143 3128/39/111
f 3116/15/123 3148/15/155 3147/13/156 3115/13/124
f 3130/43/109 3162/43/141 3161/41/142 3129/41/713
f 3187/29/180 3219/29/212 3218/27/213 3186/27/181
f 3166/51/137 3198/51/169 3197/49/170 3165/49/138
f 3153/25/150 3185/25/182 3184/23/183 3152/23/151
f 3167/53/136 3199/53/168 3198/51/169 3166/51/137
f 3154/27/149 3186/27/181 3185/25/182 3153/25/150
f 3168/55/135 3200/55/167 3199/53/168 3167/53/136
f 3155/29/148 3187/29/180 3186/27/181 3154/27/149
f 3142/3/161 3174/3/193 3173/2/162 3141/2/130
f 3169/57/134 3201/57/166 3200/55/167 3168/55/135
f 3156/31/147 3188/31/179 3187/29/180 3155/29/148
f 3143/5/160 3175/5/192 3174/3/193 3142/3/161
f 3170/59/133 3202/59/165 3201/57/166 3169/57/134
f 3157/33/146 3189/33/178 3188/31/179 3156/31/147
f 3144/7/159 3176/7/191 3175/5/192 3143/5/160
f 3171/61/132 3203/61/164 3202/59/165 3170/59/133
f 3158/35/145 3190/35/177 3189/33/178 3157/33/146
f 3145/9/158 3177/9/190 3176/7/191 3144/7/159
f 3172/63/131 3204/63/163 3203/61/164 3171/61/132
f 3159/37/144 3191/37/176 3190/35/177 3158/35/145
f 3146/11/157 3178/11/189 3177/9/190 3145/9/158
f 3141/65/130 3173/65/162 3204/63/163 3172/63/131
f 3160/39/143 3192/39/175 3191/37/176 3159/37/144
f 3147/13/156 3179/13/188 3178/11/189 3146/11/157
f 3161/41/142 3193/41/174 3192/39/175 3160/39/143
f 3148/15/155 3180/15/187 3179/13/188 3147/13/156
f 3162/43/141 3194/43/173 3193/41/174 3161/41/142
f 3149/17/154 3181/17/186 3180/15/187 3148/15/155
f 3163/45/140 3195/45/172 3194/43/173 3162/43/141
f 3150/19/153 3182/19/185 3181/17/186 3149/17/154
f 3164/47/139 3196/47/171 3195/45/172 3163/45/140
f 3151/21/152 3183/21/184 3182/19/185 3150/19/153
f 3165/49/138 3197/49/170 3196/47/171 3164/47/139
f 3206/136/225 3207/167/224 3208/166/223 3209/165/222 3210/164/221 3211/163/220 3212/162/219 3213/161/218 3214/160/217 3215/159/216 3216/158/215 3217/157/214 3218/156/213 3219/155/212 3220/154/211 3221/153/210 3222/152/209 3223/151/208 3224/150/207 3225/149/206 3226/148/205 3227/147/204 3228/146/203 3229/145/202 3230/144/201 3231/143/200 3232/142/199 3233/141/198 3234/140/197 3235/139/196 3236/138/195 3205/137/194
f 3174/3/193 3206/3/225 3205/2/194 3173/2/162
f 3201/57/166 3233/57/198 3232/55/199 3200/55/167
f 3188/31/179 3220/31/211 3219/29/212 3187/29/180
f 3175/5/192 3207/5/224 3206/3/225 3174/3/193
f 3202/59/165 3234/59/197 3233/57/198 3201/57/166
f 3189/33/178 3221/33/210 3220/31/211 3188/31/179
f 3176/7/191 3208/7/223 3207/5/224 3175/5/192
f 3203/61/164 3235/61/196 3234/59/197 3202/59/165
f 3190/35/177 3222/35/209 3221/33/210 3189/33/178
f 3177/9/190 3209/9/222 3208/7/223 3176/7/191
f 3204/63/163 3236/63/195 3235/61/196 3203/61/164
f 3191/37/176 3223/37/208 3222/35/209 3190/35/177
f 3178/11/189 3210/11/221 3209/9/222 3177/9/190
f 3173/65/162 3205/65/194 3236/63/195 3204/63/163
f 3192/39/175 3224/39/207 3223/37/208 3191/37/176
f 3179/13/188 3211/13/220 3210/11/221 3178/11/189
f 3193/41/174 3225/41/206 3224/39/207 3192/39/175
f 3180/15/187 3212/15/219 3211/13/220 3179/13/188
f 3194/43/173 3226/43/205 3225/41/206 3193/41/174
f 3181/17/186 3213/17/218 3212/15/219 3180/15/187
f 3195/45/172 3227/45/204 3226/43/205 3194/43/173
f 3182/19/185 3214/19/217 3213/17/218 3181/17/186
f 3196/47/171 3228/47/203 3227/45/204 3195/45/172
f 3183/21/184 3215/21/216 3214/19/217 3182/19/185
f 3197/49/170 3229/49/202 3228/47/203 3196/47/171
f 3184/23/183 3216/23/215 3215/21/216 3183/21/184
f 3198/51/169 3230/51/201 3229/49/202 3197/49/170
f 3185/25/182 3217/25/214 3216/23/215 3184/23/183
f 3199/53/168 3231/53/200 3230/51/201 3198/51/169
f 3186/27/181 3218/27/213 3217/25/214 3185/25/182
f 3200/55/167 3232/55/199 3231/53/200 3199/53/168
f 3248/109/247 3312/109/311 3313/107/310 3249/107/246
f 3713/168/620 3717/169/616 3056/111/67 3052/103/69
f 3749/170/584 3753/171/580 3087/131/49 3084/123/51
f 3661/172/672 3665/173/668 3010/112/93 3006/104/95
f 3697/174/636 3701/175/632 3042/87/75 3038/124/77
f 3733/176/600 3737/177/596 3073/98/57 3070/90/59
f 3769/178/564 3773/179/560 3104/118/39 3101/110/41
f 3681/70/652 3685/180/648 3028/99/83 3024/69/85
f 3717/169/616 3721/181/612 3059/119/65 3056/111/67
f 3753/171/580 3757/182/728 3090/94/47 3087/131/49
f 3665/173/668 3669/183/664 3014/121/91 3010/112/93
f 3701/175/632 3705/184/628 3045/86/73 3042/87/75
f 3737/177/596 3741/185/592 3076/106/55 3073/98/57
f 3773/179/560 3777/186/556 3108/126/37 3104/118/39
f 3685/180/648 3689/187/644 3031/108/81 3028/99/83
f 3721/181/612 3725/188/608 3062/128/63 3059/119/65
f 3757/182/728 3761/189/572 3094/93/391 3090/94/47
f 3669/183/664 3673/190/660 3017/129/89 3014/121/91
f 3705/184/628 3709/191/624 3048/95/71 3045/86/73
f 3741/185/592 3745/192/588 3080/115/53 3076/106/55
f 3689/187/644 3693/193/640 3034/116/79 3031/108/81
f 3725/188/608 3729/194/604 3066/91/61 3062/128/63
f 3761/189/572 3765/195/568 3098/101/43 3094/93/391
f 3673/190/660 3677/67/988 3020/68/87 3017/129/89
f 3709/191/624 3713/168/620 3052/103/69 3048/95/71
f 3745/192/588 3749/170/584 3084/123/51 3080/115/53
f 3777/186/556 3654/196/553 2997/134/34 3108/126/37
f 3657/74/676 3661/172/672 3006/104/95 3003/73/97
f 3693/193/640 3697/174/636 3038/124/77 3034/116/79
f 3729/194/604 3733/176/600 3070/90/59 3066/91/61
f 3765/195/568 3769/178/564 3101/110/41 3098/101/43
f 3294/197/265 3358/197/81 3359/198/79 3295/198/715
f 3262/81/233 3326/81/297 3327/80/296 3263/80/232
f 3249/107/246 3313/107/310 3314/105/309 3250/105/245
f 3263/80/232 3327/80/296 3328/79/295 3264/79/231
f 3250/105/245 3314/105/309 3315/102/308 3251/102/244
f 3237/199/226 3301/199/290 3302/133/321 3238/133/257
f 3264/79/231 3328/79/295 3329/78/294 3265/78/230
f 3251/102/244 3315/102/308 3316/100/307 3252/100/243
f 3238/133/257 3302/133/321 3303/132/320 3239/132/256
f 3265/78/230 3329/78/294 3330/77/293 3266/77/229
f 3252/100/243 3316/100/307 3317/97/306 3253/97/242
f 3239/132/256 3303/132/320 3304/130/319 3240/130/255
f 3266/77/229 3330/77/293 3331/75/292 3267/75/228
f 3253/97/242 3317/97/306 3318/96/305 3254/96/241
f 3240/130/255 3304/130/319 3305/127/318 3241/127/254
f 3267/75/228 3331/75/292 3332/76/291 3268/76/227
f 3254/96/241 3318/96/305 3319/92/304 3255/92/240
f 3241/127/254 3305/127/318 3306/125/317 3242/125/253
f 3268/76/227 3332/76/291 3301/135/290 3237/135/226
f 3255/92/240 3319/92/304 3320/89/303 3256/89/239
f 3242/125/253 3306/125/317 3307/122/316 3243/122/252
f 3256/89/239 3320/89/303 3321/88/302 3257/88/238
f 3243/122/252 3307/122/316 3308/120/315 3244/120/251
f 3257/88/238 3321/88/302 3322/85/301 3258/85/237
f 3244/120/251 3308/120/315 3309/117/314 3245/117/250
f 3258/85/237 3322/85/301 3323/84/300 3259/84/236
f 3245/117/250 3309/117/314 3310/114/313 3246/114/249
f 3259/84/236 3323/84/300 3324/83/299 3260/83/235
f 3246/114/249 3310/114/313 3311/113/312 3247/113/248
f 3260/83/235 3324/83/299 3325/82/298 3261/82/234
f 3247/113/248 3311/113/312 3312/109/311 3248/109/247
f 3261/82/234 3325/82/298 3326/81/297 3262/81/233
f 3270/200/289 3302/203/321 3301/202/290 3269/201/258
f 3271/204/288 3303/205/320 3302/203/321 3270/200/289
f 3272/206/287 3304/207/319 3303/205/320 3271/204/288
f 3273/208/286 3305/209/318 3304/207/319 3272/206/287
f 3274/210/285 3306/211/317 3305/209/318 3273/208/286
f 3275/212/284 3307/213/316 3306/211/317 3274/210/285
f 3276/214/283 3308/215/315 3307/213/316 3275/212/284
f 3277/216/282 3309/217/314 3308/215/315 3276/214/283
f 3278/218/281 3310/219/313 3309/217/314 3277/216/282
f 3279/220/280 3311/221/312 3310/219/313 3278/218/281
f 3280/222/279 3312/223/311 3311/221/312 3279/220/280
f 3281/224/278 3313/225/310 3312/223/311 3280/222/279
f 3282/226/277 3314/227/309 3313/225/310 3281/224/278
f 3283/228/276 3315/229/308 3314/227/309 3282/226/277
f 3284/230/275 3316/231/307 3315/229/308 3283/228/276
f 3285/232/274 3317/233/306 3316/231/307 3284/230/275
f 3286/234/273 3318/235/305 3317/233/306 3285/232/274
f 3287/236/272 3319/237/304 3318/235/305 3286/234/273
f 3288/238/271 3320/239/303 3319/237/304 3287/236/272
f 3289/240/270 3321/241/302 3320/239/303 3288/238/271
f 3290/242/269 3322/243/301 3321/241/302 3289/240/270
f 3291/244/268 3323/245/300 3322/243/301 3290/242/269
f 3292/246/267 3324/247/299 3323/245/300 3291/244/268
f 3293/248/266 3325/249/298 3324/247/299 3292/246/267
f 3294/197/265 3326/250/297 3325/249/298 3293/248/266
f 3295/198/715 3327/251/296 3326/250/297 3294/197/265
f 3296/252/263 3328/253/295 3327/251/296 3295/198/715
f 3297/254/262 3329/255/294 3328/253/295 3296/252/263
f 3298/256/261 3330/257/293 3329/255/294 3297/254/262
f 3299/258/260 3331/259/292 3330/257/293 3298/256/261
f 3300/260/259 3332/261/291 3331/259/292 3299/258/260
f 3269/201/258 3301/202/290 3332/261/291 3300/260/259
f 3361/254/75 3393/254/1 3394/256/1 3362/256/73
f 3281/224/278 3345/224/390 3346/226/41 3282/226/277
f 3295/198/715 3359/198/79 3360/252/77 3296/252/263
f 3282/226/277 3346/226/41 3347/228/39 3283/228/276
f 3269/201/258 3333/201/67 3334/200/65 3270/200/289
f 3296/252/263 3360/252/77 3361/254/75 3297/254/262
f 3283/228/276 3347/228/39 3348/230/37 3284/230/275
f 3270/200/289 3334/200/65 3335/204/63 3271/204/288
f 3297/254/262 3361/254/75 3362/256/73 3298/256/261
f 3284/230/275 3348/230/37 3349/232/324 3285/232/274
f 3271/204/288 3335/204/63 3336/206/61 3272/206/287
f 3298/256/261 3362/256/73 3363/258/71 3299/258/260
f 3285/232/274 3349/232/324 3350/234/97 3286/234/273
f 3272/206/287 3336/206/61 3337/208/59 3273/208/286
f 3299/258/260 3363/258/71 3364/260/69 3300/260/259
f 3286/234/273 3350/234/97 3351/236/95 3287/236/272
f 3273/208/286 3337/208/59 3338/210/57 3274/210/285
f 3300/260/259 3364/260/69 3333/201/67 3269/201/258
f 3287/236/272 3351/236/95 3352/238/93 3288/238/271
f 3274/210/285 3338/210/57 3339/212/55 3275/212/284
f 3288/238/271 3352/238/93 3353/240/716 3289/240/270
f 3275/212/284 3339/212/55 3340/214/53 3276/214/283
f 3289/240/270 3353/240/716 3354/242/322 3290/242/269
f 3276/214/283 3340/214/53 3341/216/51 3277/216/282
f 3290/242/269 3354/242/322 3355/244/87 3291/244/268
f 3277/216/282 3341/216/51 3342/218/49 3278/218/281
f 3291/244/268 3355/244/87 3356/246/85 3292/246/267
f 3278/218/281 3342/218/49 3343/220/47 3279/220/280
f 3292/246/267 3356/246/85 3357/248/83 3293/248/266
f 3279/220/280 3343/220/47 3344/222/45 3280/222/279
f 3293/248/266 3357/248/83 3358/197/81 3294/197/265
f 3280/222/279 3344/222/45 3345/224/390 3281/224/278
f 3396/260/1 3428/260/327 3397/201/326 3365/201/1
f 3348/230/37 3380/230/1 3381/232/1 3349/232/324
f 3335/204/63 3367/204/1 3368/206/1 3336/206/61
f 3362/256/73 3394/256/1 3395/258/1 3363/258/71
f 3349/232/324 3381/232/1 3382/234/1 3350/234/97
f 3336/206/61 3368/206/1 3369/208/1 3337/208/59
f 3363/258/71 3395/258/1 3396/260/1 3364/260/69
f 3350/234/97 3382/234/1 3383/236/1 3351/236/95
f 3337/208/59 3369/208/1 3370/210/1 3338/210/57
f 3364/260/69 3396/260/1 3365/201/1 3333/201/67
f 3351/236/95 3383/236/1 3384/238/1 3352/238/93
f 3338/210/57 3370/210/1 3371/212/1 3339/212/55
f 3352/238/93 3384/238/1 3385/240/1 3353/240/716
f 3339/212/55 3371/212/1 3372/214/1 3340/214/53
f 3353/240/716 3385/240/1 3386/242/1 3354/242/322
f 3340/214/53 3372/214/1 3373/216/1 3341/216/51
f 3354/242/322 3386/242/1 3387/244/1 3355/244/87
f 3341/216/51 3373/216/1 3374/218/1 3342/218/49
f 3355/244/87 3387/244/1 3388/246/1 3356/246/85
f 3342/218/49 3374/218/1 3375/220/1 3343/220/47
f 3356/246/85 3388/246/1 3389/248/1 3357/248/83
f 3343/220/47 3375/220/1 3376/222/1 3344/222/45
f 3357/248/83 3389/248/1 3390/197/1 3358/197/81
f 3344/222/45 3376/222/1 3377/224/1 3345/224/390
f 3358/197/81 3390/197/1 3391/198/1 3359/198/79
f 3345/224/390 3377/224/1 3378/226/1 3346/226/41
f 3359/198/79 3391/198/1 3392/252/1 3360/252/77
f 3346/226/41 3378/226/1 3379/228/1 3347/228/39
f 3333/201/67 3365/201/1 3366/200/1 3334/200/65
f 3360/252/77 3392/252/1 3393/254/1 3361/254/75
f 3347/228/39 3379/228/1 3380/230/1 3348/230/37
f 3334/200/65 3366/200/1 3367/204/1 3335/204/63
f 3418/242/337 3450/242/369 3451/244/368 3419/244/336
f 3383/236/1 3415/236/340 3416/238/339 3384/238/1
f 3370/210/1 3402/210/353 3403/212/352 3371/212/1
f 3384/238/1 3416/238/339 3417/240/338 3385/240/1
f 3371/212/1 3403/212/352 3404/214/351 3372/214/1
f 3385/240/1 3417/240/338 3418/242/337 3386/242/1
f 3372/214/1 3404/214/351 3405/216/350 3373/216/1
f 3386/242/1 3418/242/337 3419/244/336 3387/244/1
f 3373/216/1 3405/216/350 3406/218/349 3374/218/1
f 3387/244/1 3419/244/336 3420/246/335 3388/246/1
f 3374/218/1 3406/218/349 3407/220/348 3375/220/1
f 3388/246/1 3420/246/335 3421/248/334 3389/248/1
f 3375/220/1 3407/220/348 3408/222/347 3376/222/1
f 3389/248/1 3421/248/334 3422/197/333 3390/197/1
f 3376/222/1 3408/222/347 3409/224/346 3377/224/1
f 3390/197/1 3422/197/333 3423/198/332 3391/198/1
f 3377/224/1 3409/224/346 3410/226/345 3378/226/1
f 3391/198/1 3423/198/332 3424/252/331 3392/252/1
f 3378/226/1 3410/226/345 3411/228/344 3379/228/1
f 3365/201/1 3397/201/326 3398/200/357 3366/200/1
f 3392/252/1 3424/252/331 3425/254/330 3393/254/1
f 3379/228/1 3411/228/344 3412/230/343 3380/230/1
f 3366/200/1 3398/200/357 3399/204/356 3367/204/1
f 3393/254/1 3425/254/330 3426/256/329 3394/256/1
f 3380/230/1 3412/230/343 3413/232/342 3381/232/1
f 3367/204/1 3399/204/356 3400/206/355 3368/206/1
f 3394/256/1 3426/256/329 3427/258/328 3395/258/1
f 3381/232/1 3413/232/342 3414/234/341 3382/234/1
f 3368/206/1 3400/206/355 3401/208/354 3369/208/1
f 3395/258/1 3427/258/328 3428/260/327 3396/260/1
f 3382/234/1 3414/234/341 3415/236/340 3383/236/1
f 3369/208/1 3401/208/354 3402/210/353 3370/210/1
f 3453/248/366 3485/248/83 3486/197/81 3454/197/365
f 3405/216/350 3437/216/382 3438/218/381 3406/218/349
f 3419/244/336 3451/244/368 3452/246/367 3420/246/335
f 3406/218/349 3438/218/381 3439/220/380 3407/220/348
f 3420/246/335 3452/246/367 3453/248/366 3421/248/334
f 3407/220/348 3439/220/380 3440/222/379 3408/222/347
f 3421/248/334 3453/248/366 3454/197/365 3422/197/333
f 3408/222/347 3440/222/379 3441/224/378 3409/224/346
f 3422/197/333 3454/197/365 3455/198/364 3423/198/332
f 3409/224/346 3441/224/378 3442/226/377 3410/226/345
f 3423/198/332 3455/198/364 3456/252/363 3424/252/331
f 3410/226/345 3442/226/377 3443/228/376 3411/228/344
f 3397/201/326 3429/201/358 3430/200/389 3398/200/357
f 3424/252/331 3456/252/363 3457/254/362 3425/254/330
f 3411/228/344 3443/228/376 3444/230/375 3412/230/343
f 3398/200/357 3430/200/389 3431/204/388 3399/204/356
f 3425/254/330 3457/254/362 3458/256/361 3426/256/329
f 3412/230/343 3444/230/375 3445/232/374 3413/232/342
f 3399/204/356 3431/204/388 3432/206/387 3400/206/355
f 3426/256/329 3458/256/361 3459/258/360 3427/258/328
f 3413/232/342 3445/232/374 3446/234/373 3414/234/341
f 3400/206/355 3432/206/387 3433/208/386 3401/208/354
f 3427/258/328 3459/258/360 3460/260/359 3428/260/327
f 3414/234/341 3446/234/373 3447/236/372 3415/236/340
f 3401/208/354 3433/208/386 3434/210/385 3402/210/353
f 3428/260/327 3460/260/359 3429/201/358 3397/201/326
f 3415/236/340 3447/236/372 3448/238/371 3416/238/339
f 3402/210/353 3434/210/385 3435/212/384 3403/212/352
f 3416/238/339 3448/238/371 3449/240/370 3417/240/338
f 3403/212/352 3435/212/384 3436/214/383 3404/214/351
f 3417/240/338 3449/240/370 3450/242/369 3418/242/337
f 3404/214/351 3436/214/383 3437/216/382 3405/216/350
f 3461/201/67 3493/201/392 3494/200/423 3462/200/65
f 3440/222/379 3472/222/45 3473/224/43 3441/224/378
f 3454/197/365 3486/197/81 3487/198/79 3455/198/364
f 3441/224/378 3473/224/43 3474/226/41 3442/226/377
f 3455/198/364 3487/198/79 3488/252/77 3456/252/363
f 3442/226/377 3474/226/41 3475/228/39 3443/228/376
f 3429/201/358 3461/201/67 3462/200/65 3430/200/389
f 3456/252/363 3488/252/77 3489/254/75 3457/254/362
f 3443/228/376 3475/228/39 3476/230/37 3444/230/375
f 3430/200/389 3462/200/65 3463/204/63 3431/204/388
f 3457/254/362 3489/254/75 3490/256/73 3458/256/361
f 3444/230/375 3476/230/37 3477/232/34 3445/232/374
f 3431/204/388 3463/204/63 3464/206/61 3432/206/387
f 3458/256/361 3490/256/73 3491/258/71 3459/258/360
f 3445/232/374 3477/232/34 3478/234/97 3446/234/373
f 3432/206/387 3464/206/61 3465/208/59 3433/208/386
f 3459/258/360 3491/258/71 3492/260/69 3460/260/359
f 3446/234/373 3478/234/97 3479/236/95 3447/236/372
f 3433/208/386 3465/208/59 3466/210/57 3434/210/385
f 3460/260/359 3492/260/69 3461/201/67 3429/201/358
f 3447/236/372 3479/236/95 3480/238/93 3448/238/371
f 3434/210/385 3466/210/57 3467/212/55 3435/212/384
f 3448/238/371 3480/238/93 3481/240/323 3449/240/370
f 3435/212/384 3467/212/55 3468/214/53 3436/214/383
f 3449/240/370 3481/240/323 3482/242/89 3450/242/369
f 3436/214/383 3468/214/53 3469/216/51 3437/216/382
f 3450/242/369 3482/242/89 3483/244/87 3451/244/368
f 3437/216/382 3469/216/51 3470/218/49 3438/218/381
f 3451/244/368 3483/244/87 3484/246/85 3452/246/367
f 3438/218/381 3470/218/49 3471/220/47 3439/220/380
f 3452/246/367 3484/246/85 3485/248/83 3453/248/366
f 3439/220/380 3471/220/47 3472/222/45 3440/222/379
f 3496/206/421 3528/206/453 3529/208/452 3497/208/420
f 3488/252/77 3520/252/397 3521/254/396 3489/254/75
f 3475/228/39 3507/228/410 3508/230/409 3476/230/37
f 3462/200/65 3494/200/423 3495/204/422 3463/204/63
f 3489/254/75 3521/254/396 3522/256/395 3490/256/73
f 3476/230/37 3508/230/409 3509/232/408 3477/232/34
f 3463/204/63 3495/204/422 3496/206/421 3464/206/61
f 3490/256/73 3522/256/395 3523/258/394 3491/258/71
f 3477/232/34 3509/232/408 3510/234/407 3478/234/97
f 3464/206/61 3496/206/421 3497/208/420 3465/208/59
f 3491/258/71 3523/258/394 3524/260/393 3492/260/69
f 3478/234/97 3510/234/407 3511/236/406 3479/236/95
f 3465/208/59 3497/208/420 3498/210/419 3466/210/57
f 3492/260/69 3524/260/393 3493/201/392 3461/201/67
f 3479/236/95 3511/236/406 3512/238/405 3480/238/93
f 3466/210/57 3498/210/419 3499/212/418 3467/212/55
f 3480/238/93 3512/238/405 3513/240/404 3481/240/323
f 3467/212/55 3499/212/418 3500/214/417 3468/214/53
f 3481/240/323 3513/240/404 3514/242/403 3482/242/89
f 3468/214/53 3500/214/417 3501/216/416 3469/216/51
f 3482/242/89 3514/242/403 3515/244/402 3483/244/87
f 3469/216/51 3501/216/416 3502/218/415 3470/218/49
f 3483/244/87 3515/244/402 3516/246/401 3484/246/85
f 3470/218/49 3502/218/415 3503/220/414 3471/220/47
f 3484/246/85 3516/246/401 3517/248/400 3485/248/83
f 3471/220/47 3503/220/414 3504/222/413 3472/222/45
f 3485/248/83 3517/248/400 3518/197/399 3486/197/81
f 3472/222/45 3504/222/413 3505/224/412 3473/224/43
f 3486/197/81 3518/197/399 3519/198/398 3487/198/79
f 3473/224/43 3505/224/412 3506/226/411 3474/226/41
f 3487/198/79 3519/198/398 3520/252/397 3488/252/77
f 3474/226/41 3506/226/411 3507/228/410 3475/228/39
f 3531/212/450 3563/212/981 3564/214/481 3532/214/449
f 3523/258/394 3555/258/426 3556/260/425 3524/260/393
f 3510/234/407 3542/234/439 3543/236/438 3511/236/406
f 3497/208/420 3529/208/452 3530/210/451 3498/210/419
f 3524/260/393 3556/260/425 3525/201/424 3493/201/392
f 3511/236/406 3543/236/438 3544/238/437 3512/238/405
f 3498/210/419 3530/210/451 3531/212/450 3499/212/418
f 3512/238/405 3544/238/437 3545/240/436 3513/240/404
f 3499/212/418 3531/212/450 3532/214/449 3500/214/417
f 3513/240/404 3545/240/436 3546/242/435 3514/242/403
f 3500/214/417 3532/214/449 3533/216/448 3501/216/416
f 3514/242/403 3546/242/435 3547/244/434 3515/244/402
f 3501/216/416 3533/216/448 3534/218/447 3502/218/415
f 3515/244/402 3547/244/434 3548/246/433 3516/246/401
f 3502/218/415 3534/218/447 3535/220/446 3503/220/414
f 3516/246/401 3548/246/433 3549/248/432 3517/248/400
f 3503/220/414 3535/220/446 3536/222/445 3504/222/413
f 3517/248/400 3549/248/432 3550/197/431 3518/197/399
f 3504/222/413 3536/222/445 3537/224/444 3505/224/412
f 3518/197/399 3550/197/431 3551/198/430 3519/198/398
f 3505/224/412 3537/224/444 3538/226/443 3506/226/411
f 3519/198/398 3551/198/430 3552/252/429 3520/252/397
f 3506/226/411 3538/226/443 3539/228/442 3507/228/410
f 3493/201/392 3525/201/424 3526/200/455 3494/200/423
f 3520/252/397 3552/252/429 3553/254/428 3521/254/396
f 3507/228/410 3539/228/442 3540/230/441 3508/230/409
f 3494/200/423 3526/200/455 3527/204/454 3495/204/422
f 3521/254/396 3553/254/428 3554/256/427 3522/256/395
f 3508/230/409 3540/230/441 3541/232/440 3509/232/408
f 3495/204/422 3527/204/454 3528/206/453 3496/206/421
f 3522/256/395 3554/256/427 3555/258/426 3523/258/394
f 3509/232/408 3541/232/440 3542/234/439 3510/234/407
f 3566/218/479 3598/218/511 3599/220/510 3567/220/478
f 3545/240/436 3577/240/468 3578/242/983 3546/242/435
f 3532/214/449 3564/214/481 3565/216/480 3533/216/448
f 3546/242/435 3578/242/983 3579/244/721 3547/244/434
f 3533/216/448 3565/216/480 3566/218/479 3534/218/447
f 3547/244/434 3579/244/721 3580/246/465 3548/246/433
f 3534/218/447 3566/218/479 3567/220/478 3535/220/446
f 3548/246/433 3580/246/465 3581/248/464 3549/248/432
f 3535/220/446 3567/220/478 3568/222/982 3536/222/445
f 3549/248/432 3581/248/464 3582/197/463 3550/197/431
f 3536/222/445 3568/222/982 3569/224/476 3537/224/444
f 3550/197/431 3582/197/463 3583/198/984 3551/198/430
f 3537/224/444 3569/224/476 3570/226/475 3538/226/443
f 3551/198/430 3583/198/984 3584/252/461 3552/252/429
f 3538/226/443 3570/226/475 3571/228/474 3539/228/442
f 3525/201/424 3557/201/456 3558/200/487 3526/200/455
f 3552/252/429 3584/252/461 3585/254/460 3553/254/428
f 3539/228/442 3571/228/474 3572/230/473 3540/230/441
f 3526/200/455 3558/200/487 3559/204/486 3527/204/454
f 3553/254/428 3585/254/460 3586/256/459 3554/256/427
f 3540/230/441 3572/230/473 3573/232/472 3541/232/440
f 3527/204/454 3559/204/486 3560/206/485 3528/206/453
f 3554/256/427 3586/256/459 3587/258/717 3555/258/426
f 3541/232/440 3573/232/472 3574/234/471 3542/234/439
f 3528/206/453 3560/206/485 3561/208/980 3529/208/452
f 3555/258/426 3587/258/717 3588/260/457 3556/260/425
f 3542/234/439 3574/234/471 3575/236/470 3543/236/438
f 3529/208/452 3561/208/980 3562/210/483 3530/210/451
f 3556/260/425 3588/260/457 3557/201/456 3525/201/424
f 3543/236/438 3575/236/470 3576/238/469 3544/238/437
f 3530/210/451 3562/210/483 3563/212/981 3531/212/450
f 3544/238/437 3576/238/469 3577/240/468 3545/240/436
f 3601/224/508 3633/224/540 3634/226/539 3602/226/726
f 3580/246/465 3612/246/497 3613/248/725 3581/248/464
f 3567/220/478 3599/220/510 3600/222/509 3568/222/982
f 3581/248/464 3613/248/725 3614/197/495 3582/197/463
f 3568/222/982 3600/222/509 3601/224/508 3569/224/476
f 3582/197/463 3614/197/495 3615/198/494 3583/198/984
f 3569/224/476 3601/224/508 3602/226/726 3570/226/475
f 3583/198/984 3615/198/494 3616/252/493 3584/252/461
f 3570/226/475 3602/226/726 3603/228/506 3571/228/474
f 3557/201/456 3589/201/488 3590/200/519 3558/200/487
f 3584/252/461 3616/252/493 3617/254/492 3585/254/460
f 3571/228/474 3603/228/506 3604/230/986 3572/230/473
f 3558/200/487 3590/200/519 3591/204/518 3559/204/486
f 3585/254/460 3617/254/492 3618/256/491 3586/256/459
f 3572/230/473 3604/230/986 3605/232/504 3573/232/472
f 3559/204/486 3591/204/518 3592/206/517 3560/206/485
f 3586/256/459 3618/256/491 3619/258/490 3587/258/717
f 3573/232/472 3605/232/504 3606/234/987 3574/234/471
f 3560/206/485 3592/206/517 3593/208/516 3561/208/980
f 3587/258/717 3619/258/490 3620/260/489 3588/260/457
f 3574/234/471 3606/234/987 3607/236/502 3575/236/470
f 3561/208/980 3593/208/516 3594/210/515 3562/210/483
f 3588/260/457 3620/260/489 3589/201/488 3557/201/456
f 3575/236/470 3607/236/502 3608/238/501 3576/238/469
f 3562/210/483 3594/210/515 3595/212/514 3563/212/981
f 3576/238/469 3608/238/501 3609/240/500 3577/240/468
f 3563/212/981 3595/212/514 3596/214/513 3564/214/481
f 3577/240/468 3609/240/500 3610/242/499 3578/242/983
f 3564/214/481 3596/214/513 3597/216/985 3565/216/480
f 3578/242/983 3610/242/499 3611/244/498 3579/244/721
f 3565/216/480 3597/216/985 3598/218/511 3566/218/479
f 3579/244/721 3611/244/498 3612/246/497 3580/246/465
f 3621/201/520 3652/260/521 3651/258/522 3650/256/523 3649/254/524 3648/252/525 3647/198/526 3646/197/527 3645/248/528 3644/246/529 3643/244/530 3642/242/531 3641/240/532 3640/238/533 3639/236/534 3638/234/535 3637/232/536 3636/230/537 3635/228/538 3634/226/539 3633/224/540 3632/222/541 3631/220/542 3630/218/543 3629/216/544 3628/214/545 3627/212/546 3626/210/547 3625/208/548 3624/206/549 3623/204/550 3622/200/551
f 3615/198/494 3647/198/526 3648/252/525 3616/252/493
f 3602/226/726 3634/226/539 3635/228/538 3603/228/506
f 3589/201/488 3621/201/520 3622/200/551 3590/200/519
f 3616/252/493 3648/252/525 3649/254/524 3617/254/492
f 3603/228/506 3635/228/538 3636/230/537 3604/230/986
f 3590/200/519 3622/200/551 3623/204/550 3591/204/518
f 3617/254/492 3649/254/524 3650/256/523 3618/256/491
f 3604/230/986 3636/230/537 3637/232/536 3605/232/504
f 3591/204/518 3623/204/550 3624/206/549 3592/206/517
f 3618/256/491 3650/256/523 3651/258/522 3619/258/490
f 3605/232/504 3637/232/536 3638/234/535 3606/234/987
f 3592/206/517 3624/206/549 3625/208/548 3593/208/516
f 3619/258/490 3651/258/522 3652/260/521 3620/260/489
f 3606/234/987 3638/234/535 3639/236/534 3607/236/502
f 3593/208/516 3625/208/548 3626/210/547 3594/210/515
f 3620/260/489 3652/260/521 3621/201/520 3589/201/488
f 3607/236/502 3639/236/534 3640/238/533 3608/238/501
f 3594/210/515 3626/210/547 3627/212/546 3595/212/514
f 3608/238/501 3640/238/533 3641/240/532 3609/240/500
f 3595/212/514 3627/212/546 3628/214/545 3596/214/513
f 3609/240/500 3641/240/532 3642/242/531 3610/242/499
f 3596/214/513 3628/214/545 3629/216/544 3597/216/985
f 3610/242/499 3642/242/531 3643/244/530 3611/244/498
f 3597/216/985 3629/216/544 3630/218/543 3598/218/511
f 3611/244/498 3643/244/530 3644/246/529 3612/246/497
f 3598/218/511 3630/218/543 3631/220/542 3599/220/510
f 3612/246/497 3644/246/529 3645/248/528 3613/248/725
f 3599/220/510 3631/220/542 3632/222/541 3600/222/509
f 3613/248/725 3645/248/528 3646/197/527 3614/197/495
f 3600/222/509 3632/222/541 3633/224/540 3601/224/508
f 3614/197/495 3646/197/527 3647/198/526 3615/198/494
f 3654/71/553 3656/263/555 3659/262/678 3657/74/676
f 3656/263/555 3655/264/554 3660/133/679 3659/262/678
f 3655/264/554 3653/199/552 3658/133/677 3660/133/679
f 3657/74/676 3659/262/678 3663/265/674 3661/172/672
f 3659/262/678 3660/133/679 3664/132/675 3663/265/674
f 3660/133/679 3658/133/677 3662/132/673 3664/132/675
f 3661/172/672 3663/265/674 3667/266/670 3665/173/668
f 3663/265/674 3664/132/675 3668/267/671 3667/266/670
f 3664/132/675 3662/132/673 3666/130/669 3668/267/671
f 3665/173/668 3667/266/670 3671/268/666 3669/183/664
f 3667/266/670 3668/267/671 3672/127/667 3671/268/666
f 3668/267/671 3666/130/669 3670/127/665 3672/127/667
f 3669/183/664 3671/268/666 3675/269/662 3673/190/660
f 3671/268/666 3672/127/667 3676/125/663 3675/269/662
f 3672/127/667 3670/127/665 3674/125/661 3676/125/663
f 3673/190/660 3675/269/662 3679/270/658 3677/67/988
f 3675/269/662 3676/125/663 3680/122/659 3679/270/658
f 3676/125/663 3674/125/661 3678/122/657 3680/122/659
f 3677/67/988 3679/270/658 3683/271/654 3681/70/652
f 3679/270/658 3680/122/659 3684/120/655 3683/271/654
f 3680/122/659 3678/122/657 3682/120/653 3684/120/655
f 3681/70/652 3683/271/654 3687/272/989 3685/180/648
f 3683/271/654 3684/120/655 3688/117/651 3687/272/989
f 3684/120/655 3682/120/653 3686/117/649 3688/117/651
f 3685/180/648 3687/272/989 3691/273/646 3689/187/644
f 3687/272/989 3688/117/651 3692/114/647 3691/273/646
f 3688/117/651 3686/117/649 3690/114/645 3692/114/647
f 3689/187/644 3691/273/646 3695/274/642 3693/193/640
f 3691/273/646 3692/114/647 3696/113/643 3695/274/642
f 3692/114/647 3690/114/645 3694/113/641 3696/113/643
f 3693/193/640 3695/274/642 3699/275/638 3697/174/636
f 3695/274/642 3696/113/643 3700/276/639 3699/275/638
f 3696/113/643 3694/113/641 3698/109/637 3700/276/639
f 3697/174/636 3699/275/638 3703/277/634 3701/175/632
f 3699/275/638 3700/276/639 3704/107/635 3703/277/634
f 3700/276/639 3698/109/637 3702/107/633 3704/107/635
f 3701/175/632 3703/277/634 3707/278/630 3705/184/628
f 3703/277/634 3704/107/635 3708/105/631 3707/278/630
f 3704/107/635 3702/107/633 3706/105/629 3708/105/631
f 3705/184/628 3707/278/630 3711/279/626 3709/191/624
f 3707/278/630 3708/105/631 3712/102/627 3711/279/626
f 3708/105/631 3706/105/629 3710/102/625 3712/102/627
f 3709/191/624 3711/279/626 3715/280/622 3713/168/620
f 3711/279/626 3712/102/627 3716/100/623 3715/280/622
f 3712/102/627 3710/102/625 3714/100/621 3716/100/623
f 3713/168/620 3715/280/622 3719/281/618 3717/169/616
f 3715/280/622 3716/100/623 3720/97/619 3719/281/618
f 3716/100/623 3714/100/621 3718/97/617 3720/97/619
f 3717/169/616 3719/281/618 3723/282/614 3721/181/612
f 3719/281/618 3720/97/619 3724/96/615 3723/282/614
f 3720/97/619 3718/97/617 3722/96/613 3724/96/615
f 3721/181/612 3723/282/614 3727/283/610 3725/188/608
f 3723/282/614 3724/96/615 3728/92/611 3727/283/610
f 3724/96/615 3722/96/613 3726/92/609 3728/92/611
f 3725/188/608 3727/283/610 3731/284/606 3729/194/604
f 3727/283/610 3728/92/611 3732/89/607 3731/284/606
f 3728/92/611 3726/92/609 3730/89/605 3732/89/607
f 3729/194/604 3731/284/606 3735/285/602 3733/176/600
f 3731/284/606 3732/89/607 3736/88/603 3735/285/602
f 3732/89/607 3730/89/605 3734/88/601 3736/88/603
f 3733/176/600 3735/285/602 3739/286/598 3737/177/596
f 3735/285/602 3736/88/603 3740/85/599 3739/286/598
f 3736/88/603 3734/88/601 3738/85/597 3740/85/599
f 3737/177/596 3739/286/598 3743/287/594 3741/185/592
f 3739/286/598 3740/85/599 3744/84/595 3743/287/594
f 3740/85/599 3738/85/597 3742/84/593 3744/84/595
f 3741/185/592 3743/287/594 3747/288/590 3745/192/588
f 3743/287/594 3744/84/595 3748/83/591 3747/288/590
f 3744/84/595 3742/84/593 3746/83/589 3748/83/591
f 3745/192/588 3747/288/590 3751/289/729 3749/170/584
f 3747/288/590 3748/83/591 3752/82/587 3751/289/729
f 3748/83/591 3746/83/589 3750/82/585 3752/82/587
f 3749/170/584 3751/289/729 3755/290/582 3753/171/580
f 3751/289/729 3752/82/587 3756/81/583 3755/290/582
f 3752/82/587 3750/82/585 3754/81/581 3756/81/583
f 3753/171/580 3755/290/582 3759/291/578 3757/182/728
f 3755/290/582 3756/81/583 3760/80/579 3759/291/578
f 3756/81/583 3754/81/581 3758/80/577 3760/80/579
f 3757/182/728 3759/291/578 3763/292/574 3761/189/572
f 3759/291/578 3760/80/579 3764/79/575 3763/292/574
f 3760/80/579 3758/80/577 3762/79/990 3764/79/575
f 3761/189/572 3763/292/574 3767/293/570 3765/195/568
f 3763/292/574 3764/79/575 3768/294/571 3767/293/570
f 3764/79/575 3762/79/990 3766/78/569 3768/294/571
f 3765/195/568 3767/293/570 3771/295/566 3769/178/564
f 3767/293/570 3768/294/571 3772/77/567 3771/295/566
f 3768/294/571 3766/78/569 3770/77/565 3772/77/567
f 3769/178/564 3771/295/566 3775/296/562 3773/179/560
f 3771/295/566 3772/77/567 3776/75/563 3775/296/562
f 3772/77/567 3770/77/565 3774/75/561 3776/75/563
f 3773/179/560 3775/296/562 3779/297/558 3777/186/556
f 3775/296/562 3776/75/563 3780/76/559 3779/297/558
f 3776/75/563 3774/75/561 3778/76/557 3780/76/559
f 3777/186/556 3779/297/558 3656/298/555 3654/196/553
f 3779/297/558 3780/76/559 3655/299/554 3656/298/555
f 3780/76/559 3778/76/557 3653/135/552 3655/299/554
f 3653/199/552 3237/199/226 3238/133/257 3658/133/677
f 3837/50/1 3889/50/1 3892/52/1 3841/52/1
f 3791/24/1 3030/24/1 3023/26/1 3795/26/1
f 3864/126/1 3912/126/1 3909/118/1 3860/118/1
f 3818/128/1 3873/128/1 3870/119/1 3815/119/1
f 2952/129/1 3093/129/1 3086/121/1 2959/121/1
f 3861/64/1 3910/64/1 3058/66/1 2989/66/1
f 3816/38/1 3871/38/1 3874/40/1 3819/40/1
f 2957/12/1 3089/12/1 3096/14/1 2950/14/1
f 3843/131/1 3894/131/1 3891/123/1 3840/123/1
f 3798/87/1 3019/87/1 3026/124/1 3794/124/1
f 3841/52/1 3892/52/1 3895/54/1 3844/54/1
f 3795/26/1 3023/26/1 3016/28/1 3799/28/1
f 2995/134/1 3054/134/1 3912/126/1 3864/126/1
f 3822/91/1 3876/91/1 3873/128/1 3818/128/1
f 2945/68/1 3100/68/1 3093/129/1 2952/129/1
f 3819/40/1 3874/40/1 3877/42/1 3823/42/1
f 2950/14/1 3096/14/1 3103/16/1 2943/16/1
f 3846/94/1 3897/94/1 3894/131/1 3843/131/1
f 3801/86/1 3012/86/1 3019/87/1 3798/87/1
f 3844/54/1 3895/54/1 3898/56/1 3847/56/1
f 3799/28/1 3016/28/1 3009/30/1 3802/30/1
f 2989/1/1 3058/1/1 3061/4/1 2987/4/1
f 3826/90/1 3879/90/1 3876/91/1 3822/91/1
f 2937/69/1 3107/69/1 3100/68/1 2945/68/1
f 3823/42/1 3877/42/1 3880/44/1 3827/44/1
f 2943/16/1 3103/16/1 3051/18/1 3781/18/1
f 3850/93/1 3900/93/1 3897/94/1 3846/94/1
f 3804/95/1 3005/95/1 3012/86/1 3801/86/1
f 2982/73/1 3065/73/1 3054/72/1 2995/72/1
f 3847/56/1 3898/56/1 3901/58/1 3851/58/1
f 3802/30/1 3009/30/1 3002/32/1 3805/32/1
f 2987/4/1 3061/4/1 3068/6/1 2980/6/1
f 3829/98/1 3882/98/1 3879/90/1 3826/90/1
f 3784/99/1 3047/99/1 3107/69/1 2937/69/1
f 3827/44/1 3880/44/1 3883/46/1 3830/46/1
f 3781/18/1 3051/18/1 3044/20/1 3785/20/1
f 3854/101/1 3903/101/1 3900/93/1 3850/93/1
f 3808/103/1 2998/103/1 3005/95/1 3804/95/1
f 2975/104/1 3072/104/1 3065/73/1 2982/73/1
f 3851/58/1 3901/58/1 3904/60/1 3855/60/1
f 3805/32/1 3002/32/1 3865/34/1 3809/34/1
f 2980/6/1 3068/6/1 3075/8/1 2973/8/1
f 3832/106/1 3885/106/1 3882/98/1 3829/98/1
f 3787/108/1 3040/108/1 3047/99/1 3784/99/1
f 3830/46/1 3883/46/1 3886/48/1 3833/48/1
f 3785/20/1 3044/20/1 3037/22/1 3788/22/1
f 3857/110/1 3906/110/1 3903/101/1 3854/101/1
f 3812/111/1 3867/111/1 2998/103/1 3808/103/1
f 2967/112/1 3079/112/1 3072/104/1 2975/104/1
f 3855/60/1 3904/60/1 3907/62/1 3858/62/1
f 3809/34/1 3865/34/1 3868/36/1 3813/36/1
f 2973/8/1 3075/8/1 3082/10/1 2965/10/1
f 3836/115/1 3888/115/1 3885/106/1 3832/106/1
f 3790/116/1 3033/116/1 3040/108/1 3787/108/1
f 3833/48/1 3886/48/1 3889/50/1 3837/50/1
f 3788/22/1 3037/22/1 3030/24/1 3791/24/1
f 3860/118/1 3909/118/1 3906/110/1 3857/110/1
f 3815/119/1 3870/119/1 3867/111/1 3812/111/1
f 2959/121/1 3086/121/1 3079/112/1 2967/112/1
f 3858/62/1 3907/62/1 3910/64/1 3861/64/1
f 3813/36/1 3868/36/1 3871/38/1 3816/38/1
f 2965/10/1 3082/10/1 3089/12/1 2957/12/1
f 3840/123/1 3891/123/1 3888/115/1 3836/115/1
f 3794/124/1 3026/124/1 3033/116/1 3790/116/1
f 3909/118/1 3957/118/1 3954/110/1 3906/110/1
f 3870/119/1 3918/119/1 3915/111/1 3867/111/1
f 3086/121/1 2984/121/1 3782/112/1 3079/112/1
f 3907/62/1 3955/62/1 3958/64/1 3910/64/1
f 3868/36/1 3916/36/1 3919/38/1 3871/38/1
f 3082/10/1 2993/10/1 2978/12/1 3089/12/1
f 3891/123/1 3939/123/1 3936/115/1 3888/115/1
f 3026/124/1 3835/124/1 3828/116/1 3033/116/1
f 3889/50/1 3937/50/1 3940/52/1 3892/52/1
f 3030/24/1 3831/24/1 3838/26/1 3023/26/1
f 3912/126/1 3960/126/1 3957/118/1 3909/118/1
f 3873/128/1 3921/128/1 3918/119/1 3870/119/1
f 3093/129/1 2969/129/1 2984/121/1 3086/121/1
f 3910/64/1 3958/64/1 3803/66/1 3058/66/1
f 3871/38/1 3919/38/1 3922/40/1 3874/40/1
f 3089/12/1 2978/12/1 2963/14/1 3096/14/1
f 3894/131/1 3942/131/1 3939/123/1 3891/123/1
f 3019/87/1 3842/87/1 3835/124/1 3026/124/1
f 3892/52/1 3940/52/1 3943/54/1 3895/54/1
f 3023/26/1 3838/26/1 3845/28/1 3016/28/1
f 3054/134/1 3807/134/1 3960/126/1 3912/126/1
f 3876/91/1 3924/91/1 3921/128/1 3873/128/1
f 3100/68/1 2954/68/1 2969/129/1 3093/129/1
f 3874/40/1 3922/40/1 3925/42/1 3877/42/1
f 3096/14/1 2963/14/1 2948/16/1 3103/16/1
f 3897/94/1 3945/94/1 3942/131/1 3894/131/1
f 3012/86/1 3849/86/1 3842/87/1 3019/87/1
f 3895/54/1 3943/54/1 3946/56/1 3898/56/1
f 3016/28/1 3845/28/1 3852/30/1 3009/30/1
f 3058/1/1 3803/1/1 3800/4/1 3061/4/1
f 3879/90/1 3927/90/1 3924/91/1 3876/91/1
f 3107/69/1 2939/69/1 2954/68/1 3100/68/1
f 3877/42/1 3925/42/1 3928/44/1 3880/44/1
f 3103/16/1 2948/16/1 3810/18/1 3051/18/1
f 3900/93/1 3948/93/1 3945/94/1 3897/94/1
f 3005/95/1 3856/95/1 3849/86/1 3012/86/1
f 3065/73/1 3796/73/1 3807/72/1 3054/72/1
f 3898/56/1 3946/56/1 3949/58/1 3901/58/1
f 3009/30/1 3852/30/1 3859/32/1 3002/32/1
f 3061/4/1 3800/4/1 3793/6/1 3068/6/1
f 3882/98/1 3930/98/1 3927/90/1 3879/90/1
f 3047/99/1 3814/99/1 2939/69/1 3107/69/1
f 3880/44/1 3928/44/1 3931/46/1 3883/46/1
f 3051/18/1 3810/18/1 3817/20/1 3044/20/1
f 3903/101/1 3951/101/1 3948/93/1 3900/93/1
f 2998/103/1 3863/103/1 3856/95/1 3005/95/1
f 3072/104/1 3789/104/1 3796/73/1 3065/73/1
f 3901/58/1 3949/58/1 3952/60/1 3904/60/1
f 3002/32/1 3859/32/1 3913/34/1 3865/34/1
f 3068/6/1 3793/6/1 3786/8/1 3075/8/1
f 3885/106/1 3933/106/1 3930/98/1 3882/98/1
f 3040/108/1 3821/108/1 3814/99/1 3047/99/1
f 3883/46/1 3931/46/1 3934/48/1 3886/48/1
f 3044/20/1 3817/20/1 3824/22/1 3037/22/1
f 3906/110/1 3954/110/1 3951/101/1 3903/101/1
f 3867/111/1 3915/111/1 3863/103/1 2998/103/1
f 3079/112/1 3782/112/1 3789/104/1 3072/104/1
f 3904/60/1 3952/60/1 3955/62/1 3907/62/1
f 3865/34/1 3913/34/1 3916/36/1 3868/36/1
f 3075/8/1 3786/8/1 2993/10/1 3082/10/1
f 3888/115/1 3936/115/1 3933/106/1 3885/106/1
f 3033/116/1 3828/116/1 3821/108/1 3040/108/1
f 3886/48/1 3934/48/1 3937/50/1 3889/50/1
f 3037/22/1 3824/22/1 3831/24/1 3030/24/1
f 3782/112/1 3887/112/1 3881/104/1 3789/104/1
f 3952/60/1 3987/60/1 3989/62/1 3955/62/1
f 3913/34/1 3961/34/1 3963/36/1 3916/36/1
f 3786/8/1 3884/8/1 3890/10/1 2993/10/1
f 3936/115/1 3976/115/1 3974/106/1 3933/106/1
f 3828/116/1 3069/116/1 3083/108/1 3821/108/1
f 3934/48/1 3975/48/1 3977/50/1 3937/50/1
f 3824/22/1 3078/22/1 3064/24/1 3831/24/1
f 3957/118/1 3990/118/1 3988/110/1 3954/110/1
f 3918/119/1 3964/119/1 3962/111/1 3915/111/1
f 2984/121/1 3893/121/1 3887/112/1 3782/112/1
f 3955/62/1 3989/62/1 3991/64/1 3958/64/1
f 3916/36/1 3963/36/1 3965/38/1 3919/38/1
f 2993/10/1 3890/10/1 3896/12/1 2978/12/1
f 3939/123/1 3978/123/1 3976/115/1 3936/115/1
f 3835/124/1 3055/124/1 3069/116/1 3828/116/1
f 3937/50/1 3977/50/1 3979/52/1 3940/52/1
f 3831/24/1 3064/24/1 3050/26/1 3838/26/1
f 3960/126/1 3992/126/1 3990/118/1 3957/118/1
f 3921/128/1 3966/128/1 3964/119/1 3918/119/1
f 2969/129/1 3899/129/1 3893/121/1 2984/121/1
f 3958/64/1 3991/64/1 3869/66/1 3803/66/1
f 3919/38/1 3965/38/1 3967/40/1 3922/40/1
f 2978/12/1 3896/12/1 3902/14/1 2963/14/1
f 3942/131/1 3980/131/1 3978/123/1 3939/123/1
f 3842/87/1 3041/87/1 3055/124/1 3835/124/1
f 3940/52/1 3979/52/1 3981/54/1 3943/54/1
f 3838/26/1 3050/26/1 3036/28/1 3845/28/1
f 3807/134/1 3866/134/1 3992/126/1 3960/126/1
f 3924/91/1 3968/91/1 3966/128/1 3921/128/1
f 2954/68/1 3905/68/1 3899/129/1 2969/129/1
f 3922/40/1 3967/40/1 3969/42/1 3925/42/1
f 2963/14/1 3902/14/1 3908/16/1 2948/16/1
f 3945/94/1 3982/94/1 3980/131/1 3942/131/1
f 3849/86/1 3027/86/1 3041/87/1 3842/87/1
f 3943/54/1 3981/54/1 3983/56/1 3946/56/1
f 3845/28/1 3036/28/1 3022/30/1 3852/30/1
f 3803/1/1 3869/1/1 3872/4/1 3800/4/1
f 3927/90/1 3970/90/1 3968/91/1 3924/91/1
f 2939/69/1 3911/69/1 3905/68/1 2954/68/1
f 3925/42/1 3969/42/1 3971/44/1 3928/44/1
f 2948/16/1 3908/16/1 3106/18/1 3810/18/1
f 3948/93/1 3984/93/1 3982/94/1 3945/94/1
f 3856/95/1 3013/95/1 3027/86/1 3849/86/1
f 3796/73/1 3875/73/1 3866/72/1 3807/72/1
f 3946/56/1 3983/56/1 3985/58/1 3949/58/1
f 3852/30/1 3022/30/1 3008/32/1 3859/32/1
f 3800/4/1 3872/4/1 3878/6/1 3793/6/1
f 3930/98/1 3972/98/1 3970/90/1 3927/90/1
f 3814/99/1 3097/99/1 3911/69/1 2939/69/1
f 3928/44/1 3971/44/1 3973/46/1 3931/46/1
f 3810/18/1 3106/18/1 3092/20/1 3817/20/1
f 3951/101/1 3986/101/1 3984/93/1 3948/93/1
f 3863/103/1 2999/103/1 3013/95/1 3856/95/1
f 3789/104/1 3881/104/1 3875/73/1 3796/73/1
f 3949/58/1 3985/58/1 3987/60/1 3952/60/1
f 3859/32/1 3008/32/1 3961/34/1 3913/34/1
f 3793/6/1 3878/6/1 3884/8/1 3786/8/1
f 3933/106/1 3974/106/1 3972/98/1 3930/98/1
f 3821/108/1 3083/108/1 3097/99/1 3814/99/1
f 3931/46/1 3973/46/1 3975/48/1 3934/48/1
f 3817/20/1 3092/20/1 3078/22/1 3824/22/1
f 3954/110/1 3988/110/1 3986/101/1 3951/101/1
f 3915/111/1 3962/111/1 2999/103/1 3863/103/1
f 3878/6/1 3834/6/1 3820/8/1 3884/8/1
f 3974/106/1 4006/106/1 4004/98/1 3972/98/1
f 3083/108/1 3923/108/1 3917/99/1 3097/99/1
f 3973/46/1 4005/46/1 4007/48/1 3975/48/1
f 3092/20/1 3920/20/1 3926/22/1 3078/22/1
f 3988/110/1 4020/110/1 4018/101/1 3986/101/1
f 3962/111/1 3994/111/1 3959/103/1 2999/103/1
f 3887/112/1 3811/112/1 3825/104/1 3881/104/1
f 3987/60/1 4019/60/1 4021/62/1 3989/62/1
f 3961/34/1 3993/34/1 3995/36/1 3963/36/1
f 3884/8/1 3820/8/1 3806/10/1 3890/10/1
f 3976/115/1 4008/115/1 4006/106/1 3974/106/1
f 3069/116/1 3929/116/1 3923/108/1 3083/108/1
f 3975/48/1 4007/48/1 4009/50/1 3977/50/1
f 3078/22/1 3926/22/1 3932/24/1 3064/24/1
f 3990/118/1 4022/118/1 4020/110/1 3988/110/1
f 3964/119/1 3996/119/1 3994/111/1 3962/111/1
f 3893/121/1 3797/121/1 3811/112/1 3887/112/1
f 3989/62/1 4021/62/1 4023/64/1 3991/64/1
f 3963/36/1 3995/36/1 3997/38/1 3965/38/1
f 3890/10/1 3806/10/1 3792/12/1 3896/12/1
f 3978/123/1 4010/123/1 4008/115/1 3976/115/1
f 3055/124/1 3935/124/1 3929/116/1 3069/116/1
f 3977/50/1 4009/50/1 4011/52/1 3979/52/1
f 3064/24/1 3932/24/1 3938/26/1 3050/26/1
f 3992/126/1 4024/126/1 4022/118/1 3990/118/1
f 3966/128/1 3998/128/1 3996/119/1 3964/119/1
f 3899/129/1 3783/129/1 3797/121/1 3893/121/1
f 3991/64/1 4023/64/1 3853/66/1 3869/66/1
f 3965/38/1 3997/38/1 3999/40/1 3967/40/1
f 3896/12/1 3792/12/1 2991/14/1 3902/14/1
f 3980/131/1 4012/131/1 4010/123/1 3978/123/1
f 3041/87/1 3941/87/1 3935/124/1 3055/124/1
f 3979/52/1 4011/52/1 4013/54/1 3981/54/1
f 3050/26/1 3938/26/1 3944/28/1 3036/28/1
f 3866/134/1 3862/134/1 4024/126/1 3992/126/1
f 3968/91/1 4000/91/1 3998/128/1 3966/128/1
f 3905/68/1 2971/68/1 3783/129/1 3899/129/1
f 3967/40/1 3999/40/1 4001/42/1 3969/42/1
f 3902/14/1 2991/14/1 2961/16/1 3908/16/1
f 3982/94/1 4014/94/1 4012/131/1 3980/131/1
f 3027/86/1 3947/86/1 3941/87/1 3041/87/1
f 3981/54/1 4013/54/1 4015/56/1 3983/56/1
f 3036/28/1 3944/28/1 3950/30/1 3022/30/1
f 3869/1/1 3853/1/1 3848/4/1 3872/4/1
f 3970/90/1 4002/90/1 4000/91/1 3968/91/1
f 3911/69/1 2941/69/1 2971/68/1 3905/68/1
f 3969/42/1 4001/42/1 4003/44/1 3971/44/1
f 3908/16/1 2961/16/1 3914/18/1 3106/18/1
f 3984/93/1 4016/93/1 4014/94/1 3982/94/1
f 3013/95/1 3953/95/1 3947/86/1 3027/86/1
f 3875/73/1 3839/73/1 3862/72/1 3866/72/1
f 3983/56/1 4015/56/1 4017/58/1 3985/58/1
f 3022/30/1 3950/30/1 3956/32/1 3008/32/1
f 3872/4/1 3848/4/1 3834/6/1 3878/6/1
f 3972/98/1 4004/98/1 4002/90/1 3970/90/1
f 3097/99/1 3917/99/1 2941/69/1 3911/69/1
f 3971/44/1 4003/44/1 4005/46/1 3973/46/1
f 3106/18/1 3914/18/1 3920/20/1 3092/20/1
f 3986/101/1 4018/101/1 4016/93/1 3984/93/1
f 2999/103/1 3959/103/1 3953/95/1 3013/95/1
f 3881/104/1 3825/104/1 3839/73/1 3875/73/1
f 3985/58/1 4017/58/1 4019/60/1 3987/60/1
f 3008/32/1 3956/32/1 3993/34/1 3961/34/1
f 4006/106/1 4116/106/55 4112/98/57 4004/98/1
f 3923/108/1 4064/108/81 4060/99/83 3917/99/1
f 4005/46/1 4113/46/55 4117/48/53 4007/48/1
f 3920/20/1 4061/20/81 4065/22/79 3926/22/1
f 4020/110/1 4144/110/41 4140/101/390 4018/101/1
f 3994/111/1 4092/111/67 4088/103/69 3959/103/1
f 3811/112/1 4041/300/93 4045/104/95 3825/104/1
f 4019/60/1 4141/60/41 4145/62/39 4021/62/1
f 3993/34/1 4089/34/67 4093/36/65 3995/36/1
f 3820/8/1 4044/8/93 4040/10/323 3806/10/1
f 4008/115/1 4120/115/53 4116/106/55 4006/106/1
f 3929/116/1 4068/116/79 4064/108/81 3923/108/1
f 4007/48/1 4117/48/53 4121/50/51 4009/50/1
f 3926/22/1 4065/22/79 4069/24/77 3932/24/1
f 4022/118/1 4148/118/39 4144/110/41 4020/110/1
f 3996/119/1 4096/119/65 4092/111/67 3994/111/1
f 3797/121/1 4037/121/323 4041/300/93 3811/112/1
f 4021/62/1 4145/62/39 4149/64/37 4023/64/1
f 3995/36/1 4093/36/65 4097/38/63 3997/38/1
f 3806/10/1 4040/10/323 4036/12/89 3792/12/1
f 4010/123/1 4124/123/51 4120/115/53 4008/115/1
f 3935/124/1 4072/124/77 4068/116/79 3929/116/1
f 4009/50/1 4121/50/51 4125/52/49 4011/52/1
f 3932/24/1 4069/24/77 4073/26/75 3938/26/1
f 4024/126/1 4152/126/37 4148/118/39 4022/118/1
f 3998/128/1 4100/128/63 4096/119/65 3996/119/1
f 3783/129/1 4033/129/89 4037/121/323 3797/121/1
f 4023/64/1 4149/64/37 4053/66/34 3853/66/1
f 3997/38/1 4097/38/63 4101/40/61 3999/40/1
f 3792/12/1 4036/12/89 4032/14/87 2991/14/1
f 4012/131/1 4128/131/49 4124/123/51 4010/123/1
f 3941/87/1 4076/87/75 4072/124/77 3935/124/1
f 4011/52/1 4125/52/49 4129/54/47 4013/54/1
f 3938/26/1 4073/26/75 4077/28/73 3944/28/1
f 3862/134/1 4056/134/34 4152/126/37 4024/126/1
f 4000/91/1 4104/91/61 4100/128/63 3998/128/1
f 2971/68/1 4029/68/87 4033/129/89 3783/129/1
f 3999/40/1 4101/40/61 4105/42/59 4001/42/1
f 2991/14/1 4032/14/87 4028/16/85 2961/16/1
f 4014/94/1 4132/94/47 4128/131/49 4012/131/1
f 3947/86/1 4080/86/73 4076/87/75 3941/87/1
f 4013/54/1 4129/54/47 4133/56/391 4015/56/1
f 3944/28/1 4077/28/73 4081/30/71 3950/30/1
f 3853/1/1 4053/1/34 4052/4/97 3848/4/1
f 4002/90/1 4108/90/59 4104/91/61 4000/91/1
f 2941/69/1 4025/69/85 4029/68/87 2971/68/1
f 4001/42/1 4105/42/59 4109/44/57 4003/44/1
f 2961/16/1 4028/16/85 4057/18/83 3914/18/1
f 4016/93/1 4136/93/391 4132/94/47 4014/94/1
f 3953/95/1 4084/95/71 4080/86/73 3947/86/1
f 3839/73/1 4049/73/97 4056/72/34 3862/72/1
f 4015/56/1 4133/56/391 4137/58/43 4017/58/1
f 3950/30/1 4081/30/71 4085/32/69 3956/32/1
f 3848/4/1 4052/4/97 4048/6/95 3834/6/1
f 4004/98/1 4112/98/57 4108/90/59 4002/90/1
f 3917/99/1 4060/99/83 4025/69/85 2941/69/1
f 4003/44/1 4109/44/57 4113/46/55 4005/46/1
f 3914/18/1 4057/18/83 4061/20/81 3920/20/1
f 4018/101/1 4140/101/390 4136/93/391 4016/93/1
f 3959/103/1 4088/103/69 4084/95/71 3953/95/1
f 3825/104/1 4045/104/95 4049/73/97 3839/73/1
f 4017/58/1 4137/58/43 4141/60/41 4019/60/1
f 3956/32/1 4085/32/69 4089/34/67 3993/34/1
f 3834/6/1 4048/6/95 4044/8/93 3820/8/1
f 4152/126/37 4056/134/34 4055/302/687 4151/301/686
f 4151/301/686 4055/302/687 4054/304/687 4150/303/686
f 4150/303/686 4054/304/687 4053/66/34 4149/64/37
f 4148/118/39 4152/126/37 4151/301/686 4147/305/685
f 4147/305/685 4151/301/686 4150/303/686 4146/306/685
f 4146/306/685 4150/303/686 4149/64/37 4145/62/39
f 4144/110/41 4148/118/39 4147/305/685 4143/307/684
f 4143/307/684 4147/305/685 4146/306/685 4142/308/684
f 4142/308/684 4146/306/685 4145/62/39 4141/60/41
f 4140/101/390 4144/110/41 4143/307/684 4139/309/683
f 4139/309/683 4143/307/684 4142/308/684 4138/310/683
f 4138/310/683 4142/308/684 4141/60/41 4137/58/43
f 4136/93/391 4140/101/390 4139/309/683 4135/311/682
f 4135/311/682 4139/309/683 4138/310/683 4134/312/682
f 4134/312/682 4138/310/683 4137/58/43 4133/56/391
f 4132/94/47 4136/93/391 4135/311/682 4131/313/681
f 4131/313/681 4135/311/682 4134/312/682 4130/314/681
f 4130/314/681 4134/312/682 4133/56/391 4129/54/47
f 4128/131/49 4132/94/47 4131/313/681 4127/315/680
f 4127/315/680 4131/313/681 4130/314/681 4126/316/680
f 4126/316/680 4130/314/681 4129/54/47 4125/52/49
f 4124/123/51 4128/131/49 4127/315/680 4123/317/688
f 4123/317/688 4127/315/680 4126/316/680 4122/318/688
f 4122/318/688 4126/316/680 4125/52/49 4121/50/51
f 4120/115/53 4124/123/51 4123/317/688 4119/319/689
f 4119/319/689 4123/317/688 4122/318/688 4118/320/689
f 4118/320/689 4122/318/688 4121/50/51 4117/48/53
f 4116/106/55 4120/115/53 4119/319/689 4115/321/690
f 4115/321/690 4119/319/689 4118/320/689 4114/322/690
f 4114/322/690 4118/320/689 4117/48/53 4113/46/55
f 4112/98/57 4116/106/55 4115/321/690 4111/323/691
f 4111/323/691 4115/321/690 4114/322/690 4110/324/691
f 4110/324/691 4114/322/690 4113/46/55 4109/44/57
f 4108/90/59 4112/98/57 4111/323/691 4107/325/692
f 4107/325/692 4111/323/691 4110/324/691 4106/326/692
f 4106/326/692 4110/324/691 4109/44/57 4105/42/59
f 4104/91/61 4108/90/59 4107/325/692 4103/327/693
f 4103/327/693 4107/325/692 4106/326/692 4102/328/693
f 4102/328/693 4106/326/692 4105/42/59 4101/40/61
f 4100/128/63 4104/91/61 4103/327/693 4099/329/694
f 4099/329/694 4103/327/693 4102/328/693 4098/330/694
f 4098/330/694 4102/328/693 4101/40/61 4097/38/63
f 4096/119/65 4100/128/63 4099/329/694 4095/331/695
f 4095/331/695 4099/329/694 4098/330/694 4094/332/695
f 4094/332/695 4098/330/694 4097/38/63 4093/36/65
f 4092/111/67 4096/119/65 4095/331/695 4091/333/696
f 4091/333/696 4095/331/695 4094/332/695 4090/334/696
f 4090/334/696 4094/332/695 4093/36/65 4089/34/67
f 4088/103/69 4092/111/67 4091/333/696 4087/335/697
f 4087/335/697 4091/333/696 4090/334/696 4086/336/697
f 4086/336/697 4090/334/696 4089/34/67 4085/32/69
f 4084/95/71 4088/103/69 4087/335/697 4083/337/698
f 4083/337/698 4087/335/697 4086/336/697 4082/338/698
f 4082/338/698 4086/336/697 4085/32/69 4081/30/71
f 4080/86/73 4084/95/71 4083/337/698 4079/339/699
f 4079/339/699 4083/337/698 4082/338/698 4078/340/699
f 4078/340/699 4082/338/698 4081/30/71 4077/28/73
f 4076/87/75 4080/86/73 4079/339/699 4075/341/700
f 4075/341/700 4079/339/699 4078/340/699 4074/342/700
f 4074/342/700 4078/340/699 4077/28/73 4073/26/75
f 4072/124/77 4076/87/75 4075/341/700 4071/343/701
f 4071/343/701 4075/341/700 4074/342/700 4070/344/701
f 4070/344/701 4074/342/700 4073/26/75 4069/24/77
f 4068/116/79 4072/124/77 4071/343/701 4067/345/702
f 4067/345/702 4071/343/701 4070/344/701 4066/346/702
f 4066/346/702 4070/344/701 4069/24/77 4065/22/79
f 4064/108/81 4068/116/79 4067/345/702 4063/347/703
f 4063/347/703 4067/345/702 4066/346/702 4062/348/703
f 4062/348/703 4066/346/702 4065/22/79 4061/20/81
f 4060/99/83 4064/108/81 4063/347/703 4059/349/704
f 4059/349/704 4063/347/703 4062/348/703 4058/350/704
f 4058/350/704 4062/348/703 4061/20/81 4057/18/83
f 4025/69/85 4060/99/83 4059/349/704 4026/351/705
f 4026/351/705 4059/349/704 4058/350/704 4027/352/705
f 4027/352/705 4058/350/704 4057/18/83 4028/16/85
f 4029/68/87 4025/69/85 4026/351/705 4030/353/706
f 4030/353/706 4026/351/705 4027/352/705 4031/354/706
f 4031/354/706 4027/352/705 4028/16/85 4032/14/87
f 4033/129/89 4029/68/87 4030/353/706 4034/355/707
f 4034/355/707 4030/353/706 4031/354/706 4035/356/707
f 4035/356/707 4031/354/706 4032/14/87 4036/12/89
f 4037/121/323 4033/129/89 4034/355/707 4038/357/708
f 4038/357/708 4034/355/707 4035/356/707 4039/358/708
f 4039/358/708 4035/356/707 4036/12/89 4040/10/323
f 4041/300/93 4037/121/323 4038/357/708 4042/359/709
f 4042/359/709 4038/357/708 4039/358/708 4043/360/709
f 4043/360/709 4039/358/708 4040/10/323 4044/8/93
f 4045/104/95 4041/300/93 4042/359/709 4046/361/710
f 4046/361/710 4042/359/709 4043/360/709 4047/362/710
f 4047/362/710 4043/360/709 4044/8/93 4048/6/95
f 4049/73/97 4045/104/95 4046/361/710 4050/363/711
f 4050/363/711 4046/361/710 4047/362/710 4051/364/711
f 4051/364/711 4047/362/710 4048/6/95 4052/4/97
f 4056/72/34 4049/73/97 4050/363/711 4055/365/687
f 4055/365/687 4050/363/711 4051/364/711 4054/366/687
f 4054/366/687 4051/364/711 4052/4/97 4053/1/34
f 4216/1/35 4217/4/96 4156/3/33 4154/2/2
f 4217/4/96 4220/6/991 4158/5/32 4156/3/33
f 4220/6/991 4223/8/92 4160/7/31 4158/5/32
f 4223/8/92 4227/10/90 4162/9/30 4160/7/31
f 4227/10/90 4231/12/88 4163/11/29 4162/9/30
f 4231/12/88 4234/14/86 4165/13/28 4163/11/29
f 4234/14/86 4237/16/84 4167/15/27 4165/13/28
f 4237/16/84 4241/18/82 4169/17/26 4167/15/27
f 4241/18/82 4245/20/80 4171/19/25 4169/17/26
f 4245/20/80 4248/22/78 4172/21/24 4171/19/25
f 4248/22/78 4251/24/76 4174/23/23 4172/21/24
f 4251/24/76 4255/26/74 4176/25/22 4174/23/23
f 4255/26/74 4259/28/72 4178/27/21 4176/25/22
f 4259/28/72 4262/30/70 4180/29/20 4178/27/21
f 4262/30/70 4265/32/68 4182/31/19 4180/29/20
f 4265/32/68 4269/34/66 4184/33/18 4182/31/19
f 4269/34/66 4273/36/64 4186/35/17 4184/33/18
f 4273/36/64 4276/38/62 4188/37/16 4186/35/17
f 4276/38/62 4279/40/60 4190/39/15 4188/37/16
f 4279/40/60 4283/42/58 4192/41/14 4190/39/15
f 4283/42/58 4287/44/56 4193/43/13 4192/41/14
f 4287/44/56 4290/46/54 4195/45/12 4193/43/13
f 4290/46/54 4293/48/52 4197/47/11 4195/45/12
f 4293/48/52 4297/50/50 4199/49/10 4197/47/11
f 4297/50/50 4301/52/48 4201/51/9 4199/49/10
f 4301/52/48 4304/54/46 4202/53/8 4201/51/9
f 4304/54/46 4307/56/44 4204/55/7 4202/53/8
f 4307/56/44 4311/58/42 4206/57/6 4204/55/7
f 4311/58/42 4315/60/40 4208/59/5 4206/57/6
f 4315/60/40 4318/62/712 4210/61/4 4208/59/5
f 4162/9/30 4329/9/126 4328/7/127 4160/7/31
f 4318/62/712 4321/64/36 4212/63/3 4210/61/4
f 4321/64/36 4216/66/35 4154/65/2 4212/63/3
f 4893/67/656 4897/70/652 4240/69/85 4236/68/87
f 4870/71/553 4873/74/676 4219/73/97 4213/72/34
f 4990/75/561 4483/75/228 4484/76/227 4994/76/557
f 4986/77/565 4482/77/229 4483/75/228 4990/75/561
f 4982/78/569 4481/78/230 4482/77/229 4986/77/565
f 4978/79/573 4480/79/231 4481/78/230 4982/78/569
f 4974/80/577 4479/80/232 4480/79/231 4978/79/573
f 4970/81/581 4478/81/233 4479/80/232 4974/80/577
f 4966/82/585 4477/82/234 4478/81/233 4970/81/581
f 4962/83/589 4476/83/235 4477/82/234 4966/82/585
f 4958/84/593 4475/84/236 4476/83/235 4962/83/589
f 4954/85/597 4474/85/237 4475/84/236 4958/84/593
f 4261/86/73 5017/86/1 5014/87/1 4258/87/75
f 4950/88/601 4473/88/238 4474/85/237 4954/85/597
f 4304/54/46 5060/54/1 5063/56/1 4307/56/44
f 4259/28/72 5015/28/1 5018/30/1 4262/30/70
f 4216/1/35 4205/1/1 4203/4/1 4217/4/96
f 4946/89/605 4472/89/239 4473/88/238 4950/88/601
f 4286/90/59 5042/90/1 5038/91/1 4282/91/61
f 4240/69/85 4153/69/1 4161/68/1 4236/68/87
f 4283/42/58 5039/42/1 5043/44/1 4287/44/56
f 4942/92/609 4471/92/994 4472/89/239 4946/89/605
f 4237/16/84 4159/16/1 4997/18/1 4241/18/82
f 4310/93/45 5066/93/1 5062/94/1 4306/94/47
f 4264/95/71 5020/95/1 5017/86/1 4261/86/73
f 4938/96/613 4470/96/241 4471/92/994 4942/92/609
f 4219/73/97 4198/73/1 4211/72/1 4213/72/34
f 4307/56/44 5063/56/1 5067/58/1 4311/58/42
f 4262/30/70 5018/30/1 5021/32/1 4265/32/68
f 4934/97/617 4469/97/242 4470/96/241 4938/96/613
f 4217/4/96 4203/4/1 4196/6/1 4220/6/991
f 4289/98/57 5045/98/1 5042/90/1 4286/90/59
f 4244/99/83 5000/99/1 4153/69/1 4240/69/85
f 4930/100/621 4468/100/243 4469/97/242 4934/97/617
f 4287/44/56 5043/44/1 5046/46/1 4290/46/54
f 4241/18/82 4997/18/1 5001/20/1 4245/20/80
f 4314/101/43 5070/101/1 5066/93/1 4310/93/45
f 4926/102/625 4467/102/993 4468/100/243 4930/100/621
f 4268/103/69 5024/103/1 5020/95/1 4264/95/71
f 4222/104/95 4191/104/1 4198/73/1 4219/73/97
f 4311/58/42 5067/58/1 5071/60/1 4315/60/40
f 4922/105/629 4466/105/245 4467/102/993 4926/102/625
f 4265/32/68 5021/32/1 5025/34/1 4269/34/66
f 4220/6/991 4196/6/1 4189/8/1 4223/8/92
f 4292/106/55 5048/106/1 5045/98/1 4289/98/57
f 4918/107/633 4465/107/246 4466/105/245 4922/105/629
f 4247/108/81 5003/108/1 5000/99/1 4244/99/83
f 4290/46/54 5046/46/1 5049/48/1 4293/48/52
f 4245/20/80 5001/20/1 5004/22/1 4248/22/78
f 4914/109/637 4464/109/247 4465/107/246 4918/107/633
f 4317/110/41 5073/110/1 5070/101/1 4314/101/43
f 4272/111/67 5028/111/1 5024/103/1 4268/103/69
f 4226/112/93 4183/112/1 4191/104/1 4222/104/95
f 4910/113/641 4463/113/248 4464/109/247 4914/109/637
f 4315/60/40 5071/60/1 5074/62/1 4318/62/712
f 4269/34/66 5025/34/1 5029/36/1 4273/36/64
f 4223/8/92 4189/8/1 4181/10/1 4227/10/90
f 4906/114/645 4462/114/249 4463/113/248 4910/113/641
f 4296/115/53 5052/115/1 5048/106/1 4292/106/55
f 4250/116/79 5006/116/1 5003/108/1 4247/108/81
f 4293/48/52 5049/48/1 5053/50/1 4297/50/50
f 4902/117/649 4461/117/992 4462/114/249 4906/114/645
f 4248/22/78 5004/22/1 5007/24/1 4251/24/76
f 4320/118/39 5076/118/1 5073/110/1 4317/110/41
f 4275/119/65 5031/119/1 5028/111/1 4272/111/67
f 4898/120/653 4460/120/251 4461/117/992 4902/117/649
f 4230/121/91 4175/121/1 4183/112/1 4226/112/93
f 4318/62/712 5074/62/1 5077/64/1 4321/64/36
f 4273/36/64 5029/36/1 5032/38/1 4276/38/62
f 4894/122/657 4459/122/252 4460/120/251 4898/120/653
f 4227/10/90 4181/10/1 4173/12/1 4231/12/88
f 4300/123/51 5056/123/1 5052/115/1 4296/115/53
f 4254/124/77 5010/124/1 5006/116/1 4250/116/79
f 4890/125/730 4458/125/253 4459/122/252 4894/122/657
f 4297/50/50 5053/50/1 5057/52/1 4301/52/48
f 4251/24/76 5007/24/1 5011/26/1 4255/26/74
f 4324/126/37 5080/126/1 5076/118/1 4320/118/39
f 4886/127/665 4457/127/254 4458/125/253 4890/125/730
f 4278/128/63 5034/128/1 5031/119/1 4275/119/65
f 4233/129/89 4168/129/1 4175/121/1 4230/121/91
f 4321/64/36 5077/64/1 4205/66/1 4216/66/35
f 4882/130/669 4456/130/255 4457/127/254 4886/127/665
f 4276/38/62 5032/38/1 5035/40/1 4279/40/60
f 4231/12/88 4173/12/1 4166/14/1 4234/14/86
f 4303/131/49 5059/131/1 5056/123/1 4300/123/51
f 4878/132/673 4455/132/256 4456/130/255 4882/130/669
f 4258/87/75 5014/87/1 5010/124/1 4254/124/77
f 4301/52/48 5057/52/1 5060/54/1 4304/54/46
f 4255/26/74 5011/26/1 5015/28/1 4259/28/72
f 4874/133/677 4454/133/257 4455/132/256 4878/132/673
f 4213/134/34 4211/134/1 5080/126/1 4324/126/37
f 4282/91/61 5038/91/1 5034/128/1 4278/128/63
f 4236/68/87 4161/68/1 4168/129/1 4233/129/89
f 4994/76/557 4484/76/227 4453/135/226 4869/135/552
f 4279/40/60 5035/40/1 5039/42/1 4283/42/58
f 4234/14/86 4166/14/1 4159/16/1 4237/16/84
f 4306/94/47 5062/94/1 5059/131/1 4303/131/49
f 4333/17/122 4365/17/154 4364/15/155 4332/15/123
f 4178/27/21 4338/27/117 4337/25/118 4176/25/22
f 4195/45/12 4347/45/108 4346/43/109 4193/43/13
f 4212/63/3 4356/63/99 4355/61/100 4210/61/4
f 4171/19/25 4334/19/121 4333/17/122 4169/17/26
f 4188/37/16 4343/37/112 4342/35/113 4186/35/17
f 4204/55/7 4352/55/103 4351/53/104 4202/53/8
f 4163/11/29 4330/11/125 4329/9/126 4162/9/30
f 4180/29/20 4339/29/116 4338/27/117 4178/27/21
f 4197/47/11 4348/47/107 4347/45/108 4195/45/12
f 4156/3/33 4326/3/129 4325/2/98 4154/2/2
f 4154/65/2 4325/65/98 4356/63/99 4212/63/3
f 4172/21/24 4335/21/120 4334/19/121 4171/19/25
f 4190/39/15 4344/39/111 4343/37/112 4188/37/16
f 4206/57/6 4353/57/102 4352/55/103 4204/55/7
f 4165/13/28 4331/13/124 4330/11/125 4163/11/29
f 4182/31/19 4340/31/115 4339/29/116 4180/29/20
f 4199/49/10 4349/49/106 4348/47/107 4197/47/11
f 4158/5/32 4327/5/128 4326/3/129 4156/3/33
f 4174/23/23 4336/23/119 4335/21/120 4172/21/24
f 4192/41/14 4345/41/110 4344/39/111 4190/39/15
f 4208/59/5 4354/59/101 4353/57/102 4206/57/6
f 4167/15/27 4332/15/123 4331/13/124 4165/13/28
f 4184/33/18 4341/33/114 4340/31/115 4182/31/19
f 4201/51/9 4350/51/105 4349/49/106 4199/49/10
f 4160/7/31 4328/7/127 4327/5/128 4158/5/32
f 4176/25/22 4337/25/118 4336/23/119 4174/23/23
f 4193/43/13 4346/43/109 4345/41/110 4192/41/14
f 4210/61/4 4355/61/100 4354/59/101 4208/59/5
f 4169/17/26 4333/17/122 4332/15/123 4167/15/27
f 4186/35/17 4342/35/113 4341/33/114 4184/33/18
f 4202/53/8 4351/53/104 4350/51/105 4201/51/9
f 4368/23/151 4400/23/183 4399/21/184 4367/21/152
f 4347/45/108 4379/45/140 4378/43/141 4346/43/109
f 4334/19/121 4366/19/153 4365/17/154 4333/17/122
f 4348/47/107 4380/47/139 4379/45/140 4347/45/108
f 4335/21/120 4367/21/152 4366/19/153 4334/19/121
f 4349/49/106 4381/49/138 4380/47/139 4348/47/107
f 4336/23/119 4368/23/151 4367/21/152 4335/21/120
f 4350/51/105 4382/51/137 4381/49/138 4349/49/106
f 4337/25/118 4369/25/150 4368/23/151 4336/23/119
f 4351/53/104 4383/53/136 4382/51/137 4350/51/105
f 4338/27/117 4370/27/149 4369/25/150 4337/25/118
f 4352/55/103 4384/55/135 4383/53/136 4351/53/104
f 4339/29/116 4371/29/148 4370/27/149 4338/27/117
f 4326/3/129 4358/3/161 4357/2/130 4325/2/98
f 4353/57/102 4385/57/134 4384/55/135 4352/55/103
f 4340/31/115 4372/31/147 4371/29/148 4339/29/116
f 4327/5/128 4359/5/160 4358/3/161 4326/3/129
f 4354/59/101 4386/59/133 4385/57/134 4353/57/102
f 4341/33/114 4373/33/146 4372/31/147 4340/31/115
f 4328/7/127 4360/7/159 4359/5/160 4327/5/128
f 4355/61/100 4387/61/132 4386/59/133 4354/59/101
f 4342/35/113 4374/35/145 4373/33/146 4341/33/114
f 4329/9/126 4361/9/158 4360/7/159 4328/7/127
f 4356/63/99 4388/63/131 4387/61/132 4355/61/100
f 4343/37/112 4375/37/144 4374/35/145 4342/35/113
f 4330/11/125 4362/11/157 4361/9/158 4329/9/126
f 4325/65/98 4357/65/130 4388/63/131 4356/63/99
f 4344/39/111 4376/39/143 4375/37/144 4343/37/112
f 4331/13/124 4363/13/156 4362/11/157 4330/11/125
f 4345/41/110 4377/41/142 4376/39/143 4344/39/111
f 4332/15/123 4364/15/155 4363/13/156 4331/13/124
f 4346/43/109 4378/43/141 4377/41/142 4345/41/110
f 4403/29/180 4435/29/212 4434/27/213 4402/27/181
f 4382/51/137 4414/51/169 4413/49/170 4381/49/138
f 4369/25/150 4401/25/182 4400/23/183 4368/23/151
f 4383/53/136 4415/53/168 4414/51/169 4382/51/137
f 4370/27/149 4402/27/181 4401/25/182 4369/25/150
f 4384/55/135 4416/55/167 4415/53/168 4383/53/136
f 4371/29/148 4403/29/180 4402/27/181 4370/27/149
f 4358/3/161 4390/3/193 4389/2/162 4357/2/130
f 4385/57/134 4417/57/166 4416/55/167 4384/55/135
f 4372/31/147 4404/31/179 4403/29/180 4371/29/148
f 4359/5/160 4391/5/192 4390/3/193 4358/3/161
f 4386/59/133 4418/59/165 4417/57/166 4385/57/134
f 4373/33/146 4405/33/178 4404/31/179 4372/31/147
f 4360/7/159 4392/7/191 4391/5/192 4359/5/160
f 4387/61/132 4419/61/164 4418/59/165 4386/59/133
f 4374/35/145 4406/35/177 4405/33/178 4373/33/146
f 4361/9/158 4393/9/190 4392/7/191 4360/7/159
f 4388/63/131 4420/63/163 4419/61/164 4387/61/132
f 4375/37/144 4407/37/176 4406/35/177 4374/35/145
f 4362/11/157 4394/11/189 4393/9/190 4361/9/158
f 4357/65/130 4389/65/162 4420/63/163 4388/63/131
f 4376/39/143 4408/39/175 4407/37/176 4375/37/144
f 4363/13/156 4395/13/188 4394/11/189 4362/11/157
f 4377/41/142 4409/41/174 4408/39/175 4376/39/143
f 4364/15/155 4396/15/187 4395/13/188 4363/13/156
f 4378/43/141 4410/43/173 4409/41/174 4377/41/142
f 4365/17/154 4397/17/186 4396/15/187 4364/15/155
f 4379/45/140 4411/45/172 4410/43/173 4378/43/141
f 4366/19/153 4398/19/185 4397/17/186 4365/17/154
f 4380/47/139 4412/47/171 4411/45/172 4379/45/140
f 4367/21/152 4399/21/184 4398/19/185 4366/19/153
f 4381/49/138 4413/49/170 4412/47/171 4380/47/139
f 4422/136/225 4423/167/224 4424/166/223 4425/165/222 4426/164/221 4427/163/220 4428/162/219 4429/161/218 4430/160/217 4431/159/216 4432/158/215 4433/157/214 4434/156/213 4435/155/212 4436/154/211 4437/153/210 4438/152/209 4439/151/208 4440/150/207 4441/149/206 4442/148/205 4443/147/204 4444/146/203 4445/145/202 4446/144/201 4447/143/200 4448/142/199 4449/141/198 4450/140/197 4451/139/196 4452/138/195 4421/137/194
f 4390/3/193 4422/3/225 4421/2/194 4389/2/162
f 4417/57/166 4449/57/198 4448/55/199 4416/55/167
f 4404/31/179 4436/31/211 4435/29/212 4403/29/180
f 4391/5/192 4423/5/224 4422/3/225 4390/3/193
f 4418/59/165 4450/59/197 4449/57/198 4417/57/166
f 4405/33/178 4437/33/210 4436/31/211 4404/31/179
f 4392/7/191 4424/7/223 4423/5/224 4391/5/192
f 4419/61/164 4451/61/196 4450/59/197 4418/59/165
f 4406/35/177 4438/35/209 4437/33/210 4405/33/178
f 4393/9/190 4425/9/222 4424/7/223 4392/7/191
f 4420/63/163 4452/63/195 4451/61/196 4419/61/164
f 4407/37/176 4439/37/208 4438/35/209 4406/35/177
f 4394/11/189 4426/11/221 4425/9/222 4393/9/190
f 4389/65/162 4421/65/194 4452/63/195 4420/63/163
f 4408/39/175 4440/39/207 4439/37/208 4407/37/176
f 4395/13/188 4427/13/220 4426/11/221 4394/11/189
f 4409/41/174 4441/41/206 4440/39/207 4408/39/175
f 4396/15/187 4428/15/219 4427/13/220 4395/13/188
f 4410/43/173 4442/43/205 4441/41/206 4409/41/174
f 4397/17/186 4429/17/218 4428/15/219 4396/15/187
f 4411/45/172 4443/45/204 4442/43/205 4410/43/173
f 4398/19/185 4430/19/217 4429/17/218 4397/17/186
f 4412/47/171 4444/47/203 4443/45/204 4411/45/172
f 4399/21/184 4431/21/216 4430/19/217 4398/19/185
f 4413/49/170 4445/49/202 4444/47/203 4412/47/171
f 4400/23/183 4432/23/215 4431/21/216 4399/21/184
f 4414/51/169 4446/51/201 4445/49/202 4413/49/170
f 4401/25/182 4433/25/214 4432/23/215 4400/23/183
f 4415/53/168 4447/53/200 4446/51/201 4414/51/169
f 4402/27/181 4434/27/213 4433/25/214 4401/25/182
f 4416/55/167 4448/55/199 4447/53/200 4415/53/168
f 4464/109/247 4528/109/311 4529/107/310 4465/107/246
f 4929/168/620 4933/169/616 4272/111/67 4268/103/69
f 4965/170/584 4969/171/580 4303/131/49 4300/123/51
f 4877/172/672 4881/173/668 4226/112/93 4222/104/95
f 4913/174/636 4917/175/632 4258/87/75 4254/124/77
f 4949/176/600 4953/177/596 4289/98/57 4286/90/59
f 4985/178/564 4989/179/997 4320/118/39 4317/110/41
f 4897/70/652 4901/180/648 4244/99/83 4240/69/85
f 4933/169/616 4937/181/612 4275/119/65 4272/111/67
f 4969/171/580 4973/182/728 4306/94/47 4303/131/49
f 4881/173/668 4885/183/664 4230/121/91 4226/112/93
f 4917/175/632 4921/184/628 4261/86/73 4258/87/75
f 4953/177/596 4957/185/592 4292/106/55 4289/98/57
f 4989/179/997 4993/186/556 4324/126/37 4320/118/39
f 4901/180/648 4905/187/644 4247/108/81 4244/99/83
f 4937/181/612 4941/188/608 4278/128/63 4275/119/65
f 4973/182/728 4977/189/572 4310/93/45 4306/94/47
f 4885/183/664 4889/190/660 4233/129/89 4230/121/91
f 4921/184/628 4925/191/624 4264/95/71 4261/86/73
f 4957/185/592 4961/192/588 4296/115/53 4292/106/55
f 4905/187/644 4909/193/640 4250/116/79 4247/108/81
f 4941/188/608 4945/194/604 4282/91/61 4278/128/63
f 4977/189/572 4981/195/568 4314/101/43 4310/93/45
f 4889/190/660 4893/67/656 4236/68/87 4233/129/89
f 4925/191/624 4929/168/620 4268/103/69 4264/95/71
f 4961/192/588 4965/170/584 4300/123/51 4296/115/53
f 4993/186/556 4870/196/553 4213/134/34 4324/126/37
f 4873/74/676 4877/172/672 4222/104/95 4219/73/97
f 4909/193/640 4913/174/636 4254/124/77 4250/116/79
f 4945/194/604 4949/176/600 4286/90/59 4282/91/61
f 4981/195/568 4985/178/564 4317/110/41 4314/101/43
f 4510/197/265 4574/197/81 4575/198/79 4511/198/715
f 4478/81/233 4542/81/297 4543/80/296 4479/80/232
f 4465/107/246 4529/107/310 4530/105/309 4466/105/245
f 4479/80/232 4543/80/296 4544/79/295 4480/79/231
f 4466/105/245 4530/105/309 4531/102/308 4467/102/993
f 4453/199/226 4517/199/290 4518/133/321 4454/133/257
f 4480/79/231 4544/79/295 4545/78/294 4481/78/230
f 4467/102/993 4531/102/308 4532/100/307 4468/100/243
f 4454/133/257 4518/133/321 4519/132/320 4455/132/256
f 4481/78/230 4545/78/294 4546/77/293 4482/77/229
f 4468/100/243 4532/100/307 4533/97/306 4469/97/242
f 4455/132/256 4519/132/320 4520/130/319 4456/130/255
f 4482/77/229 4546/77/293 4547/75/292 4483/75/228
f 4469/97/242 4533/97/306 4534/96/305 4470/96/241
f 4456/130/255 4520/130/319 4521/127/318 4457/127/254
f 4483/75/228 4547/75/292 4548/76/291 4484/76/227
f 4470/96/241 4534/96/305 4535/92/304 4471/92/994
f 4457/127/254 4521/127/318 4522/125/317 4458/125/253
f 4484/76/227 4548/76/291 4517/135/290 4453/135/226
f 4471/92/994 4535/92/304 4536/89/303 4472/89/239
f 4458/125/253 4522/125/317 4523/122/316 4459/122/252
f 4472/89/239 4536/89/303 4537/88/302 4473/88/238
f 4459/122/252 4523/122/316 4524/120/315 4460/120/251
f 4473/88/238 4537/88/302 4538/85/301 4474/85/237
f 4460/120/251 4524/120/315 4525/117/314 4461/117/992
f 4474/85/237 4538/85/301 4539/84/300 4475/84/236
f 4461/117/992 4525/117/314 4526/114/313 4462/114/249
f 4475/84/236 4539/84/300 4540/83/299 4476/83/235
f 4462/114/249 4526/114/313 4527/113/312 4463/113/248
f 4476/83/235 4540/83/299 4541/82/298 4477/82/234
f 4463/113/248 4527/113/312 4528/109/311 4464/109/247
f 4477/82/234 4541/82/298 4542/81/297 4478/81/233
f 4486/200/289 4518/203/321 4517/202/290 4485/201/258
f 4487/204/288 4519/205/320 4518/203/321 4486/200/289
f 4488/206/287 4520/207/319 4519/205/320 4487/204/288
f 4489/208/286 4521/209/318 4520/207/319 4488/206/287
f 4490/210/285 4522/211/317 4521/209/318 4489/208/286
f 4491/212/284 4523/213/316 4522/211/317 4490/210/285
f 4492/214/283 4524/215/315 4523/213/316 4491/212/284
f 4493/216/282 4525/217/314 4524/215/315 4492/214/283
f 4494/218/281 4526/219/313 4525/217/314 4493/216/282
f 4495/220/280 4527/221/312 4526/219/313 4494/218/281
f 4496/222/279 4528/223/311 4527/221/312 4495/220/280
f 4497/224/278 4529/225/310 4528/223/311 4496/222/279
f 4498/226/277 4530/227/309 4529/225/310 4497/224/278
f 4499/228/276 4531/229/308 4530/227/309 4498/226/277
f 4500/230/275 4532/231/307 4531/229/308 4499/228/276
f 4501/232/274 4533/233/306 4532/231/307 4500/230/275
f 4502/234/273 4534/235/305 4533/233/306 4501/232/274
f 4503/236/272 4535/237/304 4534/235/305 4502/234/273
f 4504/238/271 4536/239/303 4535/237/304 4503/236/272
f 4505/240/270 4537/241/302 4536/239/303 4504/238/271
f 4506/242/269 4538/243/301 4537/241/302 4505/240/270
f 4507/244/268 4539/245/300 4538/243/301 4506/242/269
f 4508/246/267 4540/247/299 4539/245/300 4507/244/268
f 4509/248/266 4541/249/298 4540/247/299 4508/246/267
f 4510/197/265 4542/250/297 4541/249/298 4509/248/266
f 4511/198/715 4543/251/296 4542/250/297 4510/197/265
f 4512/252/263 4544/253/295 4543/251/296 4511/198/715
f 4513/254/262 4545/255/294 4544/253/295 4512/252/263
f 4514/256/261 4546/257/293 4545/255/294 4513/254/262
f 4515/258/260 4547/259/292 4546/257/293 4514/256/261
f 4516/260/259 4548/261/291 4547/259/292 4515/258/260
f 4485/201/258 4517/202/290 4548/261/291 4516/260/259
f 4577/254/75 4609/254/1 4610/256/1 4578/256/73
f 4497/224/278 4561/224/325 4562/226/41 4498/226/277
f 4511/198/715 4575/198/79 4576/252/77 4512/252/263
f 4498/226/277 4562/226/41 4563/228/39 4499/228/276
f 4485/201/258 4549/201/67 4550/200/65 4486/200/289
f 4512/252/263 4576/252/77 4577/254/75 4513/254/262
f 4499/228/276 4563/228/39 4564/230/37 4500/230/275
f 4486/200/289 4550/200/65 4551/204/63 4487/204/288
f 4513/254/262 4577/254/75 4578/256/73 4514/256/261
f 4500/230/275 4564/230/37 4565/232/324 4501/232/274
f 4487/204/288 4551/204/63 4552/206/61 4488/206/287
f 4514/256/261 4578/256/73 4579/258/71 4515/258/260
f 4501/232/274 4565/232/324 4566/234/97 4502/234/273
f 4488/206/287 4552/206/61 4553/208/59 4489/208/286
f 4515/258/260 4579/258/71 4580/260/69 4516/260/259
f 4502/234/273 4566/234/97 4567/236/95 4503/236/272
f 4489/208/286 4553/208/59 4554/210/57 4490/210/285
f 4516/260/259 4580/260/69 4549/201/67 4485/201/258
f 4503/236/272 4567/236/95 4568/238/93 4504/238/271
f 4490/210/285 4554/210/57 4555/212/55 4491/212/284
f 4504/238/271 4568/238/93 4569/240/91 4505/240/270
f 4491/212/284 4555/212/55 4556/214/53 4492/214/283
f 4505/240/270 4569/240/91 4570/242/89 4506/242/269
f 4492/214/283 4556/214/53 4557/216/51 4493/216/282
f 4506/242/269 4570/242/89 4571/244/87 4507/244/268
f 4493/216/282 4557/216/51 4558/218/49 4494/218/281
f 4507/244/268 4571/244/87 4572/246/85 4508/246/267
f 4494/218/281 4558/218/49 4559/220/47 4495/220/280
f 4508/246/267 4572/246/85 4573/248/83 4509/248/266
f 4495/220/280 4559/220/47 4560/222/391 4496/222/279
f 4509/248/266 4573/248/83 4574/197/81 4510/197/265
f 4496/222/279 4560/222/391 4561/224/325 4497/224/278
f 4612/260/1 4644/260/327 4613/201/326 4581/201/1
f 4564/230/37 4596/230/1 4597/232/1 4565/232/324
f 4551/204/63 4583/204/1 4584/206/1 4552/206/61
f 4578/256/73 4610/256/1 4611/258/1 4579/258/71
f 4565/232/324 4597/232/1 4598/234/1 4566/234/97
f 4552/206/61 4584/206/1 4585/208/1 4553/208/59
f 4579/258/71 4611/258/1 4612/260/1 4580/260/69
f 4566/234/97 4598/234/1 4599/236/1 4567/236/95
f 4553/208/59 4585/208/1 4586/210/1 4554/210/57
f 4580/260/69 4612/260/1 4581/201/1 4549/201/67
f 4567/236/95 4599/236/1 4600/238/1 4568/238/93
f 4554/210/57 4586/210/1 4587/212/1 4555/212/55
f 4568/238/93 4600/238/1 4601/240/1 4569/240/91
f 4555/212/55 4587/212/1 4588/214/1 4556/214/53
f 4569/240/91 4601/240/1 4602/242/1 4570/242/89
f 4556/214/53 4588/214/1 4589/216/1 4557/216/51
f 4570/242/89 4602/242/1 4603/244/1 4571/244/87
f 4557/216/51 4589/216/1 4590/218/1 4558/218/49
f 4571/244/87 4603/244/1 4604/246/1 4572/246/85
f 4558/218/49 4590/218/1 4591/220/1 4559/220/47
f 4572/246/85 4604/246/1 4605/248/1 4573/248/83
f 4559/220/47 4591/220/1 4592/222/1 4560/222/391
f 4573/248/83 4605/248/1 4606/197/1 4574/197/81
f 4560/222/391 4592/222/1 4593/224/1 4561/224/325
f 4574/197/81 4606/197/1 4607/198/1 4575/198/79
f 4561/224/325 4593/224/1 4594/226/1 4562/226/41
f 4575/198/79 4607/198/1 4608/252/1 4576/252/77
f 4562/226/41 4594/226/1 4595/228/1 4563/228/39
f 4549/201/67 4581/201/1 4582/200/1 4550/200/65
f 4576/252/77 4608/252/1 4609/254/1 4577/254/75
f 4563/228/39 4595/228/1 4596/230/1 4564/230/37
f 4550/200/65 4582/200/1 4583/204/1 4551/204/63
f 4634/242/337 4666/242/369 4667/244/368 4635/244/336
f 4599/236/1 4631/236/340 4632/238/339 4600/238/1
f 4586/210/1 4618/210/353 4619/212/352 4587/212/1
f 4600/238/1 4632/238/339 4633/240/338 4601/240/1
f 4587/212/1 4619/212/352 4620/214/351 4588/214/1
f 4601/240/1 4633/240/338 4634/242/337 4602/242/1
f 4588/214/1 4620/214/351 4621/216/350 4589/216/1
f 4602/242/1 4634/242/337 4635/244/336 4603/244/1
f 4589/216/1 4621/216/350 4622/218/349 4590/218/1
f 4603/244/1 4635/244/336 4636/246/335 4604/246/1
f 4590/218/1 4622/218/349 4623/220/348 4591/220/1
f 4604/246/1 4636/246/335 4637/248/334 4605/248/1
f 4591/220/1 4623/220/348 4624/222/347 4592/222/1
f 4605/248/1 4637/248/334 4638/197/333 4606/197/1
f 4592/222/1 4624/222/347 4625/224/346 4593/224/1
f 4606/197/1 4638/197/333 4639/198/332 4607/198/1
f 4593/224/1 4625/224/346 4626/226/345 4594/226/1
f 4607/198/1 4639/198/332 4640/252/331 4608/252/1
f 4594/226/1 4626/226/345 4627/228/344 4595/228/1
f 4581/201/1 4613/201/326 4614/200/357 4582/200/1
f 4608/252/1 4640/252/331 4641/254/330 4609/254/1
f 4595/228/1 4627/228/344 4628/230/343 4596/230/1
f 4582/200/1 4614/200/357 4615/204/356 4583/204/1
f 4609/254/1 4641/254/330 4642/256/329 4610/256/1
f 4596/230/1 4628/230/343 4629/232/342 4597/232/1
f 4583/204/1 4615/204/356 4616/206/355 4584/206/1
f 4610/256/1 4642/256/329 4643/258/328 4611/258/1
f 4597/232/1 4629/232/342 4630/234/341 4598/234/1
f 4584/206/1 4616/206/355 4617/208/354 4585/208/1
f 4611/258/1 4643/258/328 4644/260/327 4612/260/1
f 4598/234/1 4630/234/341 4631/236/340 4599/236/1
f 4585/208/1 4617/208/354 4618/210/353 4586/210/1
f 4669/248/366 4701/248/83 4702/197/81 4670/197/365
f 4621/216/350 4653/216/382 4654/218/381 4622/218/349
f 4635/244/336 4667/244/368 4668/246/367 4636/246/335
f 4622/218/349 4654/218/381 4655/220/380 4623/220/348
f 4636/246/335 4668/246/367 4669/248/366 4637/248/334
f 4623/220/348 4655/220/380 4656/222/379 4624/222/347
f 4637/248/334 4669/248/366 4670/197/365 4638/197/333
f 4624/222/347 4656/222/379 4657/224/378 4625/224/346
f 4638/197/333 4670/197/365 4671/198/364 4639/198/332
f 4625/224/346 4657/224/378 4658/226/377 4626/226/345
f 4639/198/332 4671/198/364 4672/252/363 4640/252/331
f 4626/226/345 4658/226/377 4659/228/376 4627/228/344
f 4613/201/326 4645/201/358 4646/200/389 4614/200/357
f 4640/252/331 4672/252/363 4673/254/362 4641/254/330
f 4627/228/344 4659/228/376 4660/230/375 4628/230/343
f 4614/200/357 4646/200/389 4647/204/388 4615/204/356
f 4641/254/330 4673/254/362 4674/256/361 4642/256/329
f 4628/230/343 4660/230/375 4661/232/374 4629/232/342
f 4615/204/356 4647/204/388 4648/206/387 4616/206/355
f 4642/256/329 4674/256/361 4675/258/360 4643/258/328
f 4629/232/342 4661/232/374 4662/234/373 4630/234/341
f 4616/206/355 4648/206/387 4649/208/386 4617/208/354
f 4643/258/328 4675/258/360 4676/260/359 4644/260/327
f 4630/234/341 4662/234/373 4663/236/372 4631/236/340
f 4617/208/354 4649/208/386 4650/210/385 4618/210/353
f 4644/260/327 4676/260/359 4645/201/358 4613/201/326
f 4631/236/340 4663/236/372 4664/238/371 4632/238/339
f 4618/210/353 4650/210/385 4651/212/384 4619/212/352
f 4632/238/339 4664/238/371 4665/240/370 4633/240/338
f 4619/212/352 4651/212/384 4652/214/383 4620/214/351
f 4633/240/338 4665/240/370 4666/242/369 4634/242/337
f 4620/214/351 4652/214/383 4653/216/382 4621/216/350
f 4677/201/67 4709/201/392 4710/200/423 4678/200/65
f 4656/222/379 4688/222/45 4689/224/43 4657/224/378
f 4670/197/365 4702/197/81 4703/198/79 4671/198/364
f 4657/224/378 4689/224/43 4690/226/41 4658/226/377
f 4671/198/364 4703/198/79 4704/252/77 4672/252/363
f 4658/226/377 4690/226/41 4691/228/39 4659/228/376
f 4645/201/358 4677/201/67 4678/200/65 4646/200/389
f 4672/252/363 4704/252/77 4705/254/75 4673/254/362
f 4659/228/376 4691/228/39 4692/230/37 4660/230/375
f 4646/200/389 4678/200/65 4679/204/63 4647/204/388
f 4673/254/362 4705/254/75 4706/256/73 4674/256/361
f 4660/230/375 4692/230/37 4693/232/34 4661/232/374
f 4647/204/388 4679/204/63 4680/206/61 4648/206/387
f 4674/256/361 4706/256/73 4707/258/71 4675/258/360
f 4661/232/374 4693/232/34 4694/234/97 4662/234/373
f 4648/206/387 4680/206/61 4681/208/59 4649/208/386
f 4675/258/360 4707/258/71 4708/260/69 4676/260/359
f 4662/234/373 4694/234/97 4695/236/95 4663/236/372
f 4649/208/386 4681/208/59 4682/210/57 4650/210/385
f 4676/260/359 4708/260/69 4677/201/67 4645/201/358
f 4663/236/372 4695/236/95 4696/238/93 4664/238/371
f 4650/210/385 4682/210/57 4683/212/55 4651/212/384
f 4664/238/371 4696/238/93 4697/240/323 4665/240/370
f 4651/212/384 4683/212/55 4684/214/53 4652/214/383
f 4665/240/370 4697/240/323 4698/242/322 4666/242/369
f 4652/214/383 4684/214/53 4685/216/51 4653/216/382
f 4666/242/369 4698/242/322 4699/244/87 4667/244/368
f 4653/216/382 4685/216/51 4686/218/49 4654/218/381
f 4667/244/368 4699/244/87 4700/246/85 4668/246/367
f 4654/218/381 4686/218/49 4687/220/47 4655/220/380
f 4668/246/367 4700/246/85 4701/248/83 4669/248/366
f 4655/220/380 4687/220/47 4688/222/45 4656/222/379
f 4712/206/421 4744/206/453 4745/208/452 4713/208/420
f 4704/252/77 4736/252/397 4737/254/396 4705/254/75
f 4691/228/39 4723/228/410 4724/230/409 4692/230/37
f 4678/200/65 4710/200/423 4711/204/422 4679/204/63
f 4705/254/75 4737/254/396 4738/256/395 4706/256/73
f 4692/230/37 4724/230/409 4725/232/408 4693/232/34
f 4679/204/63 4711/204/422 4712/206/421 4680/206/61
f 4706/256/73 4738/256/395 4739/258/394 4707/258/71
f 4693/232/34 4725/232/408 4726/234/407 4694/234/97
f 4680/206/61 4712/206/421 4713/208/420 4681/208/59
f 4707/258/71 4739/258/394 4740/260/393 4708/260/69
f 4694/234/97 4726/234/407 4727/236/406 4695/236/95
f 4681/208/59 4713/208/420 4714/210/419 4682/210/57
f 4708/260/69 4740/260/393 4709/201/392 4677/201/67
f 4695/236/95 4727/236/406 4728/238/405 4696/238/93
f 4682/210/57 4714/210/419 4715/212/418 4683/212/55
f 4696/238/93 4728/238/405 4729/240/404 4697/240/323
f 4683/212/55 4715/212/418 4716/214/417 4684/214/53
f 4697/240/323 4729/240/404 4730/242/403 4698/242/322
f 4684/214/53 4716/214/417 4717/216/416 4685/216/51
f 4698/242/322 4730/242/403 4731/244/402 4699/244/87
f 4685/216/51 4717/216/416 4718/218/415 4686/218/49
f 4699/244/87 4731/244/402 4732/246/401 4700/246/85
f 4686/218/49 4718/218/415 4719/220/414 4687/220/47
f 4700/246/85 4732/246/401 4733/248/400 4701/248/83
f 4687/220/47 4719/220/414 4720/222/413 4688/222/45
f 4701/248/83 4733/248/400 4734/197/399 4702/197/81
f 4688/222/45 4720/222/413 4721/224/412 4689/224/43
f 4702/197/81 4734/197/399 4735/198/398 4703/198/79
f 4689/224/43 4721/224/412 4722/226/411 4690/226/41
f 4703/198/79 4735/198/398 4736/252/397 4704/252/77
f 4690/226/41 4722/226/411 4723/228/410 4691/228/39
f 4747/212/450 4779/212/724 4780/214/481 4748/214/449
f 4739/258/394 4771/258/426 4772/260/425 4740/260/393
f 4726/234/407 4758/234/439 4759/236/438 4727/236/406
f 4713/208/420 4745/208/452 4746/210/451 4714/210/419
f 4740/260/393 4772/260/425 4741/201/424 4709/201/392
f 4727/236/406 4759/236/438 4760/238/437 4728/238/405
f 4714/210/419 4746/210/451 4747/212/450 4715/212/418
f 4728/238/405 4760/238/437 4761/240/436 4729/240/404
f 4715/212/418 4747/212/450 4748/214/449 4716/214/417
f 4729/240/404 4761/240/436 4762/242/435 4730/242/403
f 4716/214/417 4748/214/449 4749/216/448 4717/216/416
f 4730/242/403 4762/242/435 4763/244/434 4731/244/402
f 4717/216/416 4749/216/448 4750/218/447 4718/218/415
f 4731/244/402 4763/244/434 4764/246/433 4732/246/401
f 4718/218/415 4750/218/447 4751/220/446 4719/220/414
f 4732/246/401 4764/246/433 4765/248/432 4733/248/400
f 4719/220/414 4751/220/446 4752/222/445 4720/222/413
f 4733/248/400 4765/248/432 4766/197/431 4734/197/399
f 4720/222/413 4752/222/445 4753/224/444 4721/224/412
f 4734/197/399 4766/197/431 4767/198/430 4735/198/398
f 4721/224/412 4753/224/444 4754/226/443 4722/226/411
f 4735/198/398 4767/198/430 4768/252/429 4736/252/397
f 4722/226/411 4754/226/443 4755/228/442 4723/228/410
f 4709/201/392 4741/201/424 4742/200/455 4710/200/423
f 4736/252/397 4768/252/429 4769/254/428 4737/254/396
f 4723/228/410 4755/228/442 4756/230/441 4724/230/409
f 4710/200/423 4742/200/455 4743/204/454 4711/204/422
f 4737/254/396 4769/254/428 4770/256/427 4738/256/395
f 4724/230/409 4756/230/441 4757/232/440 4725/232/408
f 4711/204/422 4743/204/454 4744/206/453 4712/206/421
f 4738/256/395 4770/256/427 4771/258/426 4739/258/394
f 4725/232/408 4757/232/440 4758/234/439 4726/234/407
f 4782/218/479 4814/218/511 4815/220/727 4783/220/723
f 4761/240/436 4793/240/468 4794/242/983 4762/242/435
f 4748/214/449 4780/214/481 4781/216/480 4749/216/448
f 4762/242/435 4794/242/983 4795/244/721 4763/244/434
f 4749/216/448 4781/216/480 4782/218/479 4750/218/447
f 4763/244/434 4795/244/721 4796/246/465 4764/246/433
f 4750/218/447 4782/218/479 4783/220/723 4751/220/446
f 4764/246/433 4796/246/465 4797/248/464 4765/248/432
f 4751/220/446 4783/220/723 4784/222/982 4752/222/445
f 4765/248/432 4797/248/464 4798/197/463 4766/197/431
f 4752/222/445 4784/222/982 4785/224/476 4753/224/444
f 4766/197/431 4798/197/463 4799/198/719 4767/198/430
f 4753/224/444 4785/224/476 4786/226/475 4754/226/443
f 4767/198/430 4799/198/719 4800/252/461 4768/252/429
f 4754/226/443 4786/226/475 4787/228/474 4755/228/442
f 4741/201/424 4773/201/456 4774/200/487 4742/200/455
f 4768/252/429 4800/252/461 4801/254/718 4769/254/428
f 4755/228/442 4787/228/474 4788/230/473 4756/230/441
f 4742/200/455 4774/200/487 4775/204/486 4743/204/454
f 4769/254/428 4801/254/718 4802/256/459 4770/256/427
f 4756/230/441 4788/230/473 4789/232/472 4757/232/440
f 4743/204/454 4775/204/486 4776/206/485 4744/206/453
f 4770/256/427 4802/256/459 4803/258/717 4771/258/426
f 4757/232/440 4789/232/472 4790/234/471 4758/234/439
f 4744/206/453 4776/206/485 4777/208/484 4745/208/452
f 4771/258/426 4803/258/717 4804/260/457 4772/260/425
f 4758/234/439 4790/234/471 4791/236/470 4759/236/438
f 4745/208/452 4777/208/484 4778/210/483 4746/210/451
f 4772/260/425 4804/260/457 4773/201/456 4741/201/424
f 4759/236/438 4791/236/470 4792/238/469 4760/238/437
f 4746/210/451 4778/210/483 4779/212/724 4747/212/450
f 4760/238/437 4792/238/469 4793/240/468 4761/240/436
f 4817/224/508 4849/224/540 4850/226/539 4818/226/507
f 4796/246/465 4828/246/497 4829/248/725 4797/248/464
f 4783/220/723 4815/220/727 4816/222/509 4784/222/982
f 4797/248/464 4829/248/725 4830/197/495 4798/197/463
f 4784/222/982 4816/222/509 4817/224/508 4785/224/476
f 4798/197/463 4830/197/495 4831/198/494 4799/198/719
f 4785/224/476 4817/224/508 4818/226/507 4786/226/475
f 4799/198/719 4831/198/494 4832/252/493 4800/252/461
f 4786/226/475 4818/226/507 4819/228/506 4787/228/474
f 4773/201/456 4805/201/488 4806/200/519 4774/200/487
f 4800/252/461 4832/252/493 4833/254/492 4801/254/718
f 4787/228/474 4819/228/506 4820/230/505 4788/230/473
f 4774/200/487 4806/200/519 4807/204/518 4775/204/486
f 4801/254/718 4833/254/492 4834/256/491 4802/256/459
f 4788/230/473 4820/230/505 4821/232/504 4789/232/472
f 4775/204/486 4807/204/518 4808/206/517 4776/206/485
f 4802/256/459 4834/256/491 4835/258/490 4803/258/717
f 4789/232/472 4821/232/504 4822/234/987 4790/234/471
f 4776/206/485 4808/206/517 4809/208/516 4777/208/484
f 4803/258/717 4835/258/490 4836/260/489 4804/260/457
f 4790/234/471 4822/234/987 4823/236/502 4791/236/470
f 4777/208/484 4809/208/516 4810/210/515 4778/210/483
f 4804/260/457 4836/260/489 4805/201/488 4773/201/456
f 4791/236/470 4823/236/502 4824/238/995 4792/238/469
f 4778/210/483 4810/210/515 4811/212/514 4779/212/724
f 4792/238/469 4824/238/995 4825/240/500 4793/240/468
f 4779/212/724 4811/212/514 4812/214/513 4780/214/481
f 4793/240/468 4825/240/500 4826/242/499 4794/242/983
f 4780/214/481 4812/214/513 4813/216/512 4781/216/480
f 4794/242/983 4826/242/499 4827/244/996 4795/244/721
f 4781/216/480 4813/216/512 4814/218/511 4782/218/479
f 4795/244/721 4827/244/996 4828/246/497 4796/246/465
f 4837/201/520 4868/260/521 4867/258/522 4866/256/523 4865/254/524 4864/252/525 4863/198/526 4862/197/527 4861/248/528 4860/246/529 4859/244/530 4858/242/531 4857/240/532 4856/238/533 4855/236/534 4854/234/535 4853/232/536 4852/230/537 4851/228/538 4850/226/539 4849/224/540 4848/222/541 4847/220/542 4846/218/543 4845/216/544 4844/214/545 4843/212/546 4842/210/547 4841/208/548 4840/206/549 4839/204/550 4838/200/551
f 4831/198/494 4863/198/526 4864/252/525 4832/252/493
f 4818/226/507 4850/226/539 4851/228/538 4819/228/506
f 4805/201/488 4837/201/520 4838/200/551 4806/200/519
f 4832/252/493 4864/252/525 4865/254/524 4833/254/492
f 4819/228/506 4851/228/538 4852/230/537 4820/230/505
f 4806/200/519 4838/200/551 4839/204/550 4807/204/518
f 4833/254/492 4865/254/524 4866/256/523 4834/256/491
f 4820/230/505 4852/230/537 4853/232/536 4821/232/504
f 4807/204/518 4839/204/550 4840/206/549 4808/206/517
f 4834/256/491 4866/256/523 4867/258/522 4835/258/490
f 4821/232/504 4853/232/536 4854/234/535 4822/234/987
f 4808/206/517 4840/206/549 4841/208/548 4809/208/516
f 4835/258/490 4867/258/522 4868/260/521 4836/260/489
f 4822/234/987 4854/234/535 4855/236/534 4823/236/502
f 4809/208/516 4841/208/548 4842/210/547 4810/210/515
f 4836/260/489 4868/260/521 4837/201/520 4805/201/488
f 4823/236/502 4855/236/534 4856/238/533 4824/238/995
f 4810/210/515 4842/210/547 4843/212/546 4811/212/514
f 4824/238/995 4856/238/533 4857/240/532 4825/240/500
f 4811/212/514 4843/212/546 4844/214/545 4812/214/513
f 4825/240/500 4857/240/532 4858/242/531 4826/242/499
f 4812/214/513 4844/214/545 4845/216/544 4813/216/512
f 4826/242/499 4858/242/531 4859/244/530 4827/244/996
f 4813/216/512 4845/216/544 4846/218/543 4814/218/511
f 4827/244/996 4859/244/530 4860/246/529 4828/246/497
f 4814/218/511 4846/218/543 4847/220/542 4815/220/727
f 4828/246/497 4860/246/529 4861/248/528 4829/248/725
f 4815/220/727 4847/220/542 4848/222/541 4816/222/509
f 4829/248/725 4861/248/528 4862/197/527 4830/197/495
f 4816/222/509 4848/222/541 4849/224/540 4817/224/508
f 4830/197/495 4862/197/527 4863/198/526 4831/198/494
f 4870/71/553 4872/263/555 4875/262/678 4873/74/676
f 4872/263/555 4871/264/554 4876/133/679 4875/262/678
f 4871/264/554 4869/199/552 4874/133/677 4876/133/679
f 4873/74/676 4875/262/678 4879/265/674 4877/172/672
f 4875/262/678 4876/133/679 4880/132/675 4879/265/674
f 4876/133/679 4874/133/677 4878/132/673 4880/132/675
f 4877/172/672 4879/265/674 4883/266/670 4881/173/668
f 4879/265/674 4880/132/675 4884/267/671 4883/266/670
f 4880/132/675 4878/132/673 4882/130/669 4884/267/671
f 4881/173/668 4883/266/670 4887/268/666 4885/183/664
f 4883/266/670 4884/267/671 4888/127/667 4887/268/666
f 4884/267/671 4882/130/669 4886/127/665 4888/127/667
f 4885/183/664 4887/268/666 4891/269/662 4889/190/660
f 4887/268/666 4888/127/667 4892/125/663 4891/269/662
f 4888/127/667 4886/127/665 4890/125/730 4892/125/663
f 4889/190/660 4891/269/662 4895/270/658 4893/67/656
f 4891/269/662 4892/125/663 4896/122/659 4895/270/658
f 4892/125/663 4890/125/730 4894/122/657 4896/122/659
f 4893/67/656 4895/270/658 4899/271/654 4897/70/652
f 4895/270/658 4896/122/659 4900/120/655 4899/271/654
f 4896/122/659 4894/122/657 4898/120/653 4900/120/655
f 4897/70/652 4899/271/654 4903/272/650 4901/180/648
f 4899/271/654 4900/120/655 4904/117/651 4903/272/650
f 4900/120/655 4898/120/653 4902/117/649 4904/117/651
f 4901/180/648 4903/272/650 4907/273/646 4905/187/644
f 4903/272/650 4904/117/651 4908/114/647 4907/273/646
f 4904/117/651 4902/117/649 4906/114/645 4908/114/647
f 4905/187/644 4907/273/646 4911/274/642 4909/193/640
f 4907/273/646 4908/114/647 4912/113/643 4911/274/642
f 4908/114/647 4906/114/645 4910/113/641 4912/113/643
f 4909/193/640 4911/274/642 4915/275/638 4913/174/636
f 4911/274/642 4912/113/643 4916/276/639 4915/275/638
f 4912/113/643 4910/113/641 4914/109/637 4916/276/639
f 4913/174/636 4915/275/638 4919/277/634 4917/175/632
f 4915/275/638 4916/276/639 4920/107/635 4919/277/634
f 4916/276/639 4914/109/637 4918/107/633 4920/107/635
f 4917/175/632 4919/277/634 4923/278/630 4921/184/628
f 4919/277/634 4920/107/635 4924/105/631 4923/278/630
f 4920/107/635 4918/107/633 4922/105/629 4924/105/631
f 4921/184/628 4923/278/630 4927/279/626 4925/191/624
f 4923/278/630 4924/105/631 4928/102/627 4927/279/626
f 4924/105/631 4922/105/629 4926/102/625 4928/102/627
f 4925/191/624 4927/279/626 4931/280/622 4929/168/620
f 4927/279/626 4928/102/627 4932/100/623 4931/280/622
f 4928/102/627 4926/102/625 4930/100/621 4932/100/623
f 4929/168/620 4931/280/622 4935/281/618 4933/169/616
f 4931/280/622 4932/100/623 4936/97/619 4935/281/618
f 4932/100/623 4930/100/621 4934/97/617 4936/97/619
f 4933/169/616 4935/281/618 4939/282/614 4937/181/612
f 4935/281/618 4936/97/619 4940/96/615 4939/282/614
f 4936/97/619 4934/97/617 4938/96/613 4940/96/615
f 4937/181/612 4939/282/614 4943/283/610 4941/188/608
f 4939/282/614 4940/96/615 4944/92/611 4943/283/610
f 4940/96/615 4938/96/613 4942/92/609 4944/92/611
f 4941/188/608 4943/283/610 4947/284/606 4945/194/604
f 4943/283/610 4944/92/611 4948/89/607 4947/284/606
f 4944/92/611 4942/92/609 4946/89/605 4948/89/607
f 4945/194/604 4947/284/606 4951/285/602 4949/176/600
f 4947/284/606 4948/89/607 4952/88/603 4951/285/602
f 4948/89/607 4946/89/605 4950/88/601 4952/88/603
f 4949/176/600 4951/285/602 4955/286/598 4953/177/596
f 4951/285/602 4952/88/603 4956/85/599 4955/286/598
f 4952/88/603 4950/88/601 4954/85/597 4956/85/599
f 4953/177/596 4955/286/598 4959/287/594 4957/185/592
f 4955/286/598 4956/85/599 4960/84/595 4959/287/594
f 4956/85/599 4954/85/597 4958/84/593 4960/84/595
f 4957/185/592 4959/287/594 4963/288/590 4961/192/588
f 4959/287/594 4960/84/595 4964/83/591 4963/288/590
f 4960/84/595 4958/84/593 4962/83/589 4964/83/591
f 4961/192/588 4963/288/590 4967/289/729 4965/170/584
f 4963/288/590 4964/83/591 4968/82/587 4967/289/729
f 4964/83/591 4962/83/589 4966/82/585 4968/82/587
f 4965/170/584 4967/289/729 4971/290/582 4969/171/580
f 4967/289/729 4968/82/587 4972/81/583 4971/290/582
f 4968/82/587 4966/82/585 4970/81/581 4972/81/583
f 4969/171/580 4971/290/582 4975/291/578 4973/182/728
f 4971/290/582 4972/81/583 4976/80/579 4975/291/578
f 4972/81/583 4970/81/581 4974/80/577 4976/80/579
f 4973/182/728 4975/291/578 4979/292/574 4977/189/572
f 4975/291/578 4976/80/579 4980/79/575 4979/292/574
f 4976/80/579 4974/80/577 4978/79/573 4980/79/575
f 4977/189/572 4979/292/574 4983/293/570 4981/195/568
f 4979/292/574 4980/79/575 4984/294/571 4983/293/570
f 4980/79/575 4978/79/573 4982/78/569 4984/294/571
f 4981/195/568 4983/293/570 4987/295/566 4985/178/564
f 4983/293/570 4984/294/571 4988/77/567 4987/295/566
f 4984/294/571 4982/78/569 4986/77/565 4988/77/567
f 4985/178/564 4987/295/566 4991/296/562 4989/179/997
f 4987/295/566 4988/77/567 4992/75/563 4991/296/562
f 4988/77/567 4986/77/565 4990/75/561 4992/75/563
f 4989/179/997 4991/296/562 4995/297/558 4993/186/556
f 4991/296/562 4992/75/563 4996/76/559 4995/297/558
f 4992/75/563 4990/75/561 4994/76/557 4996/76/559
f 4993/186/556 4995/297/558 4872/298/555 4870/196/553
f 4995/297/558 4996/76/559 4871/299/554 4872/298/555
f 4996/76/559 4994/76/557 4869/135/552 4871/299/554
f 4869/199/552 4453/199/226 4454/133/257 4874/133/677
f 5053/50/1 5105/50/1 5108/52/1 5057/52/1
f 5007/24/1 4246/24/1 4239/26/1 5011/26/1
f 5080/126/1 5128/126/1 5125/118/1 5076/118/1
f 5034/128/1 5089/128/1 5086/119/1 5031/119/1
f 4168/129/1 4309/129/1 4302/121/1 4175/121/1
f 5077/64/1 5126/64/1 4274/66/1 4205/66/1
f 5032/38/1 5087/38/1 5090/40/1 5035/40/1
f 4173/12/1 4305/12/1 4312/14/1 4166/14/1
f 5059/131/1 5110/131/1 5107/123/1 5056/123/1
f 5014/87/1 4235/87/1 4242/124/1 5010/124/1
f 5057/52/1 5108/52/1 5111/54/1 5060/54/1
f 5011/26/1 4239/26/1 4232/28/1 5015/28/1
f 4211/134/1 4270/134/1 5128/126/1 5080/126/1
f 5038/91/1 5092/91/1 5089/128/1 5034/128/1
f 4161/68/1 4316/68/1 4309/129/1 4168/129/1
f 5035/40/1 5090/40/1 5093/42/1 5039/42/1
f 4166/14/1 4312/14/1 4319/16/1 4159/16/1
f 5062/94/1 5113/94/1 5110/131/1 5059/131/1
f 5017/86/1 4228/86/1 4235/87/1 5014/87/1
f 5060/54/1 5111/54/1 5114/56/1 5063/56/1
f 5015/28/1 4232/28/1 4225/30/1 5018/30/1
f 4205/1/1 4274/1/1 4277/4/1 4203/4/1
f 5042/90/1 5095/90/1 5092/91/1 5038/91/1
f 4153/69/1 4323/69/1 4316/68/1 4161/68/1
f 5039/42/1 5093/42/1 5096/44/1 5043/44/1
f 4159/16/1 4319/16/1 4267/18/1 4997/18/1
f 5066/93/1 5116/93/1 5113/94/1 5062/94/1
f 5020/95/1 4221/95/1 4228/86/1 5017/86/1
f 4198/73/1 4281/73/1 4270/72/1 4211/72/1
f 5063/56/1 5114/56/1 5117/58/1 5067/58/1
f 5018/30/1 4225/30/1 4218/32/1 5021/32/1
f 4203/4/1 4277/4/1 4284/6/1 4196/6/1
f 5045/98/1 5098/98/1 5095/90/1 5042/90/1
f 5000/99/1 4263/99/1 4323/69/1 4153/69/1
f 5043/44/1 5096/44/1 5099/46/1 5046/46/1
f 4997/18/1 4267/18/1 4260/20/1 5001/20/1
f 5070/101/1 5119/101/1 5116/93/1 5066/93/1
f 5024/103/1 4214/103/1 4221/95/1 5020/95/1
f 4191/104/1 4288/104/1 4281/73/1 4198/73/1
f 5067/58/1 5117/58/1 5120/60/1 5071/60/1
f 5021/32/1 4218/32/1 5081/34/1 5025/34/1
f 4196/6/1 4284/6/1 4291/8/1 4189/8/1
f 5048/106/1 5101/106/1 5098/98/1 5045/98/1
f 5003/108/1 4256/108/1 4263/99/1 5000/99/1
f 5046/46/1 5099/46/1 5102/48/1 5049/48/1
f 5001/20/1 4260/20/1 4253/22/1 5004/22/1
f 5073/110/1 5122/110/1 5119/101/1 5070/101/1
f 5028/111/1 5083/111/1 4214/103/1 5024/103/1
f 4183/112/1 4295/112/1 4288/104/1 4191/104/1
f 5071/60/1 5120/60/1 5123/62/1 5074/62/1
f 5025/34/1 5081/34/1 5084/36/1 5029/36/1
f 4189/8/1 4291/8/1 4298/10/1 4181/10/1
f 5052/115/1 5104/115/1 5101/106/1 5048/106/1
f 5006/116/1 4249/116/1 4256/108/1 5003/108/1
f 5049/48/1 5102/48/1 5105/50/1 5053/50/1
f 5004/22/1 4253/22/1 4246/24/1 5007/24/1
f 5076/118/1 5125/118/1 5122/110/1 5073/110/1
f 5031/119/1 5086/119/1 5083/111/1 5028/111/1
f 4175/121/1 4302/121/1 4295/112/1 4183/112/1
f 5074/62/1 5123/62/1 5126/64/1 5077/64/1
f 5029/36/1 5084/36/1 5087/38/1 5032/38/1
f 4181/10/1 4298/10/1 4305/12/1 4173/12/1
f 5056/123/1 5107/123/1 5104/115/1 5052/115/1
f 5010/124/1 4242/124/1 4249/116/1 5006/116/1
f 5125/118/1 5173/118/1 5170/110/1 5122/110/1
f 5086/119/1 5134/119/1 5131/111/1 5083/111/1
f 4302/121/1 4200/121/1 4998/112/1 4295/112/1
f 5123/62/1 5171/62/1 5174/64/1 5126/64/1
f 5084/36/1 5132/36/1 5135/38/1 5087/38/1
f 4298/10/1 4209/10/1 4194/12/1 4305/12/1
f 5107/123/1 5155/123/1 5152/115/1 5104/115/1
f 4242/124/1 5051/124/1 5044/116/1 4249/116/1
f 5105/50/1 5153/50/1 5156/52/1 5108/52/1
f 4246/24/1 5047/24/1 5054/26/1 4239/26/1
f 5128/126/1 5176/126/1 5173/118/1 5125/118/1
f 5089/128/1 5137/128/1 5134/119/1 5086/119/1
f 4309/129/1 4185/129/1 4200/121/1 4302/121/1
f 5126/64/1 5174/64/1 5019/66/1 4274/66/1
f 5087/38/1 5135/38/1 5138/40/1 5090/40/1
f 4305/12/1 4194/12/1 4179/14/1 4312/14/1
f 5110/131/1 5158/131/1 5155/123/1 5107/123/1
f 4235/87/1 5058/87/1 5051/124/1 4242/124/1
f 5108/52/1 5156/52/1 5159/54/1 5111/54/1
f 4239/26/1 5054/26/1 5061/28/1 4232/28/1
f 4270/134/1 5023/134/1 5176/126/1 5128/126/1
f 5092/91/1 5140/91/1 5137/128/1 5089/128/1
f 4316/68/1 4170/68/1 4185/129/1 4309/129/1
f 5090/40/1 5138/40/1 5141/42/1 5093/42/1
f 4312/14/1 4179/14/1 4164/16/1 4319/16/1
f 5113/94/1 5161/94/1 5158/131/1 5110/131/1
f 4228/86/1 5065/86/1 5058/87/1 4235/87/1
f 5111/54/1 5159/54/1 5162/56/1 5114/56/1
f 4232/28/1 5061/28/1 5068/30/1 4225/30/1
f 4274/1/1 5019/1/1 5016/4/1 4277/4/1
f 5095/90/1 5143/90/1 5140/91/1 5092/91/1
f 4323/69/1 4155/69/1 4170/68/1 4316/68/1
f 5093/42/1 5141/42/1 5144/44/1 5096/44/1
f 4319/16/1 4164/16/1 5026/18/1 4267/18/1
f 5116/93/1 5164/93/1 5161/94/1 5113/94/1
f 4221/95/1 5072/95/1 5065/86/1 4228/86/1
f 4281/73/1 5012/73/1 5023/72/1 4270/72/1
f 5114/56/1 5162/56/1 5165/58/1 5117/58/1
f 4225/30/1 5068/30/1 5075/32/1 4218/32/1
f 4277/4/1 5016/4/1 5009/6/1 4284/6/1
f 5098/98/1 5146/98/1 5143/90/1 5095/90/1
f 4263/99/1 5030/99/1 4155/69/1 4323/69/1
f 5096/44/1 5144/44/1 5147/46/1 5099/46/1
f 4267/18/1 5026/18/1 5033/20/1 4260/20/1
f 5119/101/1 5167/101/1 5164/93/1 5116/93/1
f 4214/103/1 5079/103/1 5072/95/1 4221/95/1
f 4288/104/1 5005/104/1 5012/73/1 4281/73/1
f 5117/58/1 5165/58/1 5168/60/1 5120/60/1
f 4218/32/1 5075/32/1 5129/34/1 5081/34/1
f 4284/6/1 5009/6/1 5002/8/1 4291/8/1
f 5101/106/1 5149/106/1 5146/98/1 5098/98/1
f 4256/108/1 5037/108/1 5030/99/1 4263/99/1
f 5099/46/1 5147/46/1 5150/48/1 5102/48/1
f 4260/20/1 5033/20/1 5040/22/1 4253/22/1
f 5122/110/1 5170/110/1 5167/101/1 5119/101/1
f 5083/111/1 5131/111/1 5079/103/1 4214/103/1
f 4295/112/1 4998/112/1 5005/104/1 4288/104/1
f 5120/60/1 5168/60/1 5171/62/1 5123/62/1
f 5081/34/1 5129/34/1 5132/36/1 5084/36/1
f 4291/8/1 5002/8/1 4209/10/1 4298/10/1
f 5104/115/1 5152/115/1 5149/106/1 5101/106/1
f 4249/116/1 5044/116/1 5037/108/1 4256/108/1
f 5102/48/1 5150/48/1 5153/50/1 5105/50/1
f 4253/22/1 5040/22/1 5047/24/1 4246/24/1
f 4998/112/1 5103/112/1 5097/104/1 5005/104/1
f 5168/60/1 5203/60/1 5205/62/1 5171/62/1
f 5129/34/1 5177/34/1 5179/36/1 5132/36/1
f 5002/8/1 5100/8/1 5106/10/1 4209/10/1
f 5152/115/1 5192/115/1 5190/106/1 5149/106/1
f 5044/116/1 4285/116/1 4299/108/1 5037/108/1
f 5150/48/1 5191/48/1 5193/50/1 5153/50/1
f 5040/22/1 4294/22/1 4280/24/1 5047/24/1
f 5173/118/1 5206/118/1 5204/110/1 5170/110/1
f 5134/119/1 5180/119/1 5178/111/1 5131/111/1
f 4200/121/1 5109/121/1 5103/112/1 4998/112/1
f 5171/62/1 5205/62/1 5207/64/1 5174/64/1
f 5132/36/1 5179/36/1 5181/38/1 5135/38/1
f 4209/10/1 5106/10/1 5112/12/1 4194/12/1
f 5155/123/1 5194/123/1 5192/115/1 5152/115/1
f 5051/124/1 4271/124/1 4285/116/1 5044/116/1
f 5153/50/1 5193/50/1 5195/52/1 5156/52/1
f 5047/24/1 4280/24/1 4266/26/1 5054/26/1
f 5176/126/1 5208/126/1 5206/118/1 5173/118/1
f 5137/128/1 5182/128/1 5180/119/1 5134/119/1
f 4185/129/1 5115/129/1 5109/121/1 4200/121/1
f 5174/64/1 5207/64/1 5085/66/1 5019/66/1
f 5135/38/1 5181/38/1 5183/40/1 5138/40/1
f 4194/12/1 5112/12/1 5118/14/1 4179/14/1
f 5158/131/1 5196/131/1 5194/123/1 5155/123/1
f 5058/87/1 4257/87/1 4271/124/1 5051/124/1
f 5156/52/1 5195/52/1 5197/54/1 5159/54/1
f 5054/26/1 4266/26/1 4252/28/1 5061/28/1
f 5023/134/1 5082/134/1 5208/126/1 5176/126/1
f 5140/91/1 5184/91/1 5182/128/1 5137/128/1
f 4170/68/1 5121/68/1 5115/129/1 4185/129/1
f 5138/40/1 5183/40/1 5185/42/1 5141/42/1
f 4179/14/1 5118/14/1 5124/16/1 4164/16/1
f 5161/94/1 5198/94/1 5196/131/1 5158/131/1
f 5065/86/1 4243/86/1 4257/87/1 5058/87/1
f 5159/54/1 5197/54/1 5199/56/1 5162/56/1
f 5061/28/1 4252/28/1 4238/30/1 5068/30/1
f 5019/1/1 5085/1/1 5088/4/1 5016/4/1
f 5143/90/1 5186/90/1 5184/91/1 5140/91/1
f 4155/69/1 5127/69/1 5121/68/1 4170/68/1
f 5141/42/1 5185/42/1 5187/44/1 5144/44/1
f 4164/16/1 5124/16/1 4322/18/1 5026/18/1
f 5164/93/1 5200/93/1 5198/94/1 5161/94/1
f 5072/95/1 4229/95/1 4243/86/1 5065/86/1
f 5012/73/1 5091/73/1 5082/72/1 5023/72/1
f 5162/56/1 5199/56/1 5201/58/1 5165/58/1
f 5068/30/1 4238/30/1 4224/32/1 5075/32/1
f 5016/4/1 5088/4/1 5094/6/1 5009/6/1
f 5146/98/1 5188/98/1 5186/90/1 5143/90/1
f 5030/99/1 4313/99/1 5127/69/1 4155/69/1
f 5144/44/1 5187/44/1 5189/46/1 5147/46/1
f 5026/18/1 4322/18/1 4308/20/1 5033/20/1
f 5167/101/1 5202/101/1 5200/93/1 5164/93/1
f 5079/103/1 4215/103/1 4229/95/1 5072/95/1
f 5005/104/1 5097/104/1 5091/73/1 5012/73/1
f 5165/58/1 5201/58/1 5203/60/1 5168/60/1
f 5075/32/1 4224/32/1 5177/34/1 5129/34/1
f 5009/6/1 5094/6/1 5100/8/1 5002/8/1
f 5149/106/1 5190/106/1 5188/98/1 5146/98/1
f 5037/108/1 4299/108/1 4313/99/1 5030/99/1
f 5147/46/1 5189/46/1 5191/48/1 5150/48/1
f 5033/20/1 4308/20/1 4294/22/1 5040/22/1
f 5170/110/1 5204/110/1 5202/101/1 5167/101/1
f 5131/111/1 5178/111/1 4215/103/1 5079/103/1
f 5094/6/1 5050/6/1 5036/8/1 5100/8/1
f 5190/106/1 5222/106/1 5220/98/1 5188/98/1
f 4299/108/1 5139/108/1 5133/99/1 4313/99/1
f 5189/46/1 5221/46/1 5223/48/1 5191/48/1
f 4308/20/1 5136/20/1 5142/22/1 4294/22/1
f 5204/110/1 5236/110/1 5234/101/1 5202/101/1
f 5178/111/1 5210/111/1 5175/103/1 4215/103/1
f 5103/112/1 5027/112/1 5041/104/1 5097/104/1
f 5203/60/1 5235/60/1 5237/62/1 5205/62/1
f 5177/34/1 5209/34/1 5211/36/1 5179/36/1
f 5100/8/1 5036/8/1 5022/10/1 5106/10/1
f 5192/115/1 5224/115/1 5222/106/1 5190/106/1
f 4285/116/1 5145/116/1 5139/108/1 4299/108/1
f 5191/48/1 5223/48/1 5225/50/1 5193/50/1
f 4294/22/1 5142/22/1 5148/24/1 4280/24/1
f 5206/118/1 5238/118/1 5236/110/1 5204/110/1
f 5180/119/1 5212/119/1 5210/111/1 5178/111/1
f 5109/121/1 5013/121/1 5027/112/1 5103/112/1
f 5205/62/1 5237/62/1 5239/64/1 5207/64/1
f 5179/36/1 5211/36/1 5213/38/1 5181/38/1
f 5106/10/1 5022/10/1 5008/12/1 5112/12/1
f 5194/123/1 5226/123/1 5224/115/1 5192/115/1
f 4271/124/1 5151/124/1 5145/116/1 4285/116/1
f 5193/50/1 5225/50/1 5227/52/1 5195/52/1
f 4280/24/1 5148/24/1 5154/26/1 4266/26/1
f 5208/126/1 5240/126/1 5238/118/1 5206/118/1
f 5182/128/1 5214/128/1 5212/119/1 5180/119/1
f 5115/129/1 4999/129/1 5013/121/1 5109/121/1
f 5207/64/1 5239/64/1 5069/66/1 5085/66/1
f 5181/38/1 5213/38/1 5215/40/1 5183/40/1
f 5112/12/1 5008/12/1 4207/14/1 5118/14/1
f 5196/131/1 5228/131/1 5226/123/1 5194/123/1
f 4257/87/1 5157/87/1 5151/124/1 4271/124/1
f 5195/52/1 5227/52/1 5229/54/1 5197/54/1
f 4266/26/1 5154/26/1 5160/28/1 4252/28/1
f 5082/134/1 5078/134/1 5240/126/1 5208/126/1
f 5184/91/1 5216/91/1 5214/128/1 5182/128/1
f 5121/68/1 4187/68/1 4999/129/1 5115/129/1
f 5183/40/1 5215/40/1 5217/42/1 5185/42/1
f 5118/14/1 4207/14/1 4177/16/1 5124/16/1
f 5198/94/1 5230/94/1 5228/131/1 5196/131/1
f 4243/86/1 5163/86/1 5157/87/1 4257/87/1
f 5197/54/1 5229/54/1 5231/56/1 5199/56/1
f 4252/28/1 5160/28/1 5166/30/1 4238/30/1
f 5085/1/1 5069/1/1 5064/4/1 5088/4/1
f 5186/90/1 5218/90/1 5216/91/1 5184/91/1
f 5127/69/1 4157/69/1 4187/68/1 5121/68/1
f 5185/42/1 5217/42/1 5219/44/1 5187/44/1
f 5124/16/1 4177/16/1 5130/18/1 4322/18/1
f 5200/93/1 5232/93/1 5230/94/1 5198/94/1
f 4229/95/1 5169/95/1 5163/86/1 4243/86/1
f 5091/73/1 5055/73/1 5078/72/1 5082/72/1
f 5199/56/1 5231/56/1 5233/58/1 5201/58/1
f 4238/30/1 5166/30/1 5172/32/1 4224/32/1
f 5088/4/1 5064/4/1 5050/6/1 5094/6/1
f 5188/98/1 5220/98/1 5218/90/1 5186/90/1
f 4313/99/1 5133/99/1 4157/69/1 5127/69/1
f 5187/44/1 5219/44/1 5221/46/1 5189/46/1
f 4322/18/1 5130/18/1 5136/20/1 4308/20/1
f 5202/101/1 5234/101/1 5232/93/1 5200/93/1
f 4215/103/1 5175/103/1 5169/95/1 4229/95/1
f 5097/104/1 5041/104/1 5055/73/1 5091/73/1
f 5201/58/1 5233/58/1 5235/60/1 5203/60/1
f 4224/32/1 5172/32/1 5209/34/1 5177/34/1
f 5222/106/1 5332/106/55 5328/98/57 5220/98/1
f 5139/108/1 5280/108/81 5276/99/83 5133/99/1
f 5221/46/1 5329/46/55 5333/48/53 5223/48/1
f 5136/20/1 5277/20/81 5281/22/79 5142/22/1
f 5236/110/1 5360/110/41 5356/101/390 5234/101/1
f 5210/111/1 5308/111/67 5304/103/69 5175/103/1
f 5027/112/1 5257/300/93 5261/104/95 5041/104/1
f 5235/60/1 5357/60/41 5361/62/39 5237/62/1
f 5209/34/1 5305/34/67 5309/36/65 5211/36/1
f 5036/8/1 5260/8/93 5256/10/91 5022/10/1
f 5224/115/1 5336/115/53 5332/106/55 5222/106/1
f 5145/116/1 5284/116/79 5280/108/81 5139/108/1
f 5223/48/1 5333/48/53 5337/50/51 5225/50/1
f 5142/22/1 5281/22/79 5285/24/77 5148/24/1
f 5238/118/1 5364/118/39 5360/110/41 5236/110/1
f 5212/119/1 5312/119/65 5308/111/67 5210/111/1
f 5013/121/1 5253/121/91 5257/300/93 5027/112/1
f 5237/62/1 5361/62/39 5365/64/37 5239/64/1
f 5211/36/1 5309/36/65 5313/38/63 5213/38/1
f 5022/10/1 5256/10/91 5252/12/89 5008/12/1
f 5226/123/1 5340/123/51 5336/115/53 5224/115/1
f 5151/124/1 5288/124/77 5284/116/79 5145/116/1
f 5225/50/1 5337/50/51 5341/52/49 5227/52/1
f 5148/24/1 5285/24/77 5289/26/75 5154/26/1
f 5240/126/1 5368/126/37 5364/118/39 5238/118/1
f 5214/128/1 5316/128/63 5312/119/65 5212/119/1
f 4999/129/1 5249/129/89 5253/121/91 5013/121/1
f 5239/64/1 5365/64/37 5269/66/34 5069/66/1
f 5213/38/1 5313/38/63 5317/40/61 5215/40/1
f 5008/12/1 5252/12/89 5248/14/87 4207/14/1
f 5228/131/1 5344/131/49 5340/123/51 5226/123/1
f 5157/87/1 5292/87/75 5288/124/77 5151/124/1
f 5227/52/1 5341/52/49 5345/54/47 5229/54/1
f 5154/26/1 5289/26/75 5293/28/73 5160/28/1
f 5078/134/1 5272/134/34 5368/126/37 5240/126/1
f 5216/91/1 5320/91/61 5316/128/63 5214/128/1
f 4187/68/1 5245/68/87 5249/129/89 4999/129/1
f 5215/40/1 5317/40/61 5321/42/59 5217/42/1
f 4207/14/1 5248/14/87 5244/16/85 4177/16/1
f 5230/94/1 5348/94/47 5344/131/49 5228/131/1
f 5163/86/1 5296/86/73 5292/87/75 5157/87/1
f 5229/54/1 5345/54/47 5349/56/45 5231/56/1
f 5160/28/1 5293/28/73 5297/30/71 5166/30/1
f 5069/1/1 5269/1/34 5268/4/97 5064/4/1
f 5218/90/1 5324/90/59 5320/91/61 5216/91/1
f 4157/69/1 5241/69/85 5245/68/87 4187/68/1
f 5217/42/1 5321/42/59 5325/44/57 5219/44/1
f 4177/16/1 5244/16/85 5273/18/83 5130/18/1
f 5232/93/1 5352/93/45 5348/94/47 5230/94/1
f 5169/95/1 5300/95/71 5296/86/73 5163/86/1
f 5055/73/1 5265/73/97 5272/72/34 5078/72/1
f 5231/56/1 5349/56/45 5353/58/390 5233/58/1
f 5166/30/1 5297/30/71 5301/32/69 5172/32/1
f 5064/4/1 5268/4/97 5264/6/95 5050/6/1
f 5220/98/1 5328/98/57 5324/90/59 5218/90/1
f 5133/99/1 5276/99/83 5241/69/85 4157/69/1
f 5219/44/1 5325/44/57 5329/46/55 5221/46/1
f 5130/18/1 5273/18/83 5277/20/81 5136/20/1
f 5234/101/1 5356/101/390 5352/93/45 5232/93/1
f 5175/103/1 5304/103/69 5300/95/71 5169/95/1
f 5041/104/1 5261/104/95 5265/73/97 5055/73/1
f 5233/58/1 5353/58/390 5357/60/41 5235/60/1
f 5172/32/1 5301/32/69 5305/34/67 5209/34/1
f 5050/6/1 5264/6/95 5260/8/93 5036/8/1
f 5368/126/37 5272/134/34 5271/302/687 5367/301/686
f 5367/301/686 5271/302/687 5270/304/687 5366/303/686
f 5366/303/686 5270/304/687 5269/66/34 5365/64/37
f 5364/118/39 5368/126/37 5367/301/686 5363/305/685
f 5363/305/685 5367/301/686 5366/303/686 5362/306/685
f 5362/306/685 5366/303/686 5365/64/37 5361/62/39
f 5360/110/41 5364/118/39 5363/305/685 5359/307/684
f 5359/307/684 5363/305/685 5362/306/685 5358/308/684
f 5358/308/684 5362/306/685 5361/62/39 5357/60/41
f 5356/101/390 5360/110/41 5359/307/684 5355/309/683
f 5355/309/683 5359/307/684 5358/308/684 5354/310/683
f 5354/310/683 5358/308/684 5357/60/41 5353/58/390
f 5352/93/45 5356/101/390 5355/309/683 5351/311/682
f 5351/311/682 5355/309/683 5354/310/683 5350/312/682
f 5350/312/682 5354/310/683 5353/58/390 5349/56/45
f 5348/94/47 5352/93/45 5351/311/682 5347/313/681
f 5347/313/681 5351/311/682 5350/312/682 5346/314/681
f 5346/314/681 5350/312/682 5349/56/45 5345/54/47
f 5344/131/49 5348/94/47 5347/313/681 5343/315/680
f 5343/315/680 5347/313/681 5346/314/681 5342/316/680
f 5342/316/680 5346/314/681 5345/54/47 5341/52/49
f 5340/123/51 5344/131/49 5343/315/680 5339/317/688
f 5339/317/688 5343/315/680 5342/316/680 5338/318/688
f 5338/318/688 5342/316/680 5341/52/49 5337/50/51
f 5336/115/53 5340/123/51 5339/317/688 5335/319/689
f 5335/319/689 5339/317/688 5338/318/688 5334/320/689
f 5334/320/689 5338/318/688 5337/50/51 5333/48/53
f 5332/106/55 5336/115/53 5335/319/689 5331/321/690
f 5331/321/690 5335/319/689 5334/320/689 5330/322/690
f 5330/322/690 5334/320/689 5333/48/53 5329/46/55
f 5328/98/57 5332/106/55 5331/321/690 5327/323/691
f 5327/323/691 5331/321/690 5330/322/690 5326/324/691
f 5326/324/691 5330/322/690 5329/46/55 5325/44/57
f 5324/90/59 5328/98/57 5327/323/691 5323/325/692
f 5323/325/692 5327/323/691 5326/324/691 5322/326/692
f 5322/326/692 5326/324/691 5325/44/57 5321/42/59
f 5320/91/61 5324/90/59 5323/325/692 5319/327/693
f 5319/327/693 5323/325/692 5322/326/692 5318/328/693
f 5318/328/693 5322/326/692 5321/42/59 5317/40/61
f 5316/128/63 5320/91/61 5319/327/693 5315/329/694
f 5315/329/694 5319/327/693 5318/328/693 5314/330/694
f 5314/330/694 5318/328/693 5317/40/61 5313/38/63
f 5312/119/65 5316/128/63 5315/329/694 5311/331/695
f 5311/331/695 5315/329/694 5314/330/694 5310/332/695
f 5310/332/695 5314/330/694 5313/38/63 5309/36/65
f 5308/111/67 5312/119/65 5311/331/695 5307/333/696
f 5307/333/696 5311/331/695 5310/332/695 5306/334/696
f 5306/334/696 5310/332/695 5309/36/65 5305/34/67
f 5304/103/69 5308/111/67 5307/333/696 5303/335/697
f 5303/335/697 5307/333/696 5306/334/696 5302/336/697
f 5302/336/697 5306/334/696 5305/34/67 5301/32/69
f 5300/95/71 5304/103/69 5303/335/697 5299/337/698
f 5299/337/698 5303/335/697 5302/336/697 5298/338/698
f 5298/338/698 5302/336/697 5301/32/69 5297/30/71
f 5296/86/73 5300/95/71 5299/337/698 5295/339/699
f 5295/339/699 5299/337/698 5298/338/698 5294/340/699
f 5294/340/699 5298/338/698 5297/30/71 5293/28/73
f 5292/87/75 5296/86/73 5295/339/699 5291/341/700
f 5291/341/700 5295/339/699 5294/340/699 5290/342/700
f 5290/342/700 5294/340/699 5293/28/73 5289/26/75
f 5288/124/77 5292/87/75 5291/341/700 5287/343/701
f 5287/343/701 5291/341/700 5290/342/700 5286/344/701
f 5286/344/701 5290/342/700 5289/26/75 5285/24/77
f 5284/116/79 5288/124/77 5287/343/701 5283/345/702
f 5283/345/702 5287/343/701 5286/344/701 5282/346/702
f 5282/346/702 5286/344/701 5285/24/77 5281/22/79
f 5280/108/81 5284/116/79 5283/345/702 5279/347/703
f 5279/347/703 5283/345/702 5282/346/702 5278/348/703
f 5278/348/703 5282/346/702 5281/22/79 5277/20/81
f 5276/99/83 5280/108/81 5279/347/703 5275/349/704
f 5275/349/704 5279/347/703 5278/348/703 5274/350/704
f 5274/350/704 5278/348/703 5277/20/81 5273/18/83
f 5241/69/85 5276/99/83 5275/349/704 5242/351/705
f 5242/351/705 5275/349/704 5274/350/704 5243/352/705
f 5243/352/705 5274/350/704 5273/18/83 5244/16/85
f 5245/68/87 5241/69/85 5242/351/705 5246/353/706
f 5246/353/706 5242/351/705 5243/352/705 5247/354/706
f 5247/354/706 5243/352/705 5244/16/85 5248/14/87
f 5249/129/89 5245/68/87 5246/353/706 5250/355/707
f 5250/355/707 5246/353/706 5247/354/706 5251/356/707
f 5251/356/707 5247/354/706 5248/14/87 5252/12/89
f 5253/121/91 5249/129/89 5250/355/707 5254/357/708
f 5254/357/708 5250/355/707 5251/356/707 5255/358/708
f 5255/358/708 5251/356/707 5252/12/89 5256/10/91
f 5257/300/93 5253/121/91 5254/357/708 5258/359/709
f 5258/359/709 5254/357/708 5255/358/708 5259/360/709
f 5259/360/709 5255/358/708 5256/10/91 5260/8/93
f 5261/104/95 5257/300/93 5258/359/709 5262/361/710
f 5262/361/710 5258/359/709 5259/360/709 5263/362/710
f 5263/362/710 5259/360/709 5260/8/93 5264/6/95
f 5265/73/97 5261/104/95 5262/361/710 5266/363/711
f 5266/363/711 5262/361/710 5263/362/710 5267/364/711
f 5267/364/711 5263/362/710 5264/6/95 5268/4/97
f 5272/72/34 5265/73/97 5266/363/711 5271/365/687
f 5271/365/687 5266/363/711 5267/364/711 5270/366/687
f 5270/366/687 5267/364/711 5268/4/97 5269/1/34
usemtl Material.001
f 2602/367/896 2584/368/882 2435/369/733 2559/370/857
f 2563/371/861 2559/372/857 2435/373/733 2443/374/741
f 2588/375/886 2584/368/882 2433/376/731 2444/377/742
f 2586/378/884 2585/379/883 2438/380/736 2439/381/737
f 2561/382/859 2560/383/858 2437/384/735 2440/385/738
f 2582/386/880 2561/387/859 2440/388/738 2524/389/822
f 2601/390/895 2586/378/884 2439/381/737 2525/391/823
f 2600/392/894 2587/393/885 2442/394/740 2517/395/815
f 2580/396/878 2562/397/860 2441/398/739 2518/399/816
f 2589/400/887 2588/401/886 2444/402/742 2445/403/743
f 2564/404/862 2563/371/861 2443/374/741 2446/405/744
f 2562/397/860 2564/406/862 2446/407/744 2441/398/739
f 2587/408/885 2589/409/887 2445/410/743 2442/411/740
f 2496/412/794 2500/413/798 2460/414/758 2455/415/753
f 2500/416/798 2498/417/796 2457/418/755 2460/419/758
f 2522/420/820 2496/412/794 2455/415/753 2520/421/818
f 2529/422/827 2494/423/792 2454/424/752 2526/425/824
f 2494/423/792 2492/426/790 2451/427/749 2454/424/752
f 2498/428/796 2490/429/788 2450/430/748 2457/431/755
f 2597/432/687 2590/433/687 2449/434/747 2488/435/786
f 2516/436/814 2502/437/800 2463/438/761 2474/439/772
f 2595/440/891 2592/441/888 2461/442/759 2473/443/771
f 2568/444/866 2565/445/863 2462/446/760 2472/447/770
f 2567/448/865 2566/449/864 2467/450/765 2471/451/769
f 2594/452/890 2593/453/889 2465/454/763 2468/455/766
f 2510/456/808 2508/457/806 2466/458/764 2469/459/767
f 2476/460/774 2510/456/808 2469/459/767 2447/461/745
f 2583/462/881 2594/452/890 2468/455/766 2434/463/732
f 2436/464/734 2567/448/865 2471/451/769
f 2566/449/864 2568/444/866 2472/447/770 2467/450/765
f 2593/453/889 2595/440/891 2473/443/771 2465/454/763
f 2508/457/806 2516/436/814 2474/439/772 2466/458/764
f 2576/465/874 2578/466/876 2515/467/813 2507/468/805
f 2507/468/805 2515/467/813 2516/436/814 2508/457/806
f 2625/469/919 2611/470/905 2613/471/907 2514/472/812 2506/473/804
f 2449/474/747 2470/475/768 2622/476/916 2511/477/809 2488/478/786
f 2488/478/786 2511/477/809 2605/479/899 2607/480/901 2512/481/810 2487/482/785
f 2434/463/732 2577/483/875 2509/484/807 2477/485/775
f 2477/486/775 2509/487/807 2510/456/808 2476/460/774
f 2577/483/875 2576/488/874 2507/489/805 2509/484/807
f 2509/487/807 2507/468/805 2508/457/806 2510/456/808
f 2622/490/916 2621/491/915 2511/492/809
f 2620/493/914 2619/494/913 2503/495/801 2614/496/908
f 2626/497/920 2612/498/906 2504/499/802 2615/500/909
f 2578/501/876 2575/502/873 2501/503/799 2515/504/813
f 2515/467/813 2501/505/799 2502/437/800 2516/436/814
f 2583/462/881 2596/506/687 2487/507/785 2436/464/734
f 2596/506/687 2597/432/687 2488/435/786 2487/507/785
f 2573/508/871 2569/509/867 2489/510/787 2497/511/795
f 2497/511/795 2489/510/787 2490/429/788 2498/428/796
f 2571/512/869 2570/513/868 2491/514/789 2493/515/791
f 2493/515/791 2491/514/789 2492/426/790 2494/423/792
f 2581/516/879 2571/512/869 2493/515/791 2528/517/826
f 2528/517/826 2493/515/791 2494/423/792 2529/422/827
f 2579/518/877 2572/519/870 2495/520/793 2521/521/819
f 2521/521/819 2495/520/793 2496/412/794 2522/420/820
f 2574/522/872 2573/523/871 2497/524/795 2499/525/797
f 2499/525/797 2497/524/795 2498/417/796 2500/416/798
f 2572/519/870 2574/526/872 2499/527/797 2495/520/793
f 2495/520/793 2499/527/797 2500/413/798 2496/412/794
f 2456/528/754 2459/529/757 2485/530/783 2481/531/779
f 2481/531/779 2485/530/783 2486/532/784 2482/533/780
f 2459/529/757 2458/534/756 2483/535/781 2485/530/783
f 2485/530/783 2483/535/781 2484/536/782 2486/532/784
f 2519/537/817 2456/538/754 2481/539/779 2530/540/828
f 2530/541/828 2481/531/779 2482/533/780 2532/542/830
f 2527/543/825 2453/544/751 2534/545/832 2536/546/834
f 2453/544/751 2452/547/750 2531/548/829 2534/545/832
f 2458/534/756 2448/549/746 2478/550/776 2483/535/781
f 2483/535/781 2478/550/776 2479/551/777 2484/536/782
f 2591/552/696 2598/553/892 2478/554/776 2448/555/746
f 2598/553/892 2599/556/893 2479/557/777 2478/554/776
f 2452/558/750 2519/537/817 2530/540/828 2531/559/829
f 2491/514/789 2521/521/819 2522/420/820 2492/426/790
f 2570/513/868 2579/518/877 2521/521/819 2491/514/789
f 2492/426/790 2522/420/820 2520/421/818 2451/427/749
f 2560/560/858 2580/561/878 2518/538/816 2437/562/735
f 2585/563/883 2600/392/894 2517/395/815 2438/564/736
f 2503/565/801 2536/546/834 2537/566/835 2504/567/802 2612/568/906
f 2464/569/762 2527/543/825 2536/546/834 2503/565/801 2619/570/913
f 2501/505/799 2528/517/826 2529/422/827 2502/437/800
f 2575/502/873 2581/571/879 2528/572/826 2501/503/799
f 2502/437/800 2529/422/827 2526/425/824 2463/438/761
f 2592/573/888 2601/390/895 2525/391/823 2461/574/759
f 2565/575/863 2582/576/880 2524/577/822 2462/578/760
f 2523/579/821 2480/580/778 2531/581/829 2530/582/828
f 2538/583/836 2541/584/839 2532/585/830 2533/586/831
f 2480/587/778 2539/588/837 2534/589/832 2531/590/829
f 2540/591/838 2538/583/836 2533/586/831 2535/592/833
f 2541/584/839 2523/593/821 2530/403/828 2532/585/830
f 2539/594/837 2542/595/840 2536/546/834 2534/545/832
f 2543/596/841 2540/597/838 2535/598/833 2537/566/835
f 2542/595/840 2543/596/841 2537/566/835 2536/546/834
f 2538/599/836 2540/600/838 2547/601/845 2545/602/843
f 2542/603/840 2539/604/837 2546/605/844 2550/606/848
f 2543/607/841 2542/608/840 2550/609/848 2551/610/849
f 2541/611/839 2538/599/836 2545/602/843 2549/612/847
f 2540/600/838 2543/613/841 2551/614/849 2547/601/845
f 2523/615/821 2541/616/839 2549/617/847 2548/618/846
f 2539/604/837 2480/619/778 2544/620/842 2546/605/844
f 2480/619/778 2523/621/821 2548/622/846 2544/620/842
f 2555/623/853 2552/624/850 2544/625/842 2548/626/846
f 2554/627/852 2555/623/853 2549/628/847 2545/629/843
f 2552/624/850 2556/630/854 2546/631/844 2544/625/842
f 2557/632/855 2554/627/852 2545/629/843 2547/633/845
f 2555/623/853 2548/626/846 2549/628/847
f 2556/630/854 2558/634/856 2550/635/848 2546/631/844
f 2553/636/851 2557/632/855 2547/633/845 2551/637/849
f 2558/634/856 2553/636/851 2551/637/849 2550/635/848
f 2558/634/856 2556/630/854 2557/632/855 2553/636/851
f 2556/630/854 2552/624/850 2554/627/852 2557/632/855
f 2552/624/850 2555/623/853 2554/627/852
f 2504/638/802 2537/639/835 2582/576/880 2565/575/863
f 2461/574/759 2525/391/823 2581/571/879 2575/502/873
f 2533/640/831 2532/542/830 2580/641/878 2560/383/858
f 2438/642/736 2517/643/815 2579/518/877 2570/513/868
f 2442/644/740 2445/645/743 2574/526/872 2572/519/870
f 2445/646/743 2444/377/742 2573/523/871 2574/522/872
f 2517/643/815 2442/644/740 2572/519/870 2579/518/877
f 2525/647/823 2439/388/737 2571/648/869 2581/649/879
f 2439/650/737 2438/642/736 2570/513/868 2571/512/869
f 2444/377/742 2433/376/731 2569/651/867 2573/523/871
f 2473/652/771 2461/574/759 2575/502/873 2578/501/876
f 2468/455/766 2465/454/763 2576/488/874 2577/483/875
f 2434/463/732 2468/455/766 2577/483/875
f 2465/454/763 2473/443/771 2578/653/876 2576/488/874
f 2506/654/804 2514/655/812 2568/444/866 2566/449/864
f 2487/507/785 2512/656/810 2567/448/865 2436/464/734
f 2512/656/810 2608/657/902 2506/654/804 2566/449/864 2567/448/865
f 2514/655/812 2615/658/909 2504/659/802 2565/445/863 2568/444/866
f 2482/533/780 2486/532/784 2564/404/862 2562/660/860
f 2486/532/784 2484/536/782 2563/371/861 2564/404/862
f 2532/542/830 2482/533/780 2562/660/860 2580/641/878
f 2537/566/835 2535/598/833 2561/382/859 2582/661/880
f 2535/598/833 2533/640/831 2560/383/858 2561/382/859
f 2484/536/782 2479/551/777 2559/372/857 2563/371/861
f 2599/556/893 2602/367/896 2559/370/857 2479/557/777
f 2489/662/787 2569/651/867 2602/367/896 2599/556/893
f 2462/578/760 2524/577/822 2601/390/895 2592/573/888
f 2437/663/735 2518/399/816 2600/392/894 2585/563/883
f 2490/664/788 2489/662/787 2599/556/893 2598/553/892
f 2450/665/748 2490/664/788 2598/553/892 2591/552/696
f 2477/485/775 2476/666/774 2597/432/687 2596/506/687
f 2434/463/732 2477/485/775 2596/506/687 2583/462/881
f 2467/450/765 2472/447/770 2595/440/891 2593/453/889
f 2436/464/734 2471/451/769 2594/452/890 2583/462/881
f 2471/451/769 2467/450/765 2593/453/889 2594/452/890
f 2472/447/770 2462/446/760 2592/441/888 2595/440/891
f 2476/666/774 2447/667/745 2590/433/687 2597/432/687
f 2441/668/739 2446/669/744 2589/409/887 2587/408/885
f 2446/670/744 2443/671/741 2588/401/886 2589/400/887
f 2518/399/816 2441/398/739 2587/393/885 2600/392/894
f 2524/577/822 2440/672/738 2586/378/884 2601/390/895
f 2440/672/738 2437/673/735 2585/379/883 2586/378/884
f 2443/674/741 2435/369/733 2584/368/882 2588/375/886
f 2569/651/867 2433/376/731 2584/368/882 2602/367/896
f 2470/675/768 2630/676/924 2622/677/916
f 2511/492/809 2621/491/915 2623/678/917 2605/679/899
f 2607/680/901 2624/681/918 2608/682/902 2512/683/810
f 2605/679/899 2623/678/917 2624/681/918 2607/680/901
f 2608/682/902 2624/681/918 2625/469/919 2506/473/804
f 2626/497/920 2615/500/909 2514/472/812 2613/471/907 2611/470/905
f 2614/496/908 2503/495/801 2612/498/906 2626/497/920
f 2614/496/908 2626/497/920 2617/684/911
f 2652/685/945 2464/686/762 2619/494/913 2620/493/914
f 2603/687/897 2629/688/923 2621/689/915 2622/690/916
f 2630/691/924 2603/687/897 2622/690/916
f 2629/688/923 2632/692/926 2623/693/917 2621/689/915
f 2632/692/926 2631/694/925 2624/695/918 2623/693/917
f 2631/694/925 2610/696/904 2625/697/919 2624/695/918
f 2610/696/904 2648/698/942 2611/699/905 2625/697/919
f 2648/698/942 2627/700/921 2626/701/920 2611/699/905
f 2627/700/921 2633/702/927 2617/703/911 2626/701/920
f 2633/702/927 2628/704/922 2614/705/908 2617/703/911
f 2628/704/922 2649/706/943 2620/707/914 2614/705/908
f 2603/687/897 2630/691/924 2650/691/944 2651/691/944 2635/691/929 2647/687/941
f 2628/704/922 2633/702/927 2644/702/938 2505/704/803
f 2629/688/923 2603/687/897 2647/687/941 2634/688/928
f 2633/702/927 2627/700/921 2645/700/939 2644/702/938
f 2627/700/921 2648/698/942 2643/698/937 2645/700/939
f 2648/698/942 2610/696/904 2641/696/935 2643/698/937
f 2610/696/904 2631/694/925 2640/694/934 2641/696/935
f 2631/694/925 2632/692/926 2638/692/932 2640/694/934
f 2618/708/912 2649/706/943 2646/706/940 2609/708/903
f 2632/692/926 2629/688/923 2634/688/928 2638/692/932
f 2616/709/910 2475/710/773 2604/711/898 2513/712/811 2606/713/900
f 2640/694/934 2637/714/931 2636/715/930 2639/716/933
f 2635/691/929 2616/709/910 2606/713/900 2634/688/928 2647/687/941
f 2634/688/928 2606/713/900 2636/715/930 2637/714/931 2638/692/932
f 2638/692/932 2637/714/931 2640/694/934
f 2640/694/934 2639/716/933 2641/696/935
f 2606/713/900 2513/712/811 2644/702/938 2642/717/936 2643/698/937 2641/696/935 2639/716/933 2636/715/930
f 2644/702/938 2645/700/939 2642/717/936
f 2642/717/936 2645/700/939 2643/698/937
f 2513/712/811 2505/704/803 2644/702/938
f 2604/711/898 2646/706/940 2505/704/803 2513/712/811
f 2475/710/773 2609/708/903 2646/706/940 2604/711/898
f 2649/706/943 2628/704/922 2505/704/803 2646/706/940
f 2618/718/912 2652/719/945 2620/707/914 2649/706/943
f 2886/367/896 2868/368/882 2719/369/733 2843/370/857
f 2847/371/861 2843/372/857 2719/373/733 2727/374/741
f 2872/375/886 2868/368/882 2717/376/731 2728/377/742
f 2870/378/884 2869/379/883 2722/380/736 2723/381/737
f 2845/382/859 2844/383/858 2721/384/735 2724/385/738
f 2866/386/880 2845/387/859 2724/388/738 2808/389/822
f 2885/390/978 2870/378/884 2723/381/737 2809/391/823
f 2884/392/894 2871/393/885 2726/394/976 2801/395/815
f 2864/396/878 2846/397/860 2725/398/739 2802/399/816
f 2873/400/887 2872/401/886 2728/402/742 2729/403/743
f 2848/404/862 2847/371/861 2727/374/741 2730/405/744
f 2846/397/860 2848/406/862 2730/407/744 2725/398/739
f 2871/408/885 2873/409/887 2729/410/743 2726/411/976
f 2780/412/794 2784/413/798 2744/414/758 2739/415/753
f 2784/416/798 2782/417/796 2741/418/755 2744/419/758
f 2806/420/820 2780/412/794 2739/415/753 2804/421/818
f 2813/422/827 2778/423/792 2738/424/752 2810/425/824
f 2778/423/792 2776/426/790 2735/427/749 2738/424/752
f 2782/428/796 2774/429/788 2734/430/748 2741/431/755
f 2881/432/687 2874/433/687 2733/434/747 2772/435/786
f 2800/436/814 2786/437/800 2747/438/761 2758/439/772
f 2879/440/891 2876/441/888 2745/442/759 2757/443/771
f 2852/444/866 2849/445/863 2746/446/760 2756/447/770
f 2851/448/865 2850/449/864 2751/450/765 2755/451/769
f 2878/452/890 2877/453/889 2749/454/763 2752/455/766
f 2794/456/808 2792/457/806 2750/458/764 2753/459/767
f 2760/460/774 2794/456/808 2753/459/767 2731/461/745
f 2867/462/881 2878/452/890 2752/455/766 2718/463/732
f 2720/464/734 2851/448/865 2755/451/769
f 2850/449/864 2852/444/866 2756/447/770 2751/450/765
f 2877/453/889 2879/440/891 2757/443/771 2749/454/763
f 2792/457/806 2800/436/814 2758/439/772 2750/458/764
f 2860/465/874 2862/466/876 2799/467/813 2791/468/805
f 2791/468/805 2799/467/813 2800/436/814 2792/457/806
f 2909/469/919 2895/470/905 2897/471/907 2798/472/812 2790/473/804
f 2733/474/747 2754/475/768 2906/476/916 2795/477/809 2772/478/786
f 2772/478/786 2795/477/809 2889/479/899 2891/480/901 2796/481/810 2771/482/785
f 2718/463/732 2861/483/875 2793/484/807 2761/485/775
f 2761/486/775 2793/487/807 2794/456/808 2760/460/774
f 2861/483/875 2860/488/874 2791/489/805 2793/484/807
f 2793/487/807 2791/468/805 2792/457/806 2794/456/808
f 2906/490/916 2905/491/915 2795/492/809
f 2904/493/914 2903/494/913 2787/495/801 2898/496/908
f 2910/497/920 2896/498/906 2788/499/802 2899/500/909
f 2862/501/876 2859/502/873 2785/503/799 2799/504/813
f 2799/467/813 2785/505/799 2786/437/800 2800/436/814
f 2867/462/881 2880/506/687 2771/507/785 2720/464/734
f 2880/506/687 2881/432/687 2772/435/786 2771/507/785
f 2857/508/977 2853/509/867 2773/510/787 2781/511/795
f 2781/511/795 2773/510/787 2774/429/788 2782/428/796
f 2855/512/869 2854/513/868 2775/514/789 2777/515/791
f 2777/515/791 2775/514/789 2776/426/790 2778/423/792
f 2865/516/879 2855/512/869 2777/515/791 2812/517/826
f 2812/517/826 2777/515/791 2778/423/792 2813/422/827
f 2863/518/877 2856/519/870 2779/520/793 2805/521/819
f 2805/521/819 2779/520/793 2780/412/794 2806/420/820
f 2858/522/872 2857/523/977 2781/524/795 2783/525/797
f 2783/525/797 2781/524/795 2782/417/796 2784/416/798
f 2856/519/870 2858/526/872 2783/527/797 2779/520/793
f 2779/520/793 2783/527/797 2784/413/798 2780/412/794
f 2740/528/754 2743/529/757 2769/530/783 2765/531/779
f 2765/531/779 2769/530/783 2770/532/784 2766/533/780
f 2743/529/757 2742/534/756 2767/535/781 2769/530/783
f 2769/530/783 2767/535/781 2768/536/782 2770/532/784
f 2803/537/817 2740/538/754 2765/539/779 2814/540/828
f 2814/541/828 2765/531/779 2766/533/780 2816/542/830
f 2811/543/825 2737/544/751 2818/545/832 2820/546/834
f 2737/544/751 2736/547/750 2815/548/829 2818/545/832
f 2742/534/756 2732/549/746 2762/550/776 2767/535/781
f 2767/535/781 2762/550/776 2763/551/777 2768/536/782
f 2875/552/696 2882/553/892 2762/554/776 2732/555/746
f 2882/553/892 2883/556/893 2763/557/777 2762/554/776
f 2736/558/750 2803/537/817 2814/540/828 2815/559/829
f 2775/514/789 2805/521/819 2806/420/820 2776/426/790
f 2854/513/868 2863/518/877 2805/521/819 2775/514/789
f 2776/426/790 2806/420/820 2804/421/818 2735/427/749
f 2844/560/858 2864/561/878 2802/538/816 2721/562/735
f 2869/563/883 2884/392/894 2801/395/815 2722/564/736
f 2787/565/801 2820/546/834 2821/566/835 2788/567/802 2896/568/906
f 2748/569/762 2811/543/825 2820/546/834 2787/565/801 2903/570/913
f 2785/505/799 2812/517/826 2813/422/827 2786/437/800
f 2859/502/873 2865/571/879 2812/572/826 2785/503/799
f 2786/437/800 2813/422/827 2810/425/824 2747/438/761
f 2876/573/888 2885/390/978 2809/391/823 2745/574/759
f 2849/575/863 2866/576/880 2808/577/822 2746/578/760
f 2807/579/821 2764/580/778 2815/581/829 2814/582/828
f 2822/583/836 2825/584/839 2816/585/830 2817/586/831
f 2764/587/778 2823/588/837 2818/589/832 2815/590/829
f 2824/591/838 2822/583/836 2817/586/831 2819/592/833
f 2825/584/839 2807/593/821 2814/403/828 2816/585/830
f 2823/594/837 2826/595/840 2820/546/834 2818/545/832
f 2827/596/841 2824/597/838 2819/598/833 2821/566/835
f 2826/595/840 2827/596/841 2821/566/835 2820/546/834
f 2822/599/836 2824/600/838 2831/601/845 2829/602/843
f 2826/603/840 2823/604/837 2830/605/844 2834/606/848
f 2827/607/841 2826/608/840 2834/609/848 2835/610/849
f 2825/611/839 2822/599/836 2829/602/843 2833/612/847
f 2824/600/838 2827/613/841 2835/614/849 2831/601/845
f 2807/615/821 2825/616/839 2833/617/847 2832/618/846
f 2823/604/837 2764/619/778 2828/620/842 2830/605/844
f 2764/619/778 2807/621/821 2832/622/846 2828/620/842
f 2839/623/853 2836/624/850 2828/625/842 2832/626/846
f 2838/627/852 2839/623/853 2833/628/847 2829/629/843
f 2836/624/850 2840/630/854 2830/631/844 2828/625/842
f 2841/632/855 2838/627/852 2829/629/843 2831/633/845
f 2839/623/853 2832/626/846 2833/628/847
f 2840/630/854 2842/634/856 2834/635/848 2830/631/844
f 2837/636/851 2841/632/855 2831/633/845 2835/637/849
f 2842/634/856 2837/636/851 2835/637/849 2834/635/848
f 2842/634/856 2840/630/854 2841/632/855 2837/636/851
f 2840/630/854 2836/624/850 2838/627/852 2841/632/855
f 2836/624/850 2839/623/853 2838/627/852
f 2788/638/802 2821/639/835 2866/576/880 2849/575/863
f 2745/574/759 2809/391/823 2865/571/879 2859/502/873
f 2817/640/831 2816/542/830 2864/641/878 2844/383/858
f 2722/642/736 2801/643/815 2863/518/877 2854/513/868
f 2726/644/976 2729/645/743 2858/526/872 2856/519/870
f 2729/646/743 2728/377/742 2857/523/977 2858/522/872
f 2801/643/815 2726/644/976 2856/519/870 2863/518/877
f 2809/647/823 2723/388/737 2855/648/869 2865/649/879
f 2723/650/737 2722/642/736 2854/513/868 2855/512/869
f 2728/377/742 2717/376/731 2853/651/867 2857/523/977
f 2757/652/771 2745/574/759 2859/502/873 2862/501/876
f 2752/455/766 2749/454/763 2860/488/874 2861/483/875
f 2718/463/732 2752/455/766 2861/483/875
f 2749/454/763 2757/443/771 2862/653/876 2860/488/874
f 2790/654/804 2798/655/812 2852/444/866 2850/449/864
f 2771/507/785 2796/656/810 2851/448/865 2720/464/734
f 2796/656/810 2892/657/902 2790/654/804 2850/449/864 2851/448/865
f 2798/655/812 2899/658/909 2788/659/802 2849/445/863 2852/444/866
f 2766/533/780 2770/532/784 2848/404/862 2846/660/860
f 2770/532/784 2768/536/782 2847/371/861 2848/404/862
f 2816/542/830 2766/533/780 2846/660/860 2864/641/878
f 2821/566/835 2819/598/833 2845/382/859 2866/661/880
f 2819/598/833 2817/640/831 2844/383/858 2845/382/859
f 2768/536/782 2763/551/777 2843/372/857 2847/371/861
f 2883/556/893 2886/367/896 2843/370/857 2763/557/777
f 2773/662/787 2853/651/867 2886/367/896 2883/556/893
f 2746/578/760 2808/577/822 2885/390/978 2876/573/888
f 2721/663/735 2802/399/816 2884/392/894 2869/563/883
f 2774/664/788 2773/662/787 2883/556/893 2882/553/892
f 2734/665/748 2774/664/788 2882/553/892 2875/552/696
f 2761/485/775 2760/666/774 2881/432/687 2880/506/687
f 2718/463/732 2761/485/775 2880/506/687 2867/462/881
f 2751/450/765 2756/447/770 2879/440/891 2877/453/889
f 2720/464/734 2755/451/769 2878/452/890 2867/462/881
f 2755/451/769 2751/450/765 2877/453/889 2878/452/890
f 2756/447/770 2746/446/760 2876/441/888 2879/440/891
f 2760/666/774 2731/667/745 2874/433/687 2881/432/687
f 2725/668/739 2730/669/744 2873/409/887 2871/408/885
f 2730/670/744 2727/671/741 2872/401/886 2873/400/887
f 2802/399/816 2725/398/739 2871/393/885 2884/392/894
f 2808/577/822 2724/672/738 2870/378/884 2885/390/978
f 2724/672/738 2721/673/735 2869/379/883 2870/378/884
f 2727/674/741 2719/369/733 2868/368/882 2872/375/886
f 2853/651/867 2717/376/731 2868/368/882 2886/367/896
f 2754/675/768 2914/676/924 2906/677/916
f 2795/492/809 2905/491/915 2907/678/917 2889/679/899
f 2891/680/901 2908/681/918 2892/682/902 2796/683/810
f 2889/679/899 2907/678/917 2908/681/918 2891/680/901
f 2892/682/902 2908/681/918 2909/469/919 2790/473/804
f 2910/497/920 2899/500/909 2798/472/812 2897/471/907 2895/470/905
f 2898/496/908 2787/495/801 2896/498/906 2910/497/920
f 2898/496/908 2910/497/920 2901/684/911
f 2936/685/945 2748/686/762 2903/494/913 2904/493/914
f 2887/687/897 2913/688/923 2905/689/915 2906/690/916
f 2914/691/924 2887/687/897 2906/690/916
f 2913/688/923 2916/692/926 2907/693/917 2905/689/915
f 2916/692/926 2915/694/925 2908/695/918 2907/693/917
f 2915/694/925 2894/696/904 2909/697/919 2908/695/918
f 2894/696/904 2932/698/942 2895/699/905 2909/697/919
f 2932/698/942 2911/700/921 2910/701/920 2895/699/905
f 2911/700/921 2917/702/927 2901/703/911 2910/701/920
f 2917/702/927 2912/704/922 2898/705/908 2901/703/911
f 2912/704/922 2933/706/943 2904/707/914 2898/705/908
f 2887/687/897 2914/691/924 2934/691/944 2935/691/944 2919/691/929 2931/687/941
f 2912/704/922 2917/702/927 2928/702/938 2789/704/803
f 2913/688/923 2887/687/897 2931/687/941 2918/688/928
f 2917/702/927 2911/700/921 2929/700/939 2928/702/938
f 2911/700/921 2932/698/942 2927/698/937 2929/700/939
f 2932/698/942 2894/696/904 2925/696/935 2927/698/937
f 2894/696/904 2915/694/925 2924/694/934 2925/696/935
f 2915/694/925 2916/692/926 2922/692/932 2924/694/934
f 2902/708/912 2933/706/943 2930/706/940 2893/708/903
f 2916/692/926 2913/688/923 2918/688/928 2922/692/932
f 2900/709/910 2759/710/773 2888/711/898 2797/712/811 2890/713/900
f 2924/694/934 2921/714/931 2920/715/930 2923/716/933
f 2919/691/929 2900/709/910 2890/713/900 2918/688/928 2931/687/941
f 2918/688/928 2890/713/900 2920/715/930 2921/714/931 2922/692/932
f 2922/692/932 2921/714/931 2924/694/934
f 2924/694/934 2923/716/933 2925/696/935
f 2890/713/900 2797/712/811 2928/702/938 2926/717/936 2927/698/937 2925/696/935 2923/716/933 2920/715/930
f 2928/702/938 2929/700/939 2926/717/936
f 2926/717/936 2929/700/939 2927/698/937
f 2797/712/811 2789/704/803 2928/702/938
f 2888/711/898 2930/706/940 2789/704/803 2797/712/811
f 2759/710/773 2893/708/903 2930/706/940 2888/711/898
f 2933/706/943 2912/704/922 2789/704/803 2930/706/940
f 2902/718/912 2936/719/945 2904/707/914 2933/706/943
f 5538/367/1160 5495/370/1121 5371/369/1000 5520/368/1146
f 5499/371/1125 5379/374/1008 5371/373/1000 5495/372/1121
f 5524/375/1150 5380/377/1009 5369/376/998 5520/368/1146
f 5522/378/1148 5375/381/1004 5374/380/1003 5521/379/1147
f 5497/382/1123 5376/385/1005 5373/384/1002 5496/383/1122
f 5518/386/1144 5460/389/1088 5376/388/1005 5497/387/1123
f 5537/390/1159 5461/391/1089 5375/381/1004 5522/378/1148
f 5536/392/1158 5453/395/1081 5378/394/1007 5523/393/1149
f 5516/396/1142 5454/399/1082 5377/398/1006 5498/397/1124
f 5525/400/1151 5381/403/1010 5380/402/1009 5524/401/1150
f 5500/404/1126 5382/405/1011 5379/374/1008 5499/371/1125
f 5498/397/1124 5377/398/1006 5382/407/1011 5500/406/1126
f 5523/408/1149 5378/411/1007 5381/410/1010 5525/409/1151
f 5432/412/1060 5391/415/1020 5396/414/758 5436/413/1064
f 5436/416/1064 5396/419/758 5393/418/1022 5434/417/1062
f 5458/420/1086 5456/421/1084 5391/415/1020 5432/412/1060
f 5465/422/1091 5462/425/824 5390/424/1019 5430/423/1058
f 5430/423/1058 5390/424/1019 5387/427/1016 5428/426/1056
f 5434/428/1062 5393/431/1022 5386/430/1015 5426/429/1054
f 5533/432/687 5424/435/1052 5385/434/1014 5526/433/687
f 5452/436/1080 5410/439/1038 5399/438/1027 5438/437/1066
f 5531/440/1155 5409/443/1037 5397/442/1025 5528/441/1152
f 5504/444/1130 5408/447/1036 5398/446/1026 5501/445/1127
f 5503/448/1129 5407/451/1035 5403/450/1031 5502/449/1128
f 5530/452/1154 5404/455/1032 5401/454/1029 5529/453/1153
f 5446/456/1074 5405/459/1033 5402/458/1030 5444/457/1072
f 5412/460/1040 5383/461/1012 5405/459/1033 5446/456/1074
f 5519/462/1145 5370/463/999 5404/455/1032 5530/452/1154
f 5372/464/1001 5407/451/1035 5503/448/1129
f 5502/449/1128 5403/450/1031 5408/447/1036 5504/444/1130
f 5529/453/1153 5401/454/1029 5409/443/1037 5531/440/1155
f 5444/457/1072 5402/458/1030 5410/439/1038 5452/436/1080
f 5512/465/1138 5443/468/1071 5451/467/1079 5514/466/1140
f 5443/468/1071 5444/457/1072 5452/436/1080 5451/467/1079
f 5561/469/1183 5442/473/1070 5450/472/1078 5549/471/1171 5547/470/1169
f 5385/474/1014 5424/478/1052 5447/477/1075 5558/476/1180 5406/475/1034
f 5424/478/1052 5423/482/1051 5448/481/1076 5543/480/1165 5541/479/1163 5447/477/1075
f 5370/463/999 5413/485/1041 5445/484/1073 5513/483/1139
f 5413/486/1041 5412/460/1040 5446/456/1074 5445/487/1073
f 5513/483/1139 5445/484/1073 5443/489/1071 5512/488/1138
f 5445/487/1073 5446/456/1074 5444/457/1072 5443/468/1071
f 5558/490/1180 5447/492/1075 5557/491/1179
f 5556/493/1178 5550/496/1172 5439/495/1067 5555/494/1177
f 5562/497/1184 5551/500/1173 5440/499/1068 5548/498/1170
f 5514/501/1140 5451/504/1079 5437/503/1065 5511/502/1137
f 5451/467/1079 5452/436/1080 5438/437/1066 5437/505/1065
f 5519/462/1145 5372/464/1001 5423/507/1051 5532/506/687
f 5532/506/687 5423/507/1051 5424/435/1052 5533/432/687
f 5509/508/1135 5433/511/1061 5425/510/1053 5505/509/1131
f 5433/511/1061 5434/428/1062 5426/429/1054 5425/510/1053
f 5507/512/1133 5429/515/1057 5427/514/1055 5506/513/1132
f 5429/515/1057 5430/423/1058 5428/426/1056 5427/514/1055
f 5517/516/1143 5464/517/1090 5429/515/1057 5507/512/1133
f 5464/517/1090 5465/422/1091 5430/423/1058 5429/515/1057
f 5515/518/1141 5457/521/1085 5431/520/1059 5508/519/1134
f 5457/521/1085 5458/420/1086 5432/412/1060 5431/520/1059
f 5510/522/1136 5435/525/1063 5433/524/1061 5509/523/1135
f 5435/525/1063 5436/416/1064 5434/417/1062 5433/524/1061
f 5508/519/1134 5431/520/1059 5435/527/1063 5510/526/1136
f 5431/520/1059 5432/412/1060 5436/413/1064 5435/527/1063
f 5392/528/1021 5417/531/1045 5421/530/1049 5395/529/1024
f 5417/531/1045 5418/533/1046 5422/532/1050 5421/530/1049
f 5395/529/1024 5421/530/1049 5419/535/1047 5394/534/1023
f 5421/530/1049 5422/532/1050 5420/536/1048 5419/535/1047
f 5455/537/1083 5466/540/1092 5417/539/1045 5392/538/1021
f 5466/541/1092 5468/542/1094 5418/533/1046 5417/531/1045
f 5463/543/825 5472/546/1098 5470/545/1096 5389/544/1018
f 5389/544/1018 5470/545/1096 5467/548/1093 5388/547/1017
f 5394/534/1023 5419/535/1047 5414/550/1042 5384/549/1013
f 5419/535/1047 5420/536/1048 5415/551/1043 5414/550/1042
f 5527/552/696 5384/555/1013 5414/554/1042 5534/553/1156
f 5534/553/1156 5414/554/1042 5415/557/1043 5535/556/1157
f 5388/558/1017 5467/559/1093 5466/540/1092 5455/537/1083
f 5427/514/1055 5428/426/1056 5458/420/1086 5457/521/1085
f 5506/513/1132 5427/514/1055 5457/521/1085 5515/518/1141
f 5428/426/1056 5387/427/1016 5456/421/1084 5458/420/1086
f 5496/560/1122 5373/562/1002 5454/538/1082 5516/561/1142
f 5521/563/1147 5374/564/1003 5453/395/1081 5536/392/1158
f 5439/565/1067 5548/568/1170 5440/567/1068 5473/566/1099 5472/546/1098
f 5400/569/1028 5555/570/1177 5439/565/1067 5472/546/1098 5463/543/825
f 5437/505/1065 5438/437/1066 5465/422/1091 5464/517/1090
f 5511/502/1137 5437/503/1065 5464/572/1090 5517/571/1143
f 5438/437/1066 5399/438/1027 5462/425/824 5465/422/1091
f 5528/573/1152 5397/574/1025 5461/391/1089 5537/390/1159
f 5501/575/1127 5398/578/1026 5460/577/1088 5518/576/1144
f 5459/579/1087 5466/582/1092 5467/581/1093 5416/580/1044
f 5474/583/1100 5469/586/1095 5468/585/1094 5477/584/1103
f 5416/587/1044 5467/590/1093 5470/589/1096 5475/588/1101
f 5476/591/1102 5471/592/1097 5469/586/1095 5474/583/1100
f 5477/584/1103 5468/585/1094 5466/403/1092 5459/593/1087
f 5475/594/1101 5470/545/1096 5472/546/1098 5478/595/1104
f 5479/596/1105 5473/566/1099 5471/598/1097 5476/597/1102
f 5478/595/1104 5472/546/1098 5473/566/1099 5479/596/1105
f 5474/599/1100 5481/602/1107 5483/601/1109 5476/600/1102
f 5478/603/1104 5486/606/1112 5482/605/1108 5475/604/1101
f 5479/607/1105 5487/610/1113 5486/609/1112 5478/608/1104
f 5477/611/1103 5485/612/1111 5481/602/1107 5474/599/1100
f 5476/600/1102 5483/601/1109 5487/614/1113 5479/613/1105
f 5459/615/1087 5484/618/1110 5485/617/1111 5477/616/1103
f 5475/604/1101 5482/605/1108 5480/620/1106 5416/619/1044
f 5416/619/1044 5480/620/1106 5484/622/1110 5459/621/1087
f 5491/623/1117 5484/626/1110 5480/625/1106 5488/624/1114
f 5490/627/1116 5481/629/1107 5485/628/1111 5491/623/1117
f 5488/624/1114 5480/625/1106 5482/631/1108 5492/630/1118
f 5493/632/1119 5483/633/1109 5481/629/1107 5490/627/1116
f 5491/623/1117 5485/628/1111 5484/626/1110
f 5492/630/1118 5482/631/1108 5486/635/1112 5494/634/1120
f 5489/636/1115 5487/637/1113 5483/633/1109 5493/632/1119
f 5494/634/1120 5486/635/1112 5487/637/1113 5489/636/1115
f 5494/634/1120 5489/636/1115 5493/632/1119 5492/630/1118
f 5492/630/1118 5493/632/1119 5490/627/1116 5488/624/1114
f 5488/624/1114 5490/627/1116 5491/623/1117
f 5440/638/1068 5501/575/1127 5518/576/1144 5473/639/1099
f 5397/574/1025 5511/502/1137 5517/571/1143 5461/391/1089
f 5469/640/1095 5496/383/1122 5516/641/1142 5468/542/1094
f 5374/642/1003 5506/513/1132 5515/518/1141 5453/643/1081
f 5378/644/1007 5508/519/1134 5510/526/1136 5381/645/1010
f 5381/646/1010 5510/522/1136 5509/523/1135 5380/377/1009
f 5453/643/1081 5515/518/1141 5508/519/1134 5378/644/1007
f 5461/647/1089 5517/649/1143 5507/648/1133 5375/388/1004
f 5375/650/1004 5507/512/1133 5506/513/1132 5374/642/1003
f 5380/377/1009 5509/523/1135 5505/651/1131 5369/376/998
f 5409/652/1037 5514/501/1140 5511/502/1137 5397/574/1025
f 5404/455/1032 5513/483/1139 5512/488/1138 5401/454/1029
f 5370/463/999 5513/483/1139 5404/455/1032
f 5401/454/1029 5512/488/1138 5514/653/1140 5409/443/1037
f 5442/654/1070 5502/449/1128 5504/444/1130 5450/655/1078
f 5423/507/1051 5372/464/1001 5503/448/1129 5448/656/1076
f 5448/656/1076 5503/448/1129 5502/449/1128 5442/654/1070 5544/657/1166
f 5450/655/1078 5504/444/1130 5501/445/1127 5440/659/1068 5551/658/1173
f 5418/533/1046 5498/660/1124 5500/404/1126 5422/532/1050
f 5422/532/1050 5500/404/1126 5499/371/1125 5420/536/1048
f 5468/542/1094 5516/641/1142 5498/660/1124 5418/533/1046
f 5473/566/1099 5518/661/1144 5497/382/1123 5471/598/1097
f 5471/598/1097 5497/382/1123 5496/383/1122 5469/640/1095
f 5420/536/1048 5499/371/1125 5495/372/1121 5415/551/1043
f 5535/556/1157 5415/557/1043 5495/370/1121 5538/367/1160
f 5425/662/1053 5535/556/1157 5538/367/1160 5505/651/1131
f 5398/578/1026 5528/573/1152 5537/390/1159 5460/577/1088
f 5373/663/1002 5521/563/1147 5536/392/1158 5454/399/1082
f 5426/664/1054 5534/553/1156 5535/556/1157 5425/662/1053
f 5386/665/1015 5527/552/696 5534/553/1156 5426/664/1054
f 5413/485/1041 5532/506/687 5533/432/687 5412/666/1040
f 5370/463/999 5519/462/1145 5532/506/687 5413/485/1041
f 5403/450/1031 5529/453/1153 5531/440/1155 5408/447/1036
f 5372/464/1001 5519/462/1145 5530/452/1154 5407/451/1035
f 5407/451/1035 5530/452/1154 5529/453/1153 5403/450/1031
f 5408/447/1036 5531/440/1155 5528/441/1152 5398/446/1026
f 5412/666/1040 5533/432/687 5526/433/687 5383/667/1012
f 5377/668/1006 5523/408/1149 5525/409/1151 5382/669/1011
f 5382/670/1011 5525/400/1151 5524/401/1150 5379/671/1008
f 5454/399/1082 5536/392/1158 5523/393/1149 5377/398/1006
f 5460/577/1088 5537/390/1159 5522/378/1148 5376/672/1005
f 5376/672/1005 5522/378/1148 5521/379/1147 5373/673/1002
f 5379/674/1008 5524/375/1150 5520/368/1146 5371/369/1000
f 5505/651/1131 5538/367/1160 5520/368/1146 5369/376/998
f 5406/675/1034 5558/677/1180 5566/676/1188
f 5447/492/1075 5541/679/1163 5559/678/1181 5557/491/1179
f 5543/680/1165 5448/683/1076 5544/682/1166 5560/681/1182
f 5541/679/1163 5543/680/1165 5560/681/1182 5559/678/1181
f 5544/682/1166 5442/473/1070 5561/469/1183 5560/681/1182
f 5562/497/1184 5547/470/1169 5549/471/1171 5450/472/1078 5551/500/1173
f 5550/496/1172 5562/497/1184 5548/498/1170 5439/495/1067
f 5550/496/1172 5553/684/1175 5562/497/1184
f 5588/685/1209 5556/493/1178 5555/494/1177 5400/686/1028
f 5539/687/1161 5558/690/1180 5557/689/1179 5565/688/1187
f 5566/691/1188 5558/690/1180 5539/687/1161
f 5565/688/1187 5557/689/1179 5559/693/1181 5568/692/1190
f 5568/692/1190 5559/693/1181 5560/695/1182 5567/694/1189
f 5567/694/1189 5560/695/1182 5561/697/1183 5546/696/1168
f 5546/696/1168 5561/697/1183 5547/699/1169 5584/698/1206
f 5584/698/1206 5547/699/1169 5562/701/1184 5563/700/1185
f 5563/700/1185 5562/701/1184 5553/703/1175 5569/702/1191
f 5569/702/1191 5553/703/1175 5550/705/1172 5564/704/1186
f 5564/704/1186 5550/705/1172 5556/707/1178 5585/706/1207
f 5539/687/1161 5583/687/1205 5571/691/1193 5587/691/1208 5586/691/1208 5566/691/1188
f 5564/704/1186 5441/704/1069 5580/702/1202 5569/702/1191
f 5565/688/1187 5570/688/1192 5583/687/1205 5539/687/1161
f 5569/702/1191 5580/702/1202 5581/700/1203 5563/700/1185
f 5563/700/1185 5581/700/1203 5579/698/1201 5584/698/1206
f 5584/698/1206 5579/698/1201 5577/696/1199 5546/696/1168
f 5546/696/1168 5577/696/1199 5576/694/1198 5567/694/1189
f 5567/694/1189 5576/694/1198 5574/692/1196 5568/692/1190
f 5554/708/1176 5545/708/1167 5582/706/1204 5585/706/1207
f 5568/692/1190 5574/692/1196 5570/688/1192 5565/688/1187
f 5552/709/1174 5542/713/1164 5449/712/1077 5540/711/1162 5411/710/1039
f 5576/694/1198 5575/716/1197 5572/715/1194 5573/714/1195
f 5571/691/1193 5583/687/1205 5570/688/1192 5542/713/1164 5552/709/1174
f 5570/688/1192 5574/692/1196 5573/714/1195 5572/715/1194 5542/713/1164
f 5574/692/1196 5576/694/1198 5573/714/1195
f 5576/694/1198 5577/696/1199 5575/716/1197
f 5542/713/1164 5572/715/1194 5575/716/1197 5577/696/1199 5579/698/1201 5578/717/1200 5580/702/1202 5449/712/1077
f 5580/702/1202 5578/717/1200 5581/700/1203
f 5578/717/1200 5579/698/1201 5581/700/1203
f 5449/712/1077 5580/702/1202 5441/704/1069
f 5540/711/1162 5449/712/1077 5441/704/1069 5582/706/1204
f 5411/710/1039 5540/711/1162 5582/706/1204 5545/708/1167
f 5585/706/1207 5582/706/1204 5441/704/1069 5564/704/1186
f 5554/718/1176 5585/706/1207 5556/707/1178 5588/719/1209
f 5822/367/1160 5779/370/1121 5655/369/1000 5804/368/1146
f 5783/371/1125 5663/374/1008 5655/373/1000 5779/372/1121
f 5808/375/1150 5664/377/1009 5653/376/998 5804/368/1146
f 5806/378/1148 5659/381/1004 5658/380/1003 5805/379/1147
f 5781/382/1123 5660/385/1005 5657/384/1002 5780/383/1122
f 5802/386/1144 5744/389/1088 5660/388/1005 5781/387/1123
f 5821/390/1159 5745/391/1089 5659/381/1004 5806/378/1148
f 5820/392/1158 5737/395/1081 5662/394/1233 5807/393/1149
f 5800/396/1142 5738/399/1082 5661/398/1006 5782/397/1124
f 5809/400/1151 5665/403/1010 5664/402/1009 5808/401/1150
f 5784/404/1126 5666/405/1011 5663/374/1008 5783/371/1125
f 5782/397/1124 5661/398/1006 5666/407/1011 5784/406/1126
f 5807/408/1149 5662/411/1233 5665/410/1010 5809/409/1151
f 5716/412/1060 5675/415/1020 5680/414/758 5720/413/1064
f 5720/416/1064 5680/419/758 5677/418/1022 5718/417/1062
f 5742/420/1086 5740/421/1084 5675/415/1020 5716/412/1060
f 5749/422/1091 5746/425/824 5674/424/1019 5714/423/1058
f 5714/423/1058 5674/424/1019 5671/427/1016 5712/426/1056
f 5718/428/1062 5677/431/1022 5670/430/1015 5710/429/1054
f 5817/432/687 5708/435/1052 5669/434/1014 5810/433/687
f 5736/436/1080 5694/439/1038 5683/438/1027 5722/437/1066
f 5815/440/1155 5693/443/1037 5681/442/1025 5812/441/1152
f 5788/444/1130 5692/447/1036 5682/446/1026 5785/445/1127
f 5787/448/1129 5691/451/1035 5687/450/1031 5786/449/1128
f 5814/452/1154 5688/455/1032 5685/454/1029 5813/453/1153
f 5730/456/1074 5689/459/1033 5686/458/1030 5728/457/1072
f 5696/460/1040 5667/461/1012 5689/459/1033 5730/456/1074
f 5803/462/1145 5654/463/999 5688/455/1032 5814/452/1154
f 5656/464/1001 5691/451/1035 5787/448/1129
f 5786/449/1128 5687/450/1031 5692/447/1036 5788/444/1130
f 5813/453/1153 5685/454/1029 5693/443/1037 5815/440/1155
f 5728/457/1072 5686/458/1030 5694/439/1038 5736/436/1080
f 5796/465/1138 5727/468/1071 5735/467/1079 5798/466/1140
f 5727/468/1071 5728/457/1072 5736/436/1080 5735/467/1079
f 5845/469/1183 5726/473/1070 5734/472/1078 5833/471/1171 5831/470/1169
f 5669/474/1014 5708/478/1052 5731/477/1075 5842/476/1180 5690/475/1034
f 5708/478/1052 5707/482/1051 5732/481/1076 5827/480/1165 5825/479/1163 5731/477/1075
f 5654/463/999 5697/485/1041 5729/484/1073 5797/483/1139
f 5697/486/1041 5696/460/1040 5730/456/1074 5729/487/1073
f 5797/483/1139 5729/484/1073 5727/489/1071 5796/488/1138
f 5729/487/1073 5730/456/1074 5728/457/1072 5727/468/1071
f 5842/490/1180 5731/492/1075 5841/491/1179
f 5840/493/1178 5834/496/1172 5723/495/1067 5839/494/1177
f 5846/497/1184 5835/500/1173 5724/499/1068 5832/498/1170
f 5798/501/1140 5735/504/1079 5721/503/1065 5795/502/1137
f 5735/467/1079 5736/436/1080 5722/437/1066 5721/505/1065
f 5803/462/1145 5656/464/1001 5707/507/1051 5816/506/687
f 5816/506/687 5707/507/1051 5708/435/1052 5817/432/687
f 5793/508/1135 5717/511/1061 5709/510/1053 5789/509/1131
f 5717/511/1061 5718/428/1062 5710/429/1054 5709/510/1053
f 5791/512/1133 5713/515/1057 5711/514/1055 5790/513/1132
f 5713/515/1057 5714/423/1058 5712/426/1056 5711/514/1055
f 5801/516/1143 5748/517/1090 5713/515/1057 5791/512/1133
f 5748/517/1090 5749/422/1091 5714/423/1058 5713/515/1057
f 5799/518/1141 5741/521/1085 5715/520/1059 5792/519/1134
f 5741/521/1085 5742/420/1086 5716/412/1060 5715/520/1059
f 5794/522/1136 5719/525/1063 5717/524/1061 5793/523/1135
f 5719/525/1063 5720/416/1064 5718/417/1062 5717/524/1061
f 5792/519/1134 5715/520/1059 5719/527/1063 5794/526/1136
f 5715/520/1059 5716/412/1060 5720/413/1064 5719/527/1063
f 5676/528/1021 5701/531/1045 5705/530/1049 5679/529/1024
f 5701/531/1045 5702/533/1046 5706/532/1050 5705/530/1049
f 5679/529/1024 5705/530/1049 5703/535/1047 5678/534/1023
f 5705/530/1049 5706/532/1050 5704/536/1048 5703/535/1047
f 5739/537/1083 5750/540/1092 5701/539/1045 5676/538/1021
f 5750/541/1092 5752/542/1094 5702/533/1046 5701/531/1045
f 5747/543/825 5756/546/1098 5754/545/1096 5673/544/1018
f 5673/544/1018 5754/545/1096 5751/548/1093 5672/547/1017
f 5678/534/1023 5703/535/1047 5698/550/1042 5668/549/1013
f 5703/535/1047 5704/536/1048 5699/551/1043 5698/550/1042
f 5811/552/696 5668/555/1013 5698/554/1042 5818/553/1156
f 5818/553/1156 5698/554/1042 5699/557/1043 5819/556/1157
f 5672/558/1017 5751/559/1093 5750/540/1092 5739/537/1083
f 5711/514/1055 5712/426/1056 5742/420/1086 5741/521/1085
f 5790/513/1132 5711/514/1055 5741/521/1085 5799/518/1141
f 5712/426/1056 5671/427/1016 5740/421/1084 5742/420/1086
f 5780/560/1122 5657/562/1002 5738/538/1082 5800/561/1142
f 5805/563/1147 5658/564/1003 5737/395/1081 5820/392/1158
f 5723/565/1067 5832/568/1170 5724/567/1068 5757/566/1099 5756/546/1098
f 5684/569/1028 5839/570/1177 5723/565/1067 5756/546/1098 5747/543/825
f 5721/505/1065 5722/437/1066 5749/422/1091 5748/517/1090
f 5795/502/1137 5721/503/1065 5748/572/1090 5801/571/1143
f 5722/437/1066 5683/438/1027 5746/425/824 5749/422/1091
f 5812/573/1152 5681/574/1025 5745/391/1089 5821/390/1159
f 5785/575/1127 5682/578/1026 5744/577/1088 5802/576/1144
f 5743/579/1087 5750/582/1092 5751/581/1093 5700/580/1044
f 5758/583/1100 5753/586/1095 5752/585/1094 5761/584/1103
f 5700/587/1044 5751/590/1093 5754/589/1096 5759/588/1101
f 5760/591/1102 5755/592/1097 5753/586/1095 5758/583/1100
f 5761/584/1103 5752/585/1094 5750/403/1092 5743/593/1087
f 5759/594/1101 5754/545/1096 5756/546/1098 5762/595/1104
f 5763/596/1105 5757/566/1099 5755/598/1097 5760/597/1102
f 5762/595/1104 5756/546/1098 5757/566/1099 5763/596/1105
f 5758/599/1100 5765/602/1107 5767/601/1109 5760/600/1102
f 5762/603/1104 5770/606/1112 5766/605/1108 5759/604/1101
f 5763/607/1105 5771/610/1113 5770/609/1112 5762/608/1104
f 5761/611/1103 5769/612/1111 5765/602/1107 5758/599/1100
f 5760/600/1102 5767/601/1109 5771/614/1113 5763/613/1105
f 5743/615/1087 5768/618/1110 5769/617/1111 5761/616/1103
f 5759/604/1101 5766/605/1108 5764/620/1106 5700/619/1044
f 5700/619/1044 5764/620/1106 5768/622/1110 5743/621/1087
f 5775/623/1117 5768/626/1110 5764/625/1106 5772/624/1114
f 5774/627/1116 5765/629/1107 5769/628/1111 5775/623/1117
f 5772/624/1114 5764/625/1106 5766/631/1108 5776/630/1118
f 5777/632/1119 5767/633/1109 5765/629/1107 5774/627/1116
f 5775/623/1117 5769/628/1111 5768/626/1110
f 5776/630/1118 5766/631/1108 5770/635/1112 5778/634/1120
f 5773/636/1115 5771/637/1113 5767/633/1109 5777/632/1119
f 5778/634/1120 5770/635/1112 5771/637/1113 5773/636/1115
f 5778/634/1120 5773/636/1115 5777/632/1119 5776/630/1118
f 5776/630/1118 5777/632/1119 5774/627/1116 5772/624/1114
f 5772/624/1114 5774/627/1116 5775/623/1117
f 5724/638/1068 5785/575/1127 5802/576/1144 5757/639/1099
f 5681/574/1025 5795/502/1137 5801/571/1143 5745/391/1089
f 5753/640/1095 5780/383/1122 5800/641/1142 5752/542/1094
f 5658/642/1003 5790/513/1132 5799/518/1141 5737/643/1081
f 5662/644/1233 5792/519/1134 5794/526/1136 5665/645/1010
f 5665/646/1010 5794/522/1136 5793/523/1135 5664/377/1009
f 5737/643/1081 5799/518/1141 5792/519/1134 5662/644/1233
f 5745/647/1089 5801/649/1143 5791/648/1133 5659/388/1004
f 5659/650/1004 5791/512/1133 5790/513/1132 5658/642/1003
f 5664/377/1009 5793/523/1135 5789/651/1131 5653/376/998
f 5693/652/1037 5798/501/1140 5795/502/1137 5681/574/1025
f 5688/455/1032 5797/483/1139 5796/488/1138 5685/454/1029
f 5654/463/999 5797/483/1139 5688/455/1032
f 5685/454/1029 5796/488/1138 5798/653/1140 5693/443/1037
f 5726/654/1070 5786/449/1128 5788/444/1130 5734/655/1078
f 5707/507/1051 5656/464/1001 5787/448/1129 5732/656/1076
f 5732/656/1076 5787/448/1129 5786/449/1128 5726/654/1070 5828/657/1166
f 5734/655/1078 5788/444/1130 5785/445/1127 5724/659/1068 5835/658/1173
f 5702/533/1046 5782/660/1124 5784/404/1126 5706/532/1050
f 5706/532/1050 5784/404/1126 5783/371/1125 5704/536/1048
f 5752/542/1094 5800/641/1142 5782/660/1124 5702/533/1046
f 5757/566/1099 5802/661/1144 5781/382/1123 5755/598/1097
f 5755/598/1097 5781/382/1123 5780/383/1122 5753/640/1095
f 5704/536/1048 5783/371/1125 5779/372/1121 5699/551/1043
f 5819/556/1157 5699/557/1043 5779/370/1121 5822/367/1160
f 5709/662/1053 5819/556/1157 5822/367/1160 5789/651/1131
f 5682/578/1026 5812/573/1152 5821/390/1159 5744/577/1088
f 5657/663/1002 5805/563/1147 5820/392/1158 5738/399/1082
f 5710/664/1054 5818/553/1156 5819/556/1157 5709/662/1053
f 5670/665/1015 5811/552/696 5818/553/1156 5710/664/1054
f 5697/485/1041 5816/506/687 5817/432/687 5696/666/1040
f 5654/463/999 5803/462/1145 5816/506/687 5697/485/1041
f 5687/450/1031 5813/453/1153 5815/440/1155 5692/447/1036
f 5656/464/1001 5803/462/1145 5814/452/1154 5691/451/1035
f 5691/451/1035 5814/452/1154 5813/453/1153 5687/450/1031
f 5692/447/1036 5815/440/1155 5812/441/1152 5682/446/1026
f 5696/666/1040 5817/432/687 5810/433/687 5667/667/1012
f 5661/668/1006 5807/408/1149 5809/409/1151 5666/669/1011
f 5666/670/1011 5809/400/1151 5808/401/1150 5663/671/1008
f 5738/399/1082 5820/392/1158 5807/393/1149 5661/398/1006
f 5744/577/1088 5821/390/1159 5806/378/1148 5660/672/1005
f 5660/672/1005 5806/378/1148 5805/379/1147 5657/673/1002
f 5663/674/1008 5808/375/1150 5804/368/1146 5655/369/1000
f 5789/651/1131 5822/367/1160 5804/368/1146 5653/376/998
f 5690/675/1034 5842/677/1180 5850/676/1188
f 5731/492/1075 5825/679/1163 5843/678/1181 5841/491/1179
f 5827/680/1165 5732/683/1076 5828/682/1166 5844/681/1182
f 5825/679/1163 5827/680/1165 5844/681/1182 5843/678/1181
f 5828/682/1166 5726/473/1070 5845/469/1183 5844/681/1182
f 5846/497/1184 5831/470/1169 5833/471/1171 5734/472/1078 5835/500/1173
f 5834/496/1172 5846/497/1184 5832/498/1170 5723/495/1067
f 5834/496/1172 5837/684/1175 5846/497/1184
f 5872/685/1209 5840/493/1178 5839/494/1177 5684/686/1028
f 5823/687/1161 5842/690/1180 5841/689/1179 5849/688/1187
f 5850/691/1188 5842/690/1180 5823/687/1161
f 5849/688/1187 5841/689/1179 5843/693/1181 5852/692/1190
f 5852/692/1190 5843/693/1181 5844/695/1182 5851/694/1189
f 5851/694/1189 5844/695/1182 5845/697/1183 5830/696/1168
f 5830/696/1168 5845/697/1183 5831/699/1169 5868/698/1206
f 5868/698/1206 5831/699/1169 5846/701/1184 5847/700/1185
f 5847/700/1185 5846/701/1184 5837/703/1175 5853/702/1191
f 5853/702/1191 5837/703/1175 5834/705/1172 5848/704/1186
f 5848/704/1186 5834/705/1172 5840/707/1178 5869/706/1207
f 5823/687/1161 5867/687/1205 5855/691/1193 5871/691/1208 5870/691/1208 5850/691/1188
f 5848/704/1186 5725/704/1069 5864/702/1202 5853/702/1191
f 5849/688/1187 5854/688/1192 5867/687/1205 5823/687/1161
f 5853/702/1191 5864/702/1202 5865/700/1203 5847/700/1185
f 5847/700/1185 5865/700/1203 5863/698/1201 5868/698/1206
f 5868/698/1206 5863/698/1201 5861/696/1199 5830/696/1168
f 5830/696/1168 5861/696/1199 5860/694/1198 5851/694/1189
f 5851/694/1189 5860/694/1198 5858/692/1196 5852/692/1190
f 5838/708/1176 5829/708/1167 5866/706/1204 5869/706/1207
f 5852/692/1190 5858/692/1196 5854/688/1192 5849/688/1187
f 5836/709/1174 5826/713/1164 5733/712/1077 5824/711/1162 5695/710/1039
f 5860/694/1198 5859/716/1197 5856/715/1194 5857/714/1195
f 5855/691/1193 5867/687/1205 5854/688/1192 5826/713/1164 5836/709/1174
f 5854/688/1192 5858/692/1196 5857/714/1195 5856/715/1194 5826/713/1164
f 5858/692/1196 5860/694/1198 5857/714/1195
f 5860/694/1198 5861/696/1199 5859/716/1197
f 5826/713/1164 5856/715/1194 5859/716/1197 5861/696/1199 5863/698/1201 5862/717/1200 5864/702/1202 5733/712/1077
f 5864/702/1202 5862/717/1200 5865/700/1203
f 5862/717/1200 5863/698/1201 5865/700/1203
f 5733/712/1077 5864/702/1202 5725/704/1069
f 5824/711/1162 5733/712/1077 5725/704/1069 5866/706/1204
f 5695/710/1039 5824/711/1162 5866/706/1204 5829/708/1167
f 5869/706/1207 5866/706/1204 5725/704/1069 5848/704/1186
f 5838/718/1176 5869/706/1207 5840/707/1178 5872/719/1209
usemtl Material.004
f 2653/720/946 2654/721/947 2656/722/949 2655/723/948
f 2655/724/948 2656/725/949 2660/726/953 2659/727/952
f 2659/728/952 2660/729/953 2658/730/951 2657/726/950
f 2657/731/950 2658/732/951 2654/733/947 2653/734/946
f 2655/735/948 2659/736/952 2657/722/950 2653/737/946
f 2660/738/953 2656/739/949 2654/736/947 2658/735/951
f 2709/720/946 2710/721/947 2712/722/949 2711/723/948
f 2711/724/948 2712/725/949 2716/726/953 2715/727/952
f 2715/728/952 2716/729/953 2714/730/951 2713/726/950
f 2713/731/950 2714/732/951 2710/733/947 2709/734/946
f 2711/735/948 2715/736/952 2713/722/950 2709/737/946
f 2716/738/953 2712/739/949 2710/736/947 2714/735/951
f 5589/720/950 5591/723/952 5592/722/953 5590/721/951
f 5591/724/952 5595/727/948 5596/726/949 5592/725/953
f 5595/728/948 5593/726/946 5594/730/947 5596/729/949
f 5593/731/946 5589/734/950 5590/733/951 5594/732/947
f 5591/735/952 5589/737/950 5593/722/946 5595/736/948
f 5596/738/949 5594/735/947 5590/736/951 5592/739/953
f 5645/720/950 5647/723/952 5648/722/953 5646/721/951
f 5647/724/952 5651/727/948 5652/726/949 5648/725/953
f 5651/728/948 5649/726/946 5650/730/947 5652/729/949
f 5649/731/946 5645/734/950 5646/733/951 5650/732/947
f 5647/735/952 5645/737/950 5649/722/946 5651/736/948
f 5652/738/949 5650/735/947 5646/736/951 5648/739/953
usemtl Material.002
f 2677/740/968 2662/741/955 2664/742/957 2678/743/969
f 2684/744/975 2672/745/964 2668/746/961 2679/747/970
f 2679/748/970 2668/749/961 2666/750/959 2680/751/971
f 2682/752/973 2676/753/967 2662/754/955 2677/755/968
f 2669/756/962 2667/757/960 2665/758/958 2674/759/965
f 2671/760/963 2664/742/957 2662/741/955 2676/761/967
f 2668/749/961 2672/762/964 2675/763/966 2666/750/959
f 2672/764/964 2671/765/963 2676/727/967 2675/766/966
f 2663/767/956 2670/768/962 2673/769/965 2661/770/954
f 2670/768/962 2669/756/962 2674/759/965 2673/769/965
f 2680/771/971 2666/772/959 2675/773/966 2681/774/972
f 2681/774/972 2675/773/966 2676/753/967 2682/752/973
f 2678/775/969 2664/776/957 2671/777/963 2683/778/974
f 2683/778/974 2671/777/963 2672/745/964 2684/744/975
f 2670/779/962 2683/778/974 2684/744/975 2669/780/962
f 2663/781/956 2678/775/969 2683/778/974 2670/779/962
f 2674/782/965 2681/774/972 2682/752/973 2673/783/965
f 2665/784/958 2680/771/971 2681/774/972 2674/782/965
f 2673/783/965 2682/752/973 2677/755/968 2661/785/954
f 2667/786/960 2679/748/970 2680/751/971 2665/787/958
f 2669/780/962 2684/744/975 2679/747/970 2667/788/960
f 2661/789/954 2677/740/968 2678/743/969 2663/790/956
f 2701/740/968 2686/741/955 2688/742/957 2702/743/969
f 2708/744/975 2696/745/964 2692/746/961 2703/747/970
f 2703/748/970 2692/749/961 2690/750/959 2704/751/971
f 2706/752/973 2700/753/967 2686/754/955 2701/755/968
f 2693/756/962 2691/757/960 2689/758/958 2698/759/965
f 2695/760/963 2688/742/957 2686/741/955 2700/761/967
f 2692/749/961 2696/762/964 2699/763/966 2690/750/959
f 2696/764/964 2695/765/963 2700/727/967 2699/766/966
f 2687/767/956 2694/768/962 2697/769/965 2685/770/954
f 2694/768/962 2693/756/962 2698/759/965 2697/769/965
f 2704/771/971 2690/772/959 2699/773/966 2705/774/972
f 2705/774/972 2699/773/966 2700/753/967 2706/752/973
f 2702/775/969 2688/776/957 2695/777/963 2707/778/974
f 2707/778/974 2695/777/963 2696/745/964 2708/744/975
f 2694/779/962 2707/778/974 2708/744/975 2693/780/962
f 2687/781/956 2702/775/969 2707/778/974 2694/779/962
f 2698/782/965 2705/774/972 2706/752/973 2697/783/965
f 2689/784/958 2704/771/971 2705/774/972 2698/782/965
f 2697/783/965 2706/752/973 2701/755/968 2685/785/954
f 2691/786/960 2703/748/970 2704/751/971 2689/787/958
f 2693/780/962 2708/744/975 2703/747/970 2691/788/960
f 2685/789/954 2701/740/968 2702/743/969 2687/790/956
f 5613/740/1224 5614/743/1225 5600/742/1213 5598/741/1211
f 5620/744/1231 5615/747/1226 5604/746/1217 5608/745/1220
f 5615/748/1226 5616/751/1227 5602/750/1215 5604/749/1217
f 5618/752/1229 5613/755/1224 5598/754/1211 5612/753/1223
f 5605/756/1218 5610/759/1221 5601/758/1214 5603/757/1216
f 5607/760/1219 5612/761/1223 5598/741/1211 5600/742/1213
f 5604/749/1217 5602/750/1215 5611/763/1222 5608/762/1220
f 5608/764/1220 5611/766/1222 5612/727/1223 5607/765/1219
f 5599/767/1212 5597/770/1210 5609/769/1221 5606/768/1218
f 5606/768/1218 5609/769/1221 5610/759/1221 5605/756/1218
f 5616/771/1227 5617/774/1228 5611/773/1222 5602/772/1215
f 5617/774/1228 5618/752/1229 5612/753/1223 5611/773/1222
f 5614/775/1225 5619/778/1230 5607/777/1219 5600/776/1213
f 5619/778/1230 5620/744/1231 5608/745/1220 5607/777/1219
f 5606/779/1218 5605/780/1218 5620/744/1231 5619/778/1230
f 5599/781/1212 5606/779/1218 5619/778/1230 5614/775/1225
f 5610/782/1221 5609/783/1221 5618/752/1229 5617/774/1228
f 5601/784/1214 5610/782/1221 5617/774/1228 5616/771/1227
f 5609/783/1221 5597/785/1210 5613/755/1224 5618/752/1229
f 5603/786/1216 5601/787/1214 5616/751/1227 5615/748/1226
f 5605/780/1218 5603/788/1216 5615/747/1226 5620/744/1231
f 5597/789/1210 5599/790/1212 5614/743/1225 5613/740/1224
f 5637/740/1224 5638/743/1225 5624/742/1213 5622/741/1211
f 5644/744/1231 5639/747/1226 5628/746/1217 5632/745/1220
f 5639/748/1226 5640/751/1227 5626/750/1215 5628/749/1217
f 5642/752/1229 5637/755/1224 5622/754/1211 5636/753/1223
f 5629/756/1218 5634/759/1221 5625/758/1214 5627/757/1216
f 5631/760/1219 5636/761/1223 5622/741/1211 5624/742/1213
f 5628/749/1217 5626/750/1215 5635/763/1232 5632/762/1220
f 5632/764/1220 5635/766/1232 5636/727/1223 5631/765/1219
f 5623/767/1212 5621/770/1210 5633/769/1221 5630/768/1218
f 5630/768/1218 5633/769/1221 5634/759/1221 5629/756/1218
f 5640/771/1227 5641/774/1228 5635/773/1232 5626/772/1215
f 5641/774/1228 5642/752/1229 5636/753/1223 5635/773/1232
f 5638/775/1225 5643/778/1230 5631/777/1219 5624/776/1213
f 5643/778/1230 5644/744/1231 5632/745/1220 5631/777/1219
f 5630/779/1218 5629/780/1218 5644/744/1231 5643/778/1230
f 5623/781/1212 5630/779/1218 5643/778/1230 5638/775/1225
f 5634/782/1221 5633/783/1221 5642/752/1229 5641/774/1228
f 5625/784/1214 5634/782/1221 5641/774/1228 5640/771/1227
f 5633/783/1221 5621/785/1210 5637/755/1224 5642/752/1229
f 5627/786/1216 5625/787/1214 5640/751/1227 5639/748/1226
f 5629/780/1218 5627/788/1216 5639/747/1226 5644/744/1231
f 5621/789/1210 5623/790/1212 5638/743/1225 5637/740/1224
o bote_de_basura.001
v 2.100049 0.987973 -5.428485
v 1.493186 -2.947104 -3.262973
v 2.100049 2.050305 -2.661015
v 1.493186 -2.255553 -1.461420
v -1.751330 1.002522 -5.434070
v -1.261351 -2.947104 -3.262973
v -1.751330 2.064854 -2.666600
v -1.261351 -2.255553 -1.461420
v 2.076672 0.430802 -5.158255
v -1.718764 1.480098 -2.424744
v 2.076672 1.480098 -2.424744
v -1.718764 0.430802 -5.158255
v -1.837933 1.678647 -2.425608
v -1.830390 1.891808 -2.507433
v 2.188171 0.785100 -5.427088
v 2.188171 0.556990 -5.335500
v 2.188171 1.904046 -2.512131
v 2.188171 1.674590 -2.424051
v -1.830390 0.772861 -5.422390
v -1.837933 0.561047 -5.337057
v -1.822971 1.990333 -2.555779
v 2.176221 0.887328 -5.425695
v 2.176221 1.989158 -2.555329
v -1.822971 0.888502 -5.426147
v 2.185634 0.479082 -5.285468
v 2.185634 1.586070 -2.401664
v -1.831561 0.481111 -5.286247
v -1.831561 1.588099 -2.402443
v 1.769631 -2.742840 -3.625399
v 1.769631 -1.890333 -1.404541
v -1.527251 -2.742840 -3.625399
v -1.527251 -1.890333 -1.404541
v 1.681854 -2.888844 -3.488206
v 1.681854 -2.075122 -1.368386
v -1.445575 -2.888844 -3.488206
v -1.445575 -2.075122 -1.368386
v -1.902097 1.054786 -5.285331
v -1.902097 2.810926 -6.418336
v -1.902097 0.602249 -5.352491
v -1.902097 2.143636 -6.822081
v 2.198634 1.054786 -5.285331
v 2.198634 2.810926 -6.418336
v 2.198634 0.602249 -5.352491
v 2.198634 2.143636 -6.822081
v -1.902097 1.304365 -5.426538
v -1.902097 0.754460 -5.763407
v 2.198634 0.754460 -5.763407
v 2.198634 1.304365 -5.426538
v -1.902097 0.698367 -5.338227
v -1.902097 2.351832 -6.854219
v 2.198634 0.698367 -5.338227
v 2.198634 2.351832 -6.854219
v 2.198634 0.871258 -5.691856
v -1.902097 0.871258 -5.691856
v -1.902097 0.862625 -5.313849
v 2.198634 2.563908 -6.743550
v 2.198634 1.070857 -5.569584
v -1.902097 2.563908 -6.743550
v 2.198634 0.862625 -5.313849
v -1.902097 1.070857 -5.569584
v -1.902097 1.958988 -5.857489
v -1.902097 2.461175 -6.188088
v -1.902097 1.787354 -6.603913
v -1.902097 1.278828 -6.233569
v 2.198634 1.787354 -6.603913
v 2.198634 1.278828 -6.233569
v 2.198634 2.461175 -6.188088
v 2.198634 1.958988 -5.857489
v 2.198634 2.008114 -6.584374
v 2.198634 1.514589 -6.196920
v -1.902097 2.008114 -6.584374
v -1.902097 1.514589 -6.196920
v -1.902097 2.217293 -6.471011
v -1.902097 1.719609 -6.079689
v 2.198634 2.217293 -6.471011
v 2.198634 1.719609 -6.079689
v -1.902097 0.980626 -6.018279
v 2.198634 0.980626 -6.018279
v 2.198634 1.642963 -5.649444
v 2.198634 1.204016 -5.953096
v -1.902097 1.204016 -5.953096
v -1.902097 1.406419 -5.833431
v 2.198634 1.406419 -5.833431
v -1.902097 1.642963 -5.649444
v -1.720782 2.429143 -6.122770
v -1.720782 2.747966 -6.332657
v 2.017319 1.374631 -5.428565
v 2.017319 1.147123 -5.299845
v -1.720782 1.147123 -5.299845
v 2.017319 2.747966 -6.332657
v -1.720782 1.374631 -5.428565
v 2.017319 1.683286 -5.631759
v -1.720782 1.683286 -5.631759
v -1.720782 1.971365 -5.821406
v 2.017319 2.429143 -6.122770
v 2.017319 1.971365 -5.821406
v -1.720782 2.132519 -6.586829
v -1.720782 2.451342 -6.796717
v 2.017319 1.078006 -5.892624
v 2.017319 0.850498 -5.763904
v -1.720782 0.850498 -5.763904
v 2.017319 2.451342 -6.796717
v -1.720782 1.078006 -5.892624
v 2.017319 1.386662 -6.095818
v -1.720782 1.386662 -6.095818
v -1.720782 1.674741 -6.285465
v 2.017319 2.132519 -6.586829
v 2.017319 1.674741 -6.285465
v 1.923970 1.660214 -2.655216
v -1.578222 1.673444 -2.660295
v 1.923970 0.694199 -5.171772
v -1.578222 0.707429 -5.176851
v 1.922742 1.376755 -2.546407
v -1.579450 1.389985 -2.551485
v 1.922742 0.410739 -5.062963
v -1.579450 0.423970 -5.068041
v -1.720161 0.987973 -5.428485
v -1.113298 -2.947104 -3.262973
v -1.720161 2.050305 -2.661015
v -1.113298 -2.255553 -1.461420
v 2.131218 1.002522 -5.434070
v 1.641238 -2.947104 -3.262973
v 2.131218 2.064854 -2.666600
v 1.641238 -2.255553 -1.461420
v -1.696785 0.430802 -5.158255
v 2.098652 1.480098 -2.424744
v -1.696785 1.480098 -2.424744
v 2.098652 0.430802 -5.158255
v 2.217821 1.678647 -2.425608
v 2.210278 1.891808 -2.507433
v -1.808284 0.785100 -5.427088
v -1.808284 0.556990 -5.335500
v -1.808284 1.904046 -2.512131
v -1.808284 1.674590 -2.424051
v 2.210278 0.772861 -5.422390
v 2.217821 0.561047 -5.337057
v 2.202859 1.990333 -2.555779
v -1.796333 0.887328 -5.425695
v -1.796333 1.989158 -2.555329
v 2.202859 0.888502 -5.426147
v -1.805747 0.479082 -5.285468
v -1.805747 1.586070 -2.401664
v 2.211448 0.481111 -5.286247
v 2.211448 1.588099 -2.402443
v -1.389744 -2.742840 -3.625399
v -1.389744 -1.890333 -1.404541
v 1.907139 -2.742840 -3.625399
v 1.907139 -1.890333 -1.404541
v -1.301967 -2.888844 -3.488206
v -1.301967 -2.075122 -1.368386
v 1.825463 -2.888844 -3.488206
v 1.825463 -2.075122 -1.368386
v 2.281985 1.054786 -5.285331
v 2.281985 2.810926 -6.418336
v 2.281985 0.602249 -5.352491
v 2.281985 2.143636 -6.822081
v -1.818746 1.054786 -5.285331
v -1.818746 2.810926 -6.418336
v -1.818746 0.602249 -5.352491
v -1.818746 2.143636 -6.822081
v 2.281985 1.304365 -5.426538
v 2.281985 0.754460 -5.763407
v -1.818746 0.754460 -5.763407
v -1.818746 1.304365 -5.426538
v 2.281985 0.698367 -5.338227
v 2.281985 2.351832 -6.854219
v -1.818746 0.698367 -5.338227
v -1.818746 2.351832 -6.854219
v -1.818746 0.871258 -5.691856
v 2.281985 0.871258 -5.691856
v 2.281985 0.862625 -5.313849
v -1.818746 2.563908 -6.743550
v -1.818746 1.070857 -5.569584
v 2.281985 2.563908 -6.743550
v -1.818746 0.862625 -5.313849
v 2.281985 1.070857 -5.569584
v 2.281985 1.958988 -5.857489
v 2.281985 2.461175 -6.188088
v 2.281985 1.787354 -6.603913
v 2.281985 1.278828 -6.233569
v -1.818746 1.787354 -6.603913
v -1.818746 1.278828 -6.233569
v -1.818746 2.461175 -6.188088
v -1.818746 1.958988 -5.857489
v -1.818746 2.008114 -6.584374
v -1.818746 1.514589 -6.196920
v 2.281985 2.008114 -6.584374
v 2.281985 1.514589 -6.196920
v 2.281985 2.217293 -6.471011
v 2.281985 1.719609 -6.079689
v -1.818746 2.217293 -6.471011
v -1.818746 1.719609 -6.079689
v 2.281985 0.980626 -6.018279
v -1.818746 0.980626 -6.018279
v -1.818746 1.642963 -5.649444
v -1.818746 1.204016 -5.953096
v 2.281985 1.204016 -5.953096
v 2.281985 1.406419 -5.833431
v -1.818746 1.406419 -5.833431
v 2.281985 1.642963 -5.649444
v 2.100670 2.429143 -6.122770
v 2.100670 2.747966 -6.332657
v -1.637432 1.374631 -5.428565
v -1.637432 1.147123 -5.299845
v 2.100670 1.147123 -5.299845
v -1.637432 2.747966 -6.332657
v 2.100670 1.374631 -5.428565
v -1.637432 1.683286 -5.631759
v 2.100670 1.683286 -5.631759
v 2.100670 1.971365 -5.821406
v -1.637432 2.429143 -6.122770
v -1.637432 1.971365 -5.821406
v 2.100670 2.132519 -6.586829
v 2.100670 2.451342 -6.796717
v -1.637432 1.078006 -5.892624
v -1.637432 0.850498 -5.763904
v 2.100670 0.850498 -5.763904
v -1.637432 2.451342 -6.796717
v 2.100670 1.078006 -5.892624
v -1.637432 1.386662 -6.095818
v 2.100670 1.386662 -6.095818
v 2.100670 1.674741 -6.285465
v -1.637432 2.132519 -6.586829
v -1.637432 1.674741 -6.285465
v -1.544083 1.660214 -2.655216
v 1.958109 1.673444 -2.660295
v -1.544083 0.694199 -5.171772
v 1.958109 0.707429 -5.176851
v -1.542854 1.376755 -2.546407
v 1.959338 1.389985 -2.551485
v -1.542854 0.410739 -5.062963
v 1.959338 0.423970 -5.068041
vn 0.9047 0.3977 -0.1527
vn 0.0013 0.8474 0.5310
vn -0.8363 0.5118 -0.1965
vn -0.0000 -0.9336 0.3584
vn 0.7801 0.5842 -0.2242
vn 0.0007 -0.0498 -0.9988
vn -0.0000 -0.4349 -0.9005
vn 0.9962 -0.0813 0.0312
vn -0.9985 -0.0508 0.0195
vn -0.0000 0.2897 0.9571
vn -0.0002 -0.5384 -0.8427
vn -0.0000 -0.3731 -0.9278
vn 0.9996 -0.0261 0.0100
vn 1.0000 -0.0000 -0.0000
vn -0.9977 -0.0639 0.0245
vn -0.9995 0.0308 -0.0118
vn -0.0001 0.2465 0.9691
vn -0.0000 0.3584 0.9336
vn -0.0005 -0.0109 -0.9999
vn 0.9922 0.1166 -0.0448
vn -0.9977 0.0632 -0.0243
vn -0.0001 0.4461 0.8950
vn -0.0002 -0.2075 0.9782
vn -0.6355 -0.7208 0.2767
vn 0.6396 -0.7176 0.2755
vn -0.0002 -0.9328 -0.3604
vn -0.0000 0.1920 0.9814
vn -0.9152 -0.3763 0.1444
vn 0.9039 -0.3994 0.1533
vn -0.0000 -0.6848 -0.7288
vn -0.0000 -0.9681 -0.2504
vn 0.5822 -0.7590 0.2914
vn -0.5914 -0.7528 0.2890
vn -0.0000 -0.4583 0.8888
vn -1.0000 -0.0000 -0.0000
vn -0.0000 -0.5222 -0.8528
vn -0.0000 0.8058 0.5922
vn -0.0000 -0.1468 0.9892
vn -0.0000 0.7963 -0.6049
vn 0.1997 0.5388 0.8184
vn -0.0000 -0.9377 -0.3474
vn -0.0000 -0.1526 -0.9883
vn -0.0000 0.4626 -0.8865
vn -0.0000 0.1553 0.9879
vn -0.1997 0.5388 0.8184
vn -0.0000 -0.5854 -0.8108
vn -0.0000 -0.5887 -0.8084
vn -0.0000 -0.7480 -0.6637
vn -0.0000 -0.8426 0.5386
vn -0.1782 0.4845 0.8564
vn 0.1782 0.4845 0.8564
vn -0.0000 0.5499 0.8353
vn -0.0000 0.4924 0.8704
vn -0.0000 0.8426 -0.5386
vn -0.9013 0.4045 -0.1553
vn 0.0014 0.6575 0.7534
vn 0.0014 -0.0155 -0.9999
vn 0.0040 0.9336 -0.3584
vn -1.0000 0.0038 -0.0015
vn 1.0000 -0.0038 0.0015
vn -0.0000 -0.3584 -0.9336
vn -0.9047 0.3977 -0.1527
vn -0.0013 0.8474 0.5310
vn 0.8363 0.5118 -0.1965
vn -0.7801 0.5842 -0.2242
vn -0.0007 -0.0498 -0.9988
vn -0.9962 -0.0813 0.0312
vn 0.9985 -0.0508 0.0195
vn 0.0002 -0.5384 -0.8427
vn -0.9996 -0.0261 0.0100
vn 0.9977 -0.0639 0.0245
vn 0.9995 0.0308 -0.0118
vn 0.0001 0.2465 0.9691
vn 0.0005 -0.0109 -0.9999
vn -0.9922 0.1166 -0.0448
vn 0.9977 0.0632 -0.0243
vn 0.0001 0.4461 0.8950
vn 0.0002 -0.2075 0.9782
vn 0.6355 -0.7208 0.2767
vn -0.6396 -0.7176 0.2755
vn 0.0002 -0.9328 -0.3604
vn 0.9152 -0.3763 0.1444
vn -0.9039 -0.3994 0.1533
vn -0.5822 -0.7590 0.2914
vn 0.5914 -0.7528 0.2890
vn 0.9013 0.4045 -0.1553
vn -0.0014 0.6575 0.7534
vn -0.0014 -0.0155 -0.9999
vn -0.0040 0.9336 -0.3584
vn 1.0000 0.0038 -0.0015
vn -1.0000 -0.0038 0.0015
vt 0.785228 0.594435
vt 0.785228 0.359265
vt 0.814399 0.369926
vt 0.814399 0.583775
vt 0.479882 0.938272
vt 0.471458 0.932225
vt 0.470401 0.626685
vt 0.479953 0.621006
vt 0.930642 0.841359
vt 0.921970 0.835270
vt 0.921970 0.600100
vt 0.930642 0.597445
vt 0.160600 0.664011
vt 0.160600 0.882535
vt 0.014702 0.882535
vt 0.014702 0.664011
vt 0.956118 0.549103
vt 0.948584 0.546448
vt 0.948584 0.311278
vt 0.956118 0.305189
vt 0.001080 0.008551
vt 0.006729 0.000000
vt 0.312271 0.000000
vt 0.318344 0.007368
vt 0.025840 0.329698
vt 0.009516 0.050319
vt 0.310615 0.049102
vt 0.287388 0.328641
vt 0.023301 0.634683
vt 0.000000 0.356056
vt 0.232285 0.356056
vt 0.212022 0.634683
vt 0.573206 0.579724
vt 0.552944 0.301102
vt 0.785228 0.301102
vt 0.761927 0.579724
vt 0.590968 0.276750
vt 0.319400 0.301102
vt 0.319400 0.000000
vt 0.590968 0.015200
vt 0.000536 0.042601
vt -0.000000 0.035173
vt 0.319400 0.034227
vt 0.319228 0.041485
vt 0.000525 0.017065
vt 0.319321 0.014737
vt 0.990341 0.550324
vt 0.983148 0.551814
vt 0.983148 0.304409
vt 0.990341 0.305268
vt 0.963650 0.552113
vt 0.963650 0.304409
vt 0.964793 0.841280
vt 0.957428 0.842139
vt 0.957428 0.594733
vt 0.964793 0.596224
vt 0.939314 0.842139
vt 0.939314 0.594435
vt 0.513631 0.939038
vt 0.506676 0.939235
vt 0.506506 0.619834
vt 0.513631 0.620343
vt 0.487440 0.939224
vt 0.488636 0.620422
vt 0.326080 0.611153
vt 0.319400 0.619796
vt 0.319400 0.301102
vt 0.326129 0.310051
vt 0.552944 0.301140
vt 0.547502 0.310087
vt 0.547453 0.611189
vt 0.552944 0.619834
vt 0.605063 0.269787
vt 0.605063 0.021680
vt 0.575782 0.594435
vt 0.755917 0.594435
vt 0.029311 0.649395
vt 0.209446 0.649395
vt 0.032380 0.344665
vt 0.280485 0.343663
vt 0.047043 0.356056
vt 0.265566 0.355173
vt 0.171673 0.897502
vt -0.000000 0.897502
vt 0.000000 0.649395
vt 0.171673 0.649395
vt 0.937659 0.405219
vt 0.940546 0.370672
vt 0.947498 0.385869
vt 0.948584 0.418995
vt 0.795846 0.919763
vt 0.762997 0.919763
vt 0.762997 0.594442
vt 0.795846 0.594441
vt 0.259846 0.698636
vt 0.256907 0.663780
vt 0.289232 0.661599
vt 0.289232 0.694818
vt 0.552944 0.919757
vt 0.552944 0.594436
vt 0.560692 0.608820
vt 0.560692 0.905373
vt 0.730596 0.594436
vt 0.730596 0.919758
vt 0.718594 0.919757
vt 0.718594 0.594435
vt 0.826653 0.325321
vt 0.826653 -0.000000
vt 0.859047 0.000001
vt 0.859047 0.325322
vt 0.633754 0.919757
vt 0.586119 0.919757
vt 0.590934 0.905373
vt 0.634356 0.905373
vt 0.277429 0.838878
vt 0.269567 0.813925
vt 0.289232 0.804692
vt 0.287701 0.827389
vt 0.921970 0.919757
vt 0.897748 0.919759
vt 0.897748 0.594438
vt 0.921970 0.594435
vt 0.912219 0.546366
vt 0.928110 0.519483
vt 0.937946 0.524102
vt 0.917358 0.552113
vt 0.903439 0.536545
vt 0.911301 0.511591
vt 0.263511 0.854446
vt 0.242922 0.826435
vt 0.252758 0.821817
vt 0.268649 0.848699
vt 0.746859 0.919763
vt 0.746859 0.594441
vt 0.746859 0.594438
vt 0.746859 0.919759
vt 0.740856 0.919758
vt 0.740856 0.594437
vt 0.232285 0.721328
vt 0.233370 0.688203
vt 0.240322 0.673005
vt 0.243209 0.707552
vt 0.921022 0.396303
vt 0.923961 0.361447
vt 0.891636 0.392484
vt 0.891636 0.359265
vt 0.893167 0.525056
vt 0.891636 0.502358
vt 0.809349 0.325329
vt 0.809349 0.000008
vt 0.249963 0.788372
vt 0.247355 0.757156
vt 0.264066 0.748685
vt 0.266722 0.780180
vt 0.891636 0.470198
vt 0.891636 0.440182
vt 0.916802 0.446351
vt 0.914146 0.477846
vt 0.933514 0.454823
vt 0.930905 0.486038
vt 0.235899 0.800331
vt 0.234642 0.771180
vt 0.711694 0.905372
vt 0.711694 0.608819
vt 0.633754 0.594436
vt 0.663730 0.594436
vt 0.661682 0.608819
vt 0.634356 0.608820
vt 0.289232 0.742516
vt 0.289232 0.772532
vt 0.873164 0.919761
vt 0.844622 0.919761
vt 0.844622 0.594440
vt 0.873164 0.594439
vt 0.946226 0.468846
vt 0.944969 0.497997
vt 0.663730 0.919757
vt 0.661682 0.905372
vt 0.965663 0.842323
vt 0.965942 0.872604
vt 0.922249 0.872419
vt 0.921970 0.842139
vt 0.955626 0.073943
vt 0.956028 0.030465
vt 0.999721 0.030280
vt 0.999319 0.073758
vt 0.911653 0.296553
vt 0.911653 0.000000
vt 0.955103 0.000000
vt 0.955103 0.296553
vt 0.955374 0.101304
vt 0.999067 0.101119
vt 0.956307 0.000185
vt 1.000000 0.000000
vt 0.586119 0.594436
vt 0.590934 0.608820
vt 0.695848 0.594435
vt 0.690959 0.608819
vt 0.695848 0.919757
vt 0.690959 0.905372
vt 0.349641 0.916387
vt 0.319400 0.916388
vt 0.319400 0.619835
vt 0.349641 0.619834
vt 0.470401 0.916387
vt 0.449667 0.916387
vt 0.449667 0.619834
vt 0.470401 0.619834
vt 0.420389 0.916387
vt 0.393064 0.916387
vt 0.393064 0.619834
vt 0.420389 0.619834
vt 0.966343 0.916082
vt 0.966596 0.943442
vt 0.922903 0.943258
vt 0.922651 0.915897
vt 0.966867 0.972757
vt 0.923174 0.972573
vt 0.965663 0.993460
vt 0.921970 0.993275
vt 0.956307 0.151321
vt 0.955103 0.130619
vt 0.998796 0.130434
vt 1.000000 0.151136
vt 0.215157 0.649400
vt 0.215157 0.945953
vt 0.171673 0.945948
vt 0.171673 0.649395
vt 0.262748 0.647751
vt 0.262748 0.369911
vt 0.286512 0.369908
vt 0.286512 0.647748
vt 0.838486 0.594435
vt 0.838486 0.359265
vt 0.867549 0.369926
vt 0.867549 0.583775
vt 0.232284 0.661598
vt 0.232284 0.356056
vt 0.911653 -0.000000
vt 0.911653 0.305542
vt 0.883105 0.291687
vt 0.883105 0.013847
vt 0.605063 0.278017
vt 0.605063 0.000178
vt 0.809349 0.000000
vt 0.809349 0.277839
vt 0.891636 0.369926
vt 0.891636 0.583775
vt 0.838486 0.369926
vt 0.838486 0.583775
vt 0.859047 0.291687
vt 0.859047 0.013847
s 0
usemtl gris_plateado
f 5877/791/1234 5879/792/1234 5982/793/1234 5984/794/1234
f 5895/795/1235 5875/796/1235 5879/797/1235 5893/798/1235
f 5893/799/1236 5879/800/1236 5877/801/1236 5896/802/1236
f 5878/803/1237 5874/804/1237 5876/805/1237 5880/806/1237
f 5894/807/1238 5873/808/1238 5875/809/1238 5895/810/1238
f 5896/811/1239 5877/812/1239 5873/813/1239 5894/814/1239
f 5903/815/1240 5884/816/1240 5881/817/1240 5901/818/1240
f 5901/819/1241 5881/820/1241 5883/821/1241 5902/822/1241
f 5904/823/1242 5882/824/1242 5884/825/1242 5903/826/1242
f 5902/827/1243 5883/828/1243 5882/829/1243 5904/830/1243
f 5899/831/1244 5892/832/1244 5888/833/1244 5897/834/1244
f 5892/832/1245 5891/835/1245 5887/836/1245 5888/833/1245
f 5897/837/1246 5888/838/1246 5890/839/1246 5898/840/1246
f 5888/838/1247 5887/841/1247 5889/842/1247 5890/839/1247
f 5900/843/1248 5885/844/1248 5892/845/1248 5899/846/1248
f 5885/844/1249 5886/847/1249 5891/848/1249 5892/845/1249
f 5898/849/1250 5890/850/1250 5885/851/1250 5900/852/1250
f 5890/850/1251 5889/853/1251 5886/854/1251 5885/851/1251
f 5891/835/1252 5896/811/1252 5894/814/1252 5887/836/1252
f 5887/841/1253 5894/807/1253 5895/810/1253 5889/842/1253
f 5886/847/1254 5893/799/1254 5896/802/1254 5891/848/1254
f 5889/853/1255 5895/795/1255 5893/798/1255 5886/854/1255
f 5883/855/1256 5898/856/1256 5900/857/1256 5882/858/1256
f 5882/858/1257 5900/857/1257 5899/859/1257 5884/860/1257
f 5881/861/1258 5897/862/1258 5898/856/1258 5883/855/1258
f 5884/816/1259 5899/831/1259 5897/834/1259 5881/817/1259
f 5906/863/1260 5902/827/1260 5904/830/1260 5908/864/1260
f 5908/865/1261 5904/823/1261 5903/826/1261 5907/866/1261
f 5905/867/1262 5901/819/1262 5902/822/1262 5906/868/1262
f 5907/869/1263 5903/815/1263 5901/818/1263 5905/870/1263
f 5878/871/1264 5907/869/1264 5905/870/1264 5874/872/1264
f 5874/804/1265 5905/873/1265 5906/874/1265 5876/805/1265
f 5880/806/1266 5908/875/1266 5907/876/1266 5878/803/1266
f 5876/805/1267 5906/874/1267 5908/875/1267 5880/806/1267
f 5943/877/1268 5922/878/1268 5912/879/1268 5935/880/1268
f 5935/881/1269 5912/882/1269 5916/883/1269 5937/884/1269
f 5947/885/1247 5928/886/1247 5914/887/1247 5939/888/1247
f 5914/889/1270 5910/890/1270 5958/891/1270 5962/892/1270
f 5927/893/1271 5931/894/1271 5913/895/1271 5909/896/1271
f 5928/897/1272 5930/898/1272 5910/899/1272 5914/900/1272
f 5940/901/1273 5939/902/1273 5967/903/1273 5968/904/1273
f 5931/905/1247 5929/906/1247 5920/907/1247 5913/908/1247
f 5911/909/1274 5918/910/1274 5919/911/1274 5915/912/1274
f 5921/913/1268 5926/914/1268 5918/915/1268 5911/916/1268
f 5927/917/1268 5932/918/1268 5926/914/1268 5921/913/1268
f 5915/919/1247 5919/920/1247 5925/921/1247 5923/922/1247
f 5916/883/1275 5912/882/1275 5922/923/1275 5924/924/1275
f 5911/925/1271 5915/926/1271 5923/927/1271 5921/928/1271
f 5937/929/1247 5916/930/1247 5924/931/1247 5941/932/1247
f 5945/933/1268 5930/934/1268 5922/878/1268 5943/877/1268
f 5934/935/1268 5910/936/1268 5930/934/1268 5945/933/1268
f 5909/937/1268 5917/938/1268 5932/918/1268 5927/917/1268
f 5923/922/1247 5925/921/1247 5929/906/1247 5931/905/1247
f 5924/939/1276 5922/940/1276 5930/898/1276 5928/897/1276
f 5921/928/1271 5923/927/1271 5931/894/1271 5927/893/1271
f 5941/932/1247 5924/931/1247 5928/886/1247 5947/885/1247
f 5952/941/1247 5942/942/1247 5948/943/1247 5955/944/1247
f 5942/942/1247 5941/932/1247 5947/885/1247 5948/943/1247
f 5956/945/1268 5933/946/1268 5946/947/1268 5954/948/1268
f 5933/946/1268 5934/935/1268 5945/933/1268 5946/947/1268
f 5954/948/1268 5946/947/1268 5944/949/1268 5953/950/1268
f 5946/947/1268 5945/933/1268 5943/877/1268 5944/949/1268
f 5950/951/1247 5938/952/1247 5942/942/1247 5952/941/1247
f 5938/952/1247 5937/929/1247 5941/932/1247 5942/942/1247
f 5909/896/1277 5913/895/1277 5960/953/1277 5961/954/1277
f 5933/955/1278 5956/956/1278 5965/957/1278 5966/958/1278
f 5955/944/1247 5948/943/1247 5940/959/1247 5951/960/1247
f 5948/943/1247 5947/885/1247 5939/888/1247 5940/959/1247
f 5949/961/1279 5936/962/1279 5938/963/1279 5950/964/1279
f 5936/962/1280 5935/881/1280 5937/884/1280 5938/963/1280
f 5953/950/1268 5944/949/1268 5936/965/1268 5949/966/1268
f 5944/949/1268 5943/877/1268 5935/880/1268 5936/965/1268
f 5926/914/1268 5953/950/1268 5949/966/1268 5918/915/1268
f 5918/910/1281 5949/961/1281 5950/964/1281 5919/911/1281
f 5929/906/1247 5955/944/1247 5951/960/1247 5920/907/1247
f 5951/967/1273 5940/901/1273 5968/904/1273 5964/968/1273
f 5919/920/1247 5950/951/1247 5952/941/1247 5925/921/1247
f 5932/918/1268 5954/948/1268 5953/950/1268 5926/914/1268
f 5917/938/1268 5956/945/1268 5954/948/1268 5932/918/1268
f 5925/921/1247 5952/941/1247 5955/944/1247 5929/906/1247
f 5958/969/1247 5957/970/1247 5969/971/1247 5970/972/1247
f 5968/973/1268 5967/974/1268 5979/975/1268 5980/976/1268
f 5962/977/1282 5958/978/1282 5970/979/1282 5974/980/1282
f 5964/981/1268 5968/973/1268 5980/976/1268 5976/982/1268
f 5967/974/1268 5962/983/1268 5974/984/1268 5979/975/1268
f 5934/985/1278 5933/955/1278 5966/958/1278 5957/986/1278
f 5910/890/1278 5934/985/1278 5957/986/1278 5958/891/1278
f 5956/956/1278 5917/987/1278 5963/988/1278 5965/957/1278
f 5920/989/1273 5951/967/1273 5964/968/1273 5959/990/1273
f 5917/987/1283 5909/896/1283 5961/954/1283 5963/988/1283
f 5913/895/1284 5920/989/1284 5959/990/1284 5960/953/1284
f 5939/902/1273 5914/889/1273 5962/892/1273 5967/903/1273
f 5979/991/1285 5974/992/1285 5970/993/1285 5969/994/1285
f 5972/995/1286 5971/996/1286 5975/997/1286 5973/998/1286
f 5976/999/1285 5980/1000/1285 5978/1001/1285 5977/1002/1285
f 5980/1000/1285 5979/991/1285 5969/994/1285 5978/1001/1285
f 5971/996/1285 5976/999/1285 5977/1002/1285 5975/997/1285
f 5966/1003/1247 5965/1004/1247 5977/1005/1247 5978/1006/1247
f 5965/1004/1247 5963/1007/1247 5975/1008/1247 5977/1005/1247
f 5963/1007/1247 5961/1009/1247 5973/1010/1247 5975/1008/1247
f 5960/1011/1268 5959/1012/1268 5971/1013/1268 5972/1014/1268
f 5957/970/1247 5966/1003/1247 5978/1006/1247 5969/971/1247
f 5959/1012/1268 5964/981/1268 5976/982/1268 5971/1013/1268
f 5961/1015/1287 5960/1016/1287 5972/1017/1287 5973/1018/1287
f 5983/1019/1251 5984/1020/1251 5988/1021/1251 5987/1022/1251
f 5875/1023/1288 5873/1024/1288 5983/1025/1288 5981/1026/1288
f 5873/1027/1289 5877/1028/1289 5984/1020/1289 5983/1019/1289
f 5879/1029/1290 5875/1030/1290 5981/1031/1290 5982/1032/1290
f 5987/1033/1291 5988/1034/1291 5986/1035/1291 5985/1036/1291
f 5981/1026/1292 5983/1025/1292 5987/1037/1292 5985/1038/1292
f 5984/794/1293 5982/793/1293 5986/1039/1293 5988/1040/1293
f 5982/1032/1294 5981/1031/1294 5985/1041/1294 5986/1042/1294
f 5993/791/1295 6100/794/1295 6098/793/1295 5995/792/1295
f 6011/795/1296 6009/798/1296 5995/797/1296 5991/796/1296
f 6009/799/1297 6012/802/1297 5993/801/1297 5995/800/1297
f 5994/803/1237 5996/806/1237 5992/805/1237 5990/804/1237
f 6010/807/1298 6011/810/1298 5991/809/1298 5989/808/1298
f 6012/811/1299 6010/814/1299 5989/813/1299 5993/812/1299
f 6019/815/1240 6017/818/1240 5997/817/1240 6000/816/1240
f 6017/819/1300 6018/822/1300 5999/821/1300 5997/820/1300
f 6020/823/1301 6019/826/1301 6000/825/1301 5998/824/1301
f 6018/827/1243 6020/830/1243 5998/829/1243 5999/828/1243
f 6015/831/1302 6013/834/1302 6004/833/1302 6008/832/1302
f 6008/832/1245 6004/833/1245 6003/836/1245 6007/835/1245
f 6013/837/1303 6014/840/1303 6006/839/1303 6004/838/1303
f 6004/838/1268 6006/839/1268 6005/842/1268 6003/841/1268
f 6016/843/1304 6015/846/1304 6008/845/1304 6001/844/1304
f 6001/844/1305 6008/845/1305 6007/848/1305 6002/847/1305
f 6014/849/1306 6016/852/1306 6001/851/1306 6006/850/1306
f 6006/850/1251 6001/851/1251 6002/854/1251 6005/853/1251
f 6007/835/1307 6003/836/1307 6010/814/1307 6012/811/1307
f 6003/841/1308 6005/842/1308 6011/810/1308 6010/807/1308
f 6002/847/1309 6007/848/1309 6012/802/1309 6009/799/1309
f 6005/853/1310 6002/854/1310 6009/798/1310 6011/795/1310
f 5999/855/1311 5998/858/1311 6016/857/1311 6014/856/1311
f 5998/858/1312 6000/860/1312 6015/859/1312 6016/857/1312
f 5997/861/1313 5999/855/1313 6014/856/1313 6013/862/1313
f 6000/816/1314 5997/817/1314 6013/834/1314 6015/831/1314
f 6022/863/1260 6024/864/1260 6020/830/1260 6018/827/1260
f 6024/865/1315 6023/866/1315 6019/826/1315 6020/823/1315
f 6021/867/1316 6022/868/1316 6018/822/1316 6017/819/1316
f 6023/869/1263 6021/870/1263 6017/818/1263 6019/815/1263
f 5994/871/1264 5990/872/1264 6021/870/1264 6023/869/1264
f 5990/804/1317 5992/805/1317 6022/874/1317 6021/873/1317
f 5996/806/1318 5994/803/1318 6023/876/1318 6024/875/1318
f 5992/805/1267 5996/806/1267 6024/875/1267 6022/874/1267
f 6059/877/1247 6051/880/1247 6028/879/1247 6038/878/1247
f 6051/881/1269 6053/884/1269 6032/883/1269 6028/882/1269
f 6063/885/1268 6055/888/1268 6030/887/1268 6044/886/1268
f 6030/889/1270 6078/892/1270 6074/891/1270 6026/890/1270
f 6043/893/1271 6025/896/1271 6029/895/1271 6047/894/1271
f 6044/897/1272 6030/900/1272 6026/899/1272 6046/898/1272
f 6056/901/1278 6084/904/1278 6083/903/1278 6055/902/1278
f 6047/905/1268 6029/908/1268 6036/907/1268 6045/906/1268
f 6027/909/1274 6031/912/1274 6035/911/1274 6034/910/1274
f 6037/913/1247 6027/916/1247 6034/915/1247 6042/914/1247
f 6043/917/1247 6037/913/1247 6042/914/1247 6048/918/1247
f 6031/919/1268 6039/922/1268 6041/921/1268 6035/920/1268
f 6032/883/1275 6040/924/1275 6038/923/1275 6028/882/1275
f 6027/925/1271 6037/928/1271 6039/927/1271 6031/926/1271
f 6053/929/1268 6057/932/1268 6040/931/1268 6032/930/1268
f 6061/933/1247 6059/877/1247 6038/878/1247 6046/934/1247
f 6050/935/1247 6061/933/1247 6046/934/1247 6026/936/1247
f 6025/937/1247 6043/917/1247 6048/918/1247 6033/938/1247
f 6039/922/1268 6047/905/1268 6045/906/1268 6041/921/1268
f 6040/939/1276 6044/897/1276 6046/898/1276 6038/940/1276
f 6037/928/1271 6043/893/1271 6047/894/1271 6039/927/1271
f 6057/932/1268 6063/885/1268 6044/886/1268 6040/931/1268
f 6068/941/1268 6071/944/1268 6064/943/1268 6058/942/1268
f 6058/942/1268 6064/943/1268 6063/885/1268 6057/932/1268
f 6072/945/1247 6070/948/1247 6062/947/1247 6049/946/1247
f 6049/946/1247 6062/947/1247 6061/933/1247 6050/935/1247
f 6070/948/1247 6069/950/1247 6060/949/1247 6062/947/1247
f 6062/947/1247 6060/949/1247 6059/877/1247 6061/933/1247
f 6066/951/1268 6068/941/1268 6058/942/1268 6054/952/1268
f 6054/952/1268 6058/942/1268 6057/932/1268 6053/929/1268
f 6025/896/1277 6077/954/1277 6076/953/1277 6029/895/1277
f 6049/955/1273 6082/958/1273 6081/957/1273 6072/956/1273
f 6071/944/1268 6067/960/1268 6056/959/1268 6064/943/1268
f 6064/943/1268 6056/959/1268 6055/888/1268 6063/885/1268
f 6065/961/1279 6066/964/1279 6054/963/1279 6052/962/1279
f 6052/962/1280 6054/963/1280 6053/884/1280 6051/881/1280
f 6069/950/1247 6065/966/1247 6052/965/1247 6060/949/1247
f 6060/949/1247 6052/965/1247 6051/880/1247 6059/877/1247
f 6042/914/1247 6034/915/1247 6065/966/1247 6069/950/1247
f 6034/910/1281 6035/911/1281 6066/964/1281 6065/961/1281
f 6045/906/1268 6036/907/1268 6067/960/1268 6071/944/1268
f 6067/967/1278 6080/968/1278 6084/904/1278 6056/901/1278
f 6035/920/1268 6041/921/1268 6068/941/1268 6066/951/1268
f 6048/918/1247 6042/914/1247 6069/950/1247 6070/948/1247
f 6033/938/1247 6048/918/1247 6070/948/1247 6072/945/1247
f 6041/921/1268 6045/906/1268 6071/944/1268 6068/941/1268
f 6074/969/1268 6086/972/1268 6085/971/1268 6073/970/1268
f 6084/973/1247 6096/976/1247 6095/975/1247 6083/974/1247
f 6078/977/1282 6090/980/1282 6086/979/1282 6074/978/1282
f 6080/981/1247 6092/982/1247 6096/976/1247 6084/973/1247
f 6083/974/1247 6095/975/1247 6090/984/1247 6078/983/1247
f 6050/985/1273 6073/986/1273 6082/958/1273 6049/955/1273
f 6026/890/1273 6074/891/1273 6073/986/1273 6050/985/1273
f 6072/956/1273 6081/957/1273 6079/988/1273 6033/987/1273
f 6036/989/1278 6075/990/1278 6080/968/1278 6067/967/1278
f 6033/987/1284 6079/988/1284 6077/954/1284 6025/896/1284
f 6029/895/1283 6076/953/1283 6075/990/1283 6036/989/1283
f 6055/902/1278 6083/903/1278 6078/892/1278 6030/889/1278
f 6095/991/1285 6085/994/1285 6086/993/1285 6090/992/1285
f 6088/995/1286 6089/998/1286 6091/997/1286 6087/996/1286
f 6092/999/1285 6093/1002/1285 6094/1001/1285 6096/1000/1285
f 6096/1000/1285 6094/1001/1285 6085/994/1285 6095/991/1285
f 6087/996/1285 6091/997/1285 6093/1002/1285 6092/999/1285
f 6082/1003/1268 6094/1006/1268 6093/1005/1268 6081/1004/1268
f 6081/1004/1268 6093/1005/1268 6091/1008/1268 6079/1007/1268
f 6079/1007/1268 6091/1008/1268 6089/1010/1268 6077/1009/1268
f 6076/1011/1247 6088/1014/1247 6087/1013/1247 6075/1012/1247
f 6073/970/1268 6085/971/1268 6094/1006/1268 6082/1003/1268
f 6075/1012/1247 6087/1013/1247 6092/982/1247 6080/981/1247
f 6077/1015/1287 6089/1018/1287 6088/1017/1287 6076/1016/1287
f 6099/1019/1251 6103/1022/1251 6104/1021/1251 6100/1020/1251
f 5991/1023/1319 6097/1026/1319 6099/1025/1319 5989/1024/1319
f 5989/1027/1320 6099/1019/1320 6100/1020/1320 5993/1028/1320
f 5995/1029/1321 6098/1032/1321 6097/1031/1321 5991/1030/1321
f 6103/1033/1322 6101/1036/1322 6102/1035/1322 6104/1034/1322
f 6097/1026/1323 6101/1038/1323 6103/1037/1323 6099/1025/1323
f 6100/794/1324 6104/1040/1324 6102/1039/1324 6098/793/1324
f 6098/1032/1294 6102/1042/1294 6101/1041/1294 6097/1031/1294
